StudentID,Age,Gender,Ethnicity,ParentalEducation,StudyTimeWeekly,Absences,Tutoring,ParentalSupport,Extracurricular,Sports,Music,Volunteering,GPA,GradeClass,AttendanceRate,StudyCategory,ActivityScore,SupportScore,RiskScore,IsAtRisk,GPAGroup
1001,17,0,0,2,9.99,21,0,2,0,1,0,1,2.85,2,88.33,1,2,1.2,39.02,0,1
1002,18,0,1,2,14.93,1,0,4,1,0,1,0,3.63,0,99.44,1,2,2.4,21.55,0,3
1003,15,0,3,1,11.25,3,1,3,0,1,0,0,2.59,2,98.33,1,1,3.8,25.27,0,1
1004,17,0,0,3,1.67,12,0,3,0,1,1,1,2.66,2,93.33,0,3,1.8,42.92,0,1
1005,17,1,3,2,3.71,12,0,2,1,0,0,1,2.5,2,93.33,0,2,1.2,45.99,0,1
1006,18,0,0,4,4.39,22,1,3,0,1,1,1,2.33,3,87.78,0,3,3.8,33.19,0,1
1007,15,0,2,0,5.16,26,1,3,0,1,1,1,1.92,4,85.56,1,3,3.8,34.03,0,0
1008,15,0,2,3,11.31,21,0,4,1,0,0,0,3.54,0,88.33,1,1,2.4,32.69,0,3
1009,17,1,0,3,10.08,24,0,2,1,0,0,0,2.76,2,86.67,1,1,1.2,42.21,0,1
1010,16,0,1,3,4.06,26,0,2,1,1,1,0,2.07,3,85.56,0,3,1.2,46.85,0,1
1011,17,0,0,4,1.35,22,1,3,1,0,0,1,2.32,3,87.78,0,2,3.8,39.52,0,1
1012,17,1,2,3,3.43,16,1,3,1,0,0,1,2.88,2,91.11,0,2,3.8,34.35,0,1
1013,17,1,1,4,19.69,5,0,1,1,0,1,0,3.69,0,97.22,2,2,0.6,24.41,0,3
1014,17,0,1,2,9.37,10,1,2,1,1,1,1,2.63,2,94.44,1,4,3.2,24.11,0,1
1015,18,0,0,2,17.35,18,0,4,1,0,0,1,3.36,1,90.0,2,2,2.4,22.5,0,2
1016,15,0,0,0,16.98,15,0,2,0,1,0,1,3.6,0,91.67,2,2,1.2,27.24,0,3
1017,18,0,0,0,10.23,7,0,2,0,1,1,1,3.14,1,96.11,1,3,1.2,32.77,0,2
1018,18,0,0,1,14.13,28,0,2,1,0,1,0,2.23,3,84.44,1,2,1.2,36.75,0,1
1019,18,1,1,1,3.86,0,1,2,0,0,1,0,2.92,2,100.0,0,1,3.2,35.83,0,1
1020,17,1,3,1,13.77,9,0,3,0,1,0,1,2.87,2,95.0,1,2,1.8,29.18,0,1
1021,16,0,2,1,5.45,1,0,2,1,1,1,0,2.66,2,99.44,1,3,1.2,38.78,0,1
1022,15,0,1,0,16.64,18,0,2,1,1,0,0,2.81,2,90.0,2,2,1.2,30.22,0,1
1023,16,1,3,4,1.67,13,0,1,0,1,0,0,2.37,3,92.78,0,1,0.6,54.29,1,1
1024,18,0,2,0,15.46,2,0,4,1,0,0,1,2.73,2,98.89,2,2,2.4,23.33,0,1
1025,18,0,3,3,2.0,22,0,4,0,1,1,0,2.91,2,87.78,0,2,2.4,43.59,0,1
1026,16,0,1,1,17.62,28,0,3,1,0,1,0,3.27,1,84.44,2,2,1.8,27.06,0,2
1027,16,0,0,4,6.08,23,0,3,1,1,1,0,3.28,1,87.22,1,3,1.8,37.99,0,2
1028,16,0,0,4,13.09,30,1,2,0,1,1,0,2.37,3,83.33,1,2,3.2,29.0,0,1
1029,18,1,2,3,9.75,8,1,4,1,1,0,1,3.79,0,95.56,1,3,4.4,17.39,0,3
1030,18,0,0,3,7.33,22,0,3,1,1,0,1,3.56,0,87.78,1,3,1.8,35.53,0,3
1031,15,0,0,0,12.91,7,0,3,0,1,0,1,2.46,3,96.11,1,2,1.8,30.89,0,1
1032,15,0,1,4,18.95,10,1,2,0,0,0,0,2.86,2,94.44,2,0,3.2,21.56,0,1
1033,18,1,1,4,0.83,14,0,2,0,0,1,1,2.06,3,92.22,0,2,1.2,51.08,1,1
1034,16,1,1,4,18.38,5,0,3,1,0,0,1,2.8,2,97.22,2,2,1.8,22.82,0,1
1035,16,1,0,3,12.18,1,0,2,0,0,1,0,3.83,0,99.44,1,1,1.2,32.44,0,3
1036,15,1,0,2,16.15,0,1,2,0,0,0,0,2.85,2,100.0,2,0,3.2,23.14,0,1
1037,18,0,1,4,7.68,2,0,3,1,1,1,1,3.54,0,98.89,1,4,1.8,28.76,0,3
1038,15,1,3,1,9.44,24,0,2,0,1,0,1,1.81,4,86.67,1,2,1.2,42.89,0,0
1039,15,0,2,2,17.38,28,0,3,0,1,0,0,2.14,3,84.44,2,1,1.8,32.69,0,1
1040,17,0,3,1,8.3,22,1,1,1,1,0,0,2.27,3,87.78,1,2,2.6,36.41,0,1
1041,17,1,2,4,10.69,17,0,3,0,1,0,0,3.22,1,90.56,1,1,1.8,36.21,0,2
1042,17,1,1,1,0.4,13,0,1,1,0,0,1,2.37,3,92.78,0,2,0.6,53.37,1,1
1043,16,1,0,1,3.17,16,0,4,1,1,0,1,2.7,2,91.11,0,3,2.4,38.99,0,1
1044,18,1,2,2,12.83,1,0,2,1,0,0,0,2.69,2,99.44,1,1,1.2,34.48,0,1
1045,18,1,1,3,14.34,30,0,3,1,0,0,0,2.49,3,83.33,1,1,1.8,36.0,0,1
1046,18,0,1,3,11.65,18,0,2,1,0,1,1,2.29,3,90.0,1,3,1.2,35.26,0,1
1047,18,1,1,1,2.87,29,0,1,1,0,1,0,2.61,2,83.89,0,2,0.6,52.8,1,1
1048,17,1,1,0,8.91,21,1,3,0,0,0,0,2.92,2,88.33,1,0,3.8,33.37,0,1
1049,16,1,0,3,7.1,27,0,4,0,0,1,0,2.55,2,85.0,1,1,2.4,41.59,0,1
1050,16,0,1,4,9.91,8,1,1,1,1,1,1,2.97,2,95.56,1,4,2.6,24.92,0,1
1051,17,1,0,3,17.41,7,0,2,0,1,1,0,3.3,1,96.11,2,2,1.2,25.89,0,2
1052,16,0,2,2,15.52,9,1,2,1,1,0,1,3.69,0,95.0,2,3,3.2,16.08,0,3
1053,17,1,0,4,1.68,8,1,2,1,1,0,0,2.64,2,95.56,0,2,3.2,38.31,0,1
1054,18,1,0,2,17.81,26,0,4,0,0,1,1,3.3,1,85.56,2,2,2.4,23.63,0,2
1055,17,0,1,2,9.44,26,1,2,1,1,0,0,2.43,3,85.56,1,2,3.2,32.63,0,1
1056,18,1,2,2,14.88,7,0,3,1,0,0,1,3.01,1,96.11,1,2,1.8,27.05,0,2
1057,18,0,1,2,2.8,6,1,2,0,0,0,0,2.77,2,96.67,0,0,3.2,41.2,0,1
1058,15,0,0,3,13.41,21,0,2,1,0,0,0,3.37,1,88.33,1,1,1.2,35.94,0,2
1059,17,0,1,2,4.73,23,0,1,0,1,1,0,2.22,3,87.22,0,2,0.6,50.28,1,1
1060,15,1,0,2,8.77,5,0,2,1,1,1,1,1.96,4,97.22,1,4,1.2,34.66,0,0
1061,17,1,3,1,0.34,1,0,2,1,0,0,1,2.26,3,99.44,0,2,1.2,48.67,0,1
1062,17,1,3,0,3.03,28,1,0,1,0,0,0,3.26,1,84.44,0,1,2.0,46.92,0,2
1063,15,0,1,2,1.84,8,0,3,0,1,0,1,1.96,4,95.56,0,2,1.8,46.17,0,0
1064,15,1,0,1,4.79,8,0,2,0,1,0,1,1.8,4,95.56,0,2,1.2,45.61,0,0
1065,17,0,2,1,2.0,18,1,1,1,0,0,0,2.95,2,90.0,0,1,2.6,44.31,0,1
1066,16,1,0,3,13.84,8,1,1,1,0,1,0,3.48,1,95.56,1,2,2.6,23.74,0,2
1067,18,0,1,3,0.58,1,1,1,1,0,0,0,2.71,2,99.44,0,1,2.6,43.38,0,1
1068,15,0,0,3,12.35,27,1,2,1,0,0,1,3.12,1,85.0,1,2,3.2,27.47,0,2
1069,18,0,3,2,2.81,29,0,2,1,1,0,0,2.17,3,83.89,0,2,1.2,51.25,1,1
1070,16,1,0,4,18.9,18,0,4,0,1,0,0,2.71,2,90.0,2,1,2.4,24.69,0,1
1071,16,0,1,4,18.66,15,0,4,1,1,0,0,4.0,0,91.67,2,2,2.4,18.68,0,3
1072,16,0,2,3,4.51,29,1,3,1,0,0,1,2.37,3,83.89,0,2,3.8,36.8,0,1
1073,15,0,1,3,12.29,21,0,2,0,1,0,0,2.11,3,88.33,1,1,1.2,40.49,0,1
1074,16,0,0,2,0.56,13,0,2,1,0,1,0,1.75,4,92.78,0,2,1.2,52.0,1,0
1075,15,0,3,4,18.64,19,0,4,1,0,0,1,3.85,0,89.44,2,2,2.4,19.86,0,3
1076,16,0,1,1,10.46,23,0,3,0,0,0,1,2.76,2,87.22,1,1,1.8,38.82,0,1
1077,18,1,1,1,0.86,0,0,2,0,1,1,1,3.22,1,100.0,0,3,1.2,42.92,0,2
1078,18,1,0,2,6.85,12,0,2,1,1,1,1,3.75,0,93.33,1,4,1.2,33.94,0,3
1079,17,0,1,1,1.54,21,0,2,0,0,0,0,2.13,3,88.33,0,0,1.2,56.38,1,1
1080,18,1,1,4,7.86,1,0,3,1,1,0,0,4.0,0,99.44,1,2,1.8,32.19,0,3
1081,17,1,0,2,13.4,21,1,4,1,0,1,1,3.05,1,88.33,1,3,4.4,17.21,0,2
1082,18,0,0,2,9.4,13,1,1,0,1,1,1,2.96,2,92.78,1,3,2.6,29.06,0,1
1083,15,0,2,3,7.67,0,0,1,1,1,0,0,3.67,0,100.0,1,2,0.6,38.51,0,3
1084,18,0,0,2,2.38,14,1,2,0,0,0,0,2.75,2,92.22,0,0,3.2,43.33,0,1
1085,17,1,0,0,4.9,17,1,2,0,0,0,0,3.06,1,90.56,0,0,3.2,39.98,0,2
1086,17,0,1,3,2.0,8,0,3,0,0,0,1,2.58,2,95.56,0,1,1.8,46.92,0,1
1087,16,1,2,3,16.15,21,1,3,1,1,1,0,3.35,1,88.33,2,3,3.8,15.75,0,2
1088,15,0,0,2,2.7,7,1,2,0,0,0,1,3.58,0,96.11,0,1,3.2,36.99,0,3
1089,18,1,1,3,11.91,6,0,3,0,0,0,0,3.37,1,96.67,1,0,1.8,34.67,0,2
1090,16,0,0,1,6.85,8,0,2,1,0,0,0,2.56,2,95.56,1,1,1.2,43.64,0,1
1091,18,0,0,1,4.52,8,0,3,1,0,0,1,2.84,2,95.56,0,2,1.8,40.62,0,1
1092,18,1,0,1,12.79,10,1,3,0,1,0,1,2.93,2,94.44,1,2,3.8,21.36,0,1
1093,16,1,2,2,9.14,3,0,2,0,1,0,1,2.94,2,98.33,1,2,1.2,36.35,0,1
1094,16,1,0,3,8.0,6,1,3,1,1,1,0,3.95,0,96.67,1,3,3.8,21.52,0,3
1095,16,1,0,3,11.86,20,0,2,1,0,1,0,2.88,2,88.89,1,2,1.2,36.41,0,1
1096,16,1,1,2,9.83,6,0,2,1,1,0,0,3.38,1,96.67,1,2,1.2,34.97,0,2
1097,16,1,2,2,6.07,3,0,2,0,0,0,1,3.13,1,98.33,1,1,1.2,42.22,0,2
1098,18,0,0,3,11.18,11,0,2,0,0,0,1,3.57,0,93.89,1,1,1.2,36.28,0,3
1099,16,1,1,1,13.39,25,1,3,1,0,1,0,2.37,3,86.11,1,2,3.8,24.93,0,1
1100,15,0,0,1,0.53,26,1,2,1,1,1,0,2.61,2,85.56,0,3,3.2,40.82,0,1
1101,17,0,1,4,9.32,26,0,3,1,1,0,1,3.73,0,85.56,1,3,1.8,33.4,0,3
1102,16,1,1,3,1.15,16,0,4,1,1,0,1,2.46,3,91.11,0,3,2.4,42.11,0,1
1103,16,0,1,4,3.73,19,1,2,1,1,1,0,3.95,0,89.44,0,3,3.2,32.11,0,3
1104,18,1,0,2,11.21,30,1,0,0,1,0,0,2.13,3,83.33,1,1,2.0,39.91,0,1
1105,16,1,0,3,17.32,28,1,0,1,0,1,1,2.7,2,84.44,2,3,2.0,25.46,0,1
1106,16,0,0,1,17.66,25,0,1,0,0,1,0,3.08,1,86.11,2,1,0.6,34.86,0,2
1107,16,0,0,1,1.4,30,1,1,1,0,1,1,2.46,3,83.33,0,3,2.6,43.62,0,1
1108,18,1,0,2,8.38,2,1,3,1,0,0,1,2.19,3,98.89,1,2,3.8,27.17,0,1
1109,16,1,2,2,11.66,8,0,2,1,1,0,1,3.19,1,95.56,1,3,1.2,31.05,0,2
1110,17,0,3,1,2.94,4,0,3,0,1,0,0,2.87,2,97.78,0,1,1.8,44.25,0,1
1111,18,0,3,1,15.31,19,0,0,1,0,1,1,2.42,3,89.44,2,3,0.0,36.01,0,1
1112,17,0,3,0,14.88,15,1,2,0,0,0,1,2.82,2,91.67,1,1,3.2,25.22,0,1
1113,18,0,1,3,18.07,7,0,2,0,0,0,1,2.13,3,96.11,2,1,1.2,30.49,0,1
1114,16,1,2,2,0.17,30,0,2,1,0,0,1,2.03,3,83.33,0,2,1.2,55.09,1,1
1115,17,1,0,1,4.33,20,0,1,1,1,0,1,2.84,2,88.89,0,3,0.6,46.15,0,1
1116,18,1,1,1,16.54,15,0,3,1,0,1,0,3.07,1,91.67,2,2,1.8,26.38,0,2
1117,15,1,1,1,13.41,18,0,3,1,0,1,0,3.37,1,90.0,1,2,1.8,30.13,0,2
1118,16,0,1,3,17.89,15,1,1,0,0,1,0,4.0,0,91.67,2,1,2.6,21.23,0,3
1119,18,0,2,1,1.14,17,0,3,0,1,1,0,2.16,3,90.56,0,2,1.8,48.3,0,1
1120,15,1,0,3,11.94,14,0,2,0,0,0,1,2.45,3,92.22,1,1,1.2,38.72,0,1
1121,18,1,0,0,11.38,23,0,2,1,0,1,0,3.08,1,87.22,1,2,1.2,37.09,0,2
1122,15,1,3,1,0.71,27,0,3,1,1,0,1,2.34,3,85.0,0,3,1.8,47.83,0,1
1123,16,1,0,4,10.27,17,0,4,1,0,0,0,2.91,2,90.56,1,1,2.4,34.78,0,1
1124,17,1,1,3,12.19,13,0,3,1,1,0,1,4.0,0,92.78,1,3,1.8,26.61,0,3
1125,15,1,3,1,3.83,23,0,1,1,0,1,0,3.01,1,87.22,0,2,0.6,49.43,0,2
1126,18,1,1,3,5.47,15,1,4,0,1,0,1,3.12,1,91.67,1,2,4.4,28.28,0,2
1127,16,1,1,2,12.81,4,0,3,0,0,1,1,3.38,1,97.78,1,2,1.8,28.13,0,2
1128,15,1,0,3,9.37,7,1,2,1,0,1,0,3.22,1,96.11,1,2,3.2,27.05,0,2
1129,18,0,0,3,17.16,15,0,4,1,0,0,1,2.52,2,91.67,2,2,2.4,24.26,0,1
1130,18,1,3,3,6.85,20,0,3,1,1,0,0,2.94,2,88.89,1,2,1.8,39.79,0,1
1131,18,0,1,4,5.33,0,1,3,1,1,1,0,3.21,1,100.0,1,3,3.8,25.54,0,2
1132,15,0,1,1,19.7,27,0,3,1,0,0,1,2.54,2,85.0,2,2,1.8,26.09,0,1
1133,15,1,0,3,18.22,28,1,2,0,0,1,0,2.77,2,84.44,2,1,3.2,23.7,0,1
1134,15,1,0,2,0.58,10,0,3,0,1,0,1,2.1,3,94.44,0,2,1.8,47.79,0,1
1135,17,0,3,0,15.41,29,0,1,1,1,1,0,1.78,4,83.89,2,3,0.6,36.7,0,0
1136,15,0,0,0,2.21,10,0,4,0,1,1,0,2.39,3,94.44,0,2,2.4,42.3,0,1
1137,15,1,1,1,0.55,1,1,3,1,0,0,1,2.55,2,99.44,0,2,3.8,35.86,0,1
1138,15,0,0,3,5.47,29,1,3,0,1,0,0,3.66,0,83.89,1,1,3.8,34.88,0,3
1139,17,1,2,2,5.39,21,0,2,1,0,0,0,3.26,1,88.33,1,1,1.2,46.24,0,2
1140,15,1,3,2,16.39,18,0,3,0,1,0,0,2.73,2,90.0,2,1,1.8,30.51,0,1
1141,18,1,1,0,14.21,23,0,2,0,1,1,0,2.94,2,87.22,1,2,1.2,33.91,0,1
1142,15,0,0,2,19.63,4,1,3,1,1,0,0,3.45,1,97.78,2,2,3.8,10.34,0,2
1143,18,0,1,4,14.23,2,0,3,0,1,1,1,3.06,1,98.89,1,3,1.8,24.27,0,2
1144,18,1,2,2,8.37,27,0,1,0,0,1,1,2.01,3,85.0,1,2,0.6,47.04,0,1
1145,18,0,1,3,13.98,25,0,2,1,1,1,0,2.65,2,86.11,1,3,1.2,32.81,0,1
1146,17,0,3,3,19.99,22,1,2,1,0,0,0,2.87,2,87.78,2,1,3.2,20.07,0,1
1147,17,0,1,3,14.2,29,0,2,0,1,0,0,2.62,2,83.89,1,1,1.2,38.38,0,1
1148,17,0,3,2,15.23,7,1,2,0,0,1,1,4.0,0,96.11,2,2,3.2,17.78,0,3
1149,15,0,1,4,18.77,3,1,2,1,1,1,1,3.47,1,98.33,2,4,3.2,8.9,0,2
1150,18,0,0,2,2.27,28,0,2,1,1,0,1,1.79,4,84.44,0,3,1.2,50.18,1,0
1151,17,0,0,4,14.1,12,0,3,1,1,0,1,3.05,1,93.33,1,3,1.8,26.4,0,2
1152,17,1,0,1,17.02,26,0,4,0,0,0,0,3.42,1,85.56,2,0,2.4,29.32,0,2
1153,15,0,3,1,19.09,24,0,3,1,0,1,0,3.92,0,86.67,2,2,1.8,22.82,0,3
1154,17,0,2,1,4.22,21,0,0,0,0,1,0,1.65,4,88.33,0,1,0.0,57.18,1,0
1155,15,0,2,3,10.08,13,1,3,0,0,0,0,3.08,1,92.78,1,0,3.8,29.95,0,2
1156,16,0,0,2,13.61,0,1,2,0,0,1,0,3.45,1,100.0,1,1,3.2,22.32,0,2
1157,17,0,0,1,4.95,4,1,3,0,0,0,0,3.49,1,97.78,0,0,3.8,33.59,0,2
1158,16,0,2,1,12.01,20,1,2,1,0,1,1,2.8,2,88.89,1,3,3.2,24.83,0,1
1159,15,0,1,4,5.15,6,0,0,0,0,1,1,2.78,2,96.67,1,2,0.0,47.78,0,1
1160,18,0,0,3,6.67,22,0,3,1,0,1,0,2.52,2,87.78,1,2,1.8,41.46,0,1
1161,17,1,1,2,8.83,5,0,2,1,1,1,0,2.31,3,97.22,1,3,1.2,36.21,0,1
1162,15,0,0,3,10.58,14,0,4,0,0,0,1,3.48,1,92.22,1,1,2.4,32.39,0,2
1163,18,0,0,2,8.99,14,0,3,1,0,1,0,2.39,3,92.22,1,2,1.8,37.33,0,1
1164,18,0,1,2,9.86,7,0,2,1,0,1,0,2.14,3,96.11,1,2,1.2,38.23,0,1
1165,16,0,0,4,5.97,1,1,3,1,1,1,0,3.05,1,99.44,1,3,3.8,25.34,0,2
1166,15,1,3,1,3.18,13,1,2,0,1,0,0,1.9,4,92.78,0,1,3.2,41.76,0,0
1167,18,1,0,2,0.95,28,1,1,0,1,0,0,2.21,3,84.44,0,1,2.6,49.42,0,1
1168,17,1,0,2,3.92,15,0,2,0,1,0,0,2.39,3,91.67,0,1,1.2,49.09,0,1
1169,17,1,0,2,11.64,28,1,2,1,0,0,0,2.7,2,84.44,1,1,3.2,32.1,0,1
1170,16,1,2,2,15.72,22,0,0,0,0,0,0,2.39,3,87.78,2,0,0.0,43.65,0,1
1171,18,1,1,2,3.38,9,0,2,1,0,0,0,2.74,2,95.0,0,1,1.2,47.72,0,1
1172,15,1,1,1,2.17,14,0,2,0,0,1,1,3.51,0,92.22,0,2,1.2,45.78,0,3
1173,17,1,0,2,14.99,22,0,0,1,1,1,1,1.46,4,87.78,1,4,0.0,36.89,0,0
1174,18,1,0,1,6.1,3,1,3,1,0,0,1,3.84,0,98.33,1,2,3.8,26.09,0,3
1175,18,1,1,1,19.03,11,0,1,0,1,0,1,2.25,3,93.89,2,2,0.6,30.0,0,1
1176,16,1,2,1,14.29,9,0,2,1,1,1,0,3.21,1,95.0,1,3,1.2,27.91,0,2
1177,17,1,3,3,6.54,1,0,2,1,0,0,0,3.61,0,99.44,1,1,1.2,40.04,0,3
1178,17,1,0,2,5.79,3,1,1,1,0,1,1,2.9,2,98.33,1,3,2.6,31.78,0,1
1179,15,1,1,3,10.47,19,0,4,1,0,1,1,3.07,1,89.44,1,3,2.4,29.52,0,2
1180,17,1,3,3,1.58,27,1,3,1,1,0,0,3.03,1,85.0,0,2,3.8,38.43,0,2
1181,15,1,0,3,2.35,27,1,3,1,1,1,1,3.26,1,85.0,0,4,3.8,31.89,0,2
1182,17,0,2,2,3.52,5,1,2,1,1,0,1,2.39,3,97.22,0,3,3.2,33.55,0,1
1183,16,1,0,2,15.49,13,0,3,0,0,0,1,3.23,1,92.78,2,1,1.8,29.41,0,2
1184,17,0,3,2,10.28,22,0,4,0,0,1,0,2.78,2,87.78,1,1,2.4,36.07,0,1
1185,15,1,2,3,0.21,2,0,2,0,1,1,1,3.09,1,98.89,0,3,1.2,44.45,0,2
1186,15,1,3,2,13.47,14,1,2,0,0,1,1,3.3,1,92.22,1,2,3.2,23.09,0,2
1187,16,0,2,3,8.47,25,1,2,1,0,1,0,2.76,2,86.11,1,2,3.2,32.83,0,1
1188,17,1,0,4,10.22,0,0,4,1,1,1,1,3.36,1,100.0,1,4,2.4,22.92,0,2
1189,17,0,3,1,4.28,18,0,2,1,0,1,0,2.83,2,90.0,0,2,1.2,45.62,0,1
1190,16,0,0,1,11.04,24,0,3,0,1,1,0,2.48,3,86.67,1,2,1.8,36.48,0,1
1191,17,0,0,3,19.58,0,1,1,1,1,1,1,3.84,0,100.0,2,4,2.6,9.11,0,3
1192,17,1,2,2,1.47,12,0,4,1,1,0,1,2.44,3,93.33,0,3,2.4,40.99,0,1
1193,15,1,2,0,5.68,7,1,3,1,1,1,1,3.99,0,96.11,1,4,3.8,22.01,0,3
1194,17,1,3,4,4.86,17,1,4,0,1,0,1,3.28,1,90.56,0,2,4.4,29.03,0,2
1195,17,0,0,1,4.97,21,0,4,0,1,0,1,2.8,2,88.33,0,2,2.4,39.96,0,1
1196,16,0,2,4,7.57,2,0,3,0,1,0,1,2.85,2,98.89,1,2,1.8,35.62,0,1
1197,16,1,2,3,16.36,22,1,3,1,0,0,1,3.06,1,87.78,2,2,3.8,18.9,0,2
1198,18,1,0,3,18.26,17,0,3,0,0,0,0,3.26,1,90.56,2,0,1.8,29.15,0,2
1199,15,1,0,1,4.04,19,0,2,1,0,0,1,3.15,1,89.44,0,2,1.2,45.32,0,2
1200,17,1,0,1,10.86,25,0,2,0,0,0,0,1.98,4,86.11,1,0,1.2,45.88,0,0
1201,17,1,0,2,12.74,8,0,1,0,0,0,1,2.21,3,95.56,1,1,0.6,39.88,0,1
1202,18,0,3,1,10.44,5,1,2,0,0,0,1,2.82,2,97.22,1,1,3.2,28.83,0,1
1203,17,0,1,2,8.68,19,0,4,1,0,1,0,2.65,2,89.44,1,2,2.4,35.31,0,1
1204,15,0,2,2,3.84,1,0,2,1,0,1,1,2.68,2,99.44,0,3,1.2,40.74,0,1
1205,18,1,3,1,9.76,25,1,3,1,1,0,1,3.07,1,86.11,1,3,3.8,25.21,0,2
1206,15,0,0,1,8.02,29,0,1,0,1,1,0,2.51,2,83.89,1,2,0.6,46.61,0,1
1207,18,0,2,3,15.91,24,0,2,0,1,0,0,2.71,2,86.67,2,1,1.2,35.05,0,1
1208,18,0,1,1,15.27,30,1,1,1,0,0,0,3.36,1,83.33,2,1,2.6,29.03,0,2
1209,16,0,3,0,2.68,3,1,2,0,0,1,0,3.99,0,98.33,0,1,3.2,35.21,0,3
1210,15,0,0,3,1.77,24,0,0,0,0,1,1,2.62,2,86.67,0,2,0.0,55.9,1,1
1211,17,1,3,4,18.16,29,0,3,0,0,1,0,3.14,1,83.89,2,1,1.8,29.41,0,2
1212,17,0,0,2,10.71,17,1,3,0,0,0,1,3.02,1,90.56,1,1,3.8,27.59,0,2
1213,15,1,0,1,17.16,6,0,3,0,1,0,0,2.57,2,96.67,2,1,1.8,27.61,0,1
1214,17,1,2,2,1.16,26,0,3,0,1,0,0,2.94,2,85.56,0,1,1.8,50.57,1,1
1215,17,1,0,4,10.53,10,0,4,1,0,0,0,3.0,1,94.44,1,1,2.4,32.87,0,2
1216,15,1,1,3,10.79,4,0,3,1,1,0,0,3.1,1,97.78,1,2,1.8,31.36,0,2
1217,18,1,1,3,17.21,7,1,1,1,1,0,1,3.33,1,96.11,2,3,2.6,17.21,0,2
1218,15,0,2,2,1.95,10,0,2,0,1,0,1,2.08,3,94.44,0,2,1.2,48.85,0,1
1219,18,0,0,2,4.81,29,1,0,1,0,0,1,3.1,1,83.89,0,2,2.0,42.79,0,2
1220,17,1,0,1,8.13,23,0,2,0,1,0,1,2.99,2,87.22,1,2,1.2,41.38,0,1
1221,17,1,0,3,17.32,29,0,2,1,0,0,1,2.39,3,83.89,2,2,1.2,32.56,0,1
1222,17,1,1,3,18.78,29,1,4,1,0,0,0,2.59,2,83.89,2,1,4.4,18.19,0,1
1223,16,0,0,4,19.85,19,0,2,1,1,1,0,2.71,2,89.44,2,3,1.2,24.15,0,1
1224,18,1,0,1,19.18,28,0,3,1,0,1,0,2.44,3,84.44,2,2,1.8,27.19,0,1
1225,16,0,0,0,0.12,19,0,2,0,1,0,0,1.8,4,89.44,0,1,1.2,56.09,1,0
1226,16,1,0,2,0.95,14,0,1,1,1,0,0,2.67,2,92.22,0,2,0.6,52.13,1,1
1227,15,0,1,3,2.95,23,0,3,1,0,0,0,2.74,2,87.22,0,1,1.8,48.25,0,1
1228,16,1,3,3,6.98,2,0,2,1,0,0,1,2.37,3,98.89,1,2,1.2,40.28,0,1
1229,15,0,0,1,16.6,6,1,4,1,0,0,1,4.0,0,96.67,2,2,4.4,10.42,0,3
1230,15,1,1,1,17.85,23,0,1,0,0,0,1,2.21,3,87.22,2,1,0.6,36.41,0,1
1231,16,0,2,2,3.74,7,1,4,0,0,0,1,2.04,3,96.11,0,1,4.4,34.09,0,1
1232,18,0,1,2,12.39,10,0,3,1,0,0,1,3.34,1,94.44,1,2,1.8,29.93,0,2
1233,18,0,2,4,18.35,9,0,3,0,0,0,0,3.23,1,95.0,2,0,1.8,27.56,0,2
1234,18,0,1,2,9.27,19,0,4,0,1,1,0,2.67,2,89.44,1,2,2.4,34.52,0,1
1235,18,0,1,3,2.07,8,0,2,1,0,0,0,2.81,2,95.56,0,1,1.2,48.99,0,1
1236,18,0,0,2,9.16,14,0,1,0,1,1,1,2.72,2,92.22,1,3,0.6,39.25,0,1
1237,16,0,2,3,7.52,25,0,1,1,0,1,0,2.9,2,86.11,1,2,0.6,45.48,0,1
1238,16,1,2,2,11.55,19,1,2,1,1,0,0,2.82,2,89.44,1,2,3.2,27.66,0,1
1239,17,1,0,3,8.77,23,0,2,0,1,0,0,2.41,3,87.22,1,1,1.2,44.53,0,1
1240,18,1,0,1,0.35,21,0,4,1,0,0,0,2.64,2,88.33,0,1,2.4,48.64,0,1
1241,16,1,3,2,19.88,4,0,1,0,1,0,1,3.55,0,97.78,2,2,0.6,24.32,0,3
1242,17,1,1,1,10.87,14,1,4,0,1,0,1,3.04,1,92.22,1,2,4.4,21.54,0,2
1243,18,0,1,2,9.47,3,0,4,0,1,0,1,3.11,1,98.33,1,2,2.4,30.06,0,2
1244,15,0,3,2,19.09,4,0,3,1,0,0,1,3.93,0,97.78,2,2,1.8,18.91,0,3
1245,17,0,2,1,3.12,30,0,4,1,1,0,0,2.5,2,83.33,0,2,2.4,44.78,0,1
1246,16,0,1,4,3.78,28,0,3,1,1,0,0,1.87,4,84.44,0,2,1.8,47.86,0,0
1247,15,0,2,1,16.16,14,0,2,1,1,1,1,3.01,1,92.22,2,4,1.2,24.54,0,2
1248,15,1,3,3,5.22,26,0,3,0,1,1,0,2.63,2,85.56,1,2,1.8,43.77,0,1
1249,15,1,1,4,15.98,16,0,3,1,0,1,0,3.24,1,91.11,2,2,1.8,26.85,0,2
1250,17,1,1,0,5.43,22,0,1,1,0,0,1,2.51,2,87.78,1,2,0.6,48.49,0,1
1251,16,1,0,3,0.66,7,1,1,0,0,0,1,2.81,2,96.11,0,1,2.6,44.19,0,1
1252,15,0,3,1,10.34,27,0,2,1,0,0,0,2.7,2,85.0,1,1,1.2,42.62,0,1
1253,18,0,2,0,3.93,24,0,1,1,0,1,1,1.74,4,86.67,0,3,0.6,50.18,1,0
1254,15,0,0,2,15.16,28,0,4,1,0,1,0,3.99,0,84.44,2,2,2.4,25.61,0,3
1255,15,1,3,4,12.82,18,0,2,0,0,0,1,2.93,2,90.0,1,1,1.2,37.2,0,1
1256,17,0,1,0,18.47,30,0,2,1,0,1,1,2.15,3,83.33,2,3,1.2,29.42,0,1
1257,17,1,0,2,15.66,8,0,1,0,1,1,1,2.27,3,95.56,2,3,0.6,31.08,0,1
1258,16,0,1,2,3.62,9,0,2,1,0,1,0,2.97,2,95.0,0,2,1.2,44.35,0,1
1259,18,0,1,4,16.0,4,0,2,0,1,1,1,3.06,1,97.78,2,3,1.2,25.17,0,2
1260,17,1,3,1,12.83,9,1,1,1,0,0,0,3.12,1,95.0,1,1,2.6,28.59,0,2
1261,15,0,0,3,13.38,21,0,4,0,1,0,0,4.0,0,88.33,1,1,2.4,28.95,0,3
1262,16,0,2,3,16.65,0,0,2,1,0,0,0,3.25,1,100.0,2,1,1.2,28.11,0,2
1263,15,1,1,3,11.48,24,0,3,0,1,1,0,3.36,1,86.67,1,2,1.8,33.73,0,2
1264,15,0,0,4,9.32,24,0,1,1,1,1,0,2.19,3,86.67,1,3,0.6,42.31,0,1
1265,17,1,3,3,12.73,21,0,4,1,1,1,0,3.12,1,88.33,1,3,2.4,26.96,0,2
1266,16,0,1,0,5.96,23,0,3,1,1,0,0,2.11,3,87.22,1,2,1.8,43.57,0,1
1267,18,0,0,2,3.65,3,0,3,0,0,0,1,2.31,3,98.33,0,1,1.8,44.57,0,1
1268,18,0,1,2,12.33,20,0,3,0,1,1,0,2.94,2,88.89,1,2,1.8,32.94,0,1
1269,17,0,3,2,4.68,4,0,3,0,0,0,0,3.62,0,97.78,0,0,1.8,42.7,0,3
1270,17,0,0,2,1.6,22,1,1,1,0,0,1,3.03,1,87.78,0,2,2.6,42.88,0,2
1271,16,0,0,2,0.01,6,0,2,1,0,1,0,4.0,0,96.67,0,2,1.2,45.7,0,3
1272,18,0,0,2,12.17,22,0,2,1,0,0,0,2.69,2,87.78,1,1,1.2,39.38,0,1
1273,18,0,0,4,7.24,4,0,2,0,1,1,0,3.18,1,97.78,1,2,1.2,38.32,0,2
1274,18,1,2,1,15.05,19,0,2,0,1,0,0,3.12,1,89.44,2,1,1.2,34.13,0,2
1275,15,1,1,4,7.5,7,0,3,1,1,0,1,3.13,1,96.11,1,3,1.8,33.48,0,2
1276,18,0,0,2,9.72,16,0,2,0,0,0,0,3.17,1,91.11,1,0,1.2,42.58,0,2
1277,15,0,0,3,8.14,0,0,2,0,1,1,0,2.78,2,100.0,1,2,1.2,37.42,0,1
1278,16,1,0,3,13.01,21,0,4,0,1,1,0,2.63,2,88.33,1,2,2.4,30.34,0,1
1279,15,0,3,2,7.12,17,0,4,0,0,0,0,2.54,2,90.56,1,0,2.4,42.14,0,1
1280,16,0,0,2,19.28,11,0,4,0,0,0,0,2.69,2,93.89,2,0,2.4,25.4,0,1
1281,18,1,3,2,18.72,2,1,3,1,0,0,0,2.59,2,98.89,2,1,3.8,15.74,0,1
1282,18,0,1,2,16.96,19,1,1,0,0,1,1,2.9,2,89.44,2,2,2.6,23.43,0,1
1283,16,0,0,4,18.41,13,0,4,1,1,0,1,2.2,3,92.78,2,3,2.4,20.61,0,1
1284,17,1,3,3,8.98,15,0,1,1,0,0,1,2.55,2,91.67,1,2,0.6,42.59,0,1
1285,16,0,1,1,10.73,17,1,1,1,0,0,1,1.78,4,90.56,1,2,2.6,33.62,0,0
1286,17,0,2,1,14.84,9,0,1,0,0,1,1,3.7,0,95.0,1,2,0.6,31.22,0,3
1287,15,1,3,2,13.92,22,1,3,0,0,0,0,2.76,2,87.78,1,0,3.8,27.7,0,1
1288,15,0,0,1,17.81,14,0,1,0,0,0,0,1.43,4,92.22,2,0,0.6,39.16,0,0
1289,15,1,0,3,14.33,9,0,3,1,0,0,0,3.12,1,95.0,1,1,1.8,30.36,0,2
1290,18,0,2,1,19.96,0,0,1,1,1,0,0,3.31,1,100.0,2,2,0.6,24.05,0,2
1291,15,0,0,2,6.97,18,0,1,1,0,0,1,2.3,3,90.0,1,2,0.6,46.31,0,1
1292,17,1,0,0,16.66,1,0,2,0,0,0,1,3.88,0,99.44,2,1,1.2,26.72,0,3
1293,15,1,0,2,13.95,12,0,2,1,1,0,0,3.24,1,93.33,1,2,1.2,31.34,0,2
1294,16,0,0,3,13.83,24,0,4,1,1,1,0,2.85,2,86.67,1,3,2.4,26.84,0,1
1295,16,1,2,2,6.52,15,0,4,0,0,1,1,3.13,1,91.67,1,2,2.4,36.03,0,2
1296,18,1,0,4,15.71,7,0,1,0,0,0,0,3.83,0,96.11,2,0,0.6,34.42,0,3
1297,16,0,1,4,18.01,2,1,4,1,0,0,0,2.98,2,98.89,2,1,4.4,12.93,0,1
1298,17,0,1,2,4.37,20,0,3,0,1,1,0,2.24,3,88.89,0,2,1.8,44.64,0,1
1299,15,0,1,0,12.51,18,0,2,1,0,0,0,2.7,2,90.0,1,1,1.2,38.16,0,1
1300,18,1,0,3,7.84,13,1,3,0,1,1,1,2.24,3,92.78,1,3,3.8,27.35,0,1
1301,15,1,2,4,19.79,10,1,4,0,1,1,0,3.67,0,94.44,2,2,4.4,8.03,0,3
1302,15,1,0,3,9.58,28,0,1,1,0,0,1,3.37,1,84.44,1,2,0.6,42.32,0,2
1303,17,1,2,1,4.57,11,0,1,0,0,0,1,2.52,2,93.89,0,1,0.6,49.9,0,1
1304,16,0,3,4,7.64,10,0,2,1,1,0,1,2.16,3,94.44,1,3,1.2,39.04,0,1
1305,16,1,1,1,13.08,27,0,1,1,1,1,0,2.98,2,85.0,1,3,0.6,36.22,0,1
1306,15,0,1,3,1.52,10,1,2,1,1,1,1,3.74,0,94.44,0,4,3.2,31.15,0,3
1307,18,1,1,4,12.07,21,1,3,1,1,0,1,1.74,4,88.33,1,3,3.8,24.87,0,0
1308,16,0,0,1,18.62,20,0,3,0,0,1,0,3.2,1,88.89,2,1,1.8,26.93,0,2
1309,18,0,3,4,17.01,26,1,2,1,0,0,0,3.34,1,85.56,2,1,3.2,23.4,0,2
1310,16,0,3,2,1.35,17,0,2,1,1,0,1,2.81,2,90.56,0,3,1.2,46.64,0,1
1311,18,1,0,4,19.87,29,1,3,1,1,0,0,3.26,1,83.89,2,2,3.8,15.38,0,2
1312,17,0,1,1,13.97,9,1,2,0,1,0,1,3.16,1,95.0,1,2,3.2,21.84,0,2
1313,18,0,3,4,3.25,15,0,3,0,1,0,1,2.68,2,91.67,0,2,1.8,43.97,0,1
1314,17,1,3,1,0.25,7,0,4,1,1,1,0,3.55,0,96.11,0,3,2.4,38.76,0,3
1315,17,0,1,3,3.43,5,0,4,1,1,0,1,3.07,1,97.22,0,3,2.4,35.6,0,2
1316,18,1,1,2,16.76,29,1,3,0,0,1,0,4.0,0,83.89,2,1,3.8,19.92,0,3
1317,17,1,0,2,0.43,30,1,2,1,0,1,0,2.93,2,83.33,0,2,3.2,43.43,0,1
1318,15,0,3,1,4.66,18,0,1,0,0,0,1,2.52,2,90.0,0,1,0.6,51.15,1,1
1319,17,0,0,3,15.15,12,0,3,1,1,0,1,2.67,2,93.33,2,3,1.8,26.04,0,1
1320,16,1,1,1,11.72,14,0,4,1,0,0,1,3.24,1,92.22,1,2,2.4,29.06,0,2
1321,18,0,0,2,15.65,12,1,1,1,0,0,1,2.65,2,93.33,2,2,2.6,24.33,0,1
1322,15,1,0,1,14.92,0,0,0,1,1,1,0,2.67,2,100.0,1,3,0.0,32.18,0,1
1323,18,1,1,4,1.01,20,0,3,0,1,1,1,2.51,2,88.89,0,3,1.8,45.67,0,1
1324,16,1,3,0,17.85,27,0,1,0,1,0,0,1.96,4,85.0,2,1,0.6,37.81,0,0
1325,16,0,0,1,4.54,26,1,1,0,0,0,0,3.34,1,85.56,0,0,2.6,44.21,0,2
1326,16,1,1,1,11.07,1,1,4,1,0,1,1,2.73,2,99.44,1,3,4.4,17.03,0,1
1327,17,0,0,2,12.89,12,0,1,0,0,0,0,2.93,2,93.33,1,0,0.6,41.17,0,1
1328,17,0,0,1,3.37,1,0,1,0,0,0,0,2.29,3,99.44,0,0,0.6,52.53,1,1
1329,18,0,1,2,19.52,24,1,3,1,1,0,1,2.42,3,86.67,2,3,3.8,14.44,0,1
1330,18,0,1,4,9.76,10,1,3,1,0,0,1,3.09,1,94.44,1,2,3.8,24.75,0,2
1331,15,1,0,3,1.15,12,0,2,1,0,0,0,2.58,2,93.33,0,1,1.2,51.49,1,1
1332,15,0,0,2,18.75,30,0,2,1,0,1,0,3.53,0,83.33,2,2,1.2,28.12,0,3
1333,18,1,0,1,11.73,9,0,3,0,1,0,0,3.15,1,95.0,1,1,1.8,33.53,0,2
1334,17,1,0,3,13.98,22,0,2,0,1,0,1,2.94,2,87.78,1,2,1.2,34.0,0,1
1335,16,0,3,1,10.5,21,0,0,1,1,0,0,2.89,2,88.33,1,2,0.0,43.73,0,1
1336,18,1,3,3,16.69,14,0,1,0,1,0,0,2.79,2,92.22,2,1,0.6,34.66,0,1
1337,15,1,0,1,0.66,28,0,3,0,0,0,1,2.04,3,84.44,0,1,1.8,53.84,1,1
1338,17,0,1,2,5.37,0,0,3,1,1,0,0,2.68,2,100.0,1,2,1.8,38.41,0,1
1339,18,1,3,2,9.39,30,0,3,1,1,0,0,2.25,3,83.33,1,2,1.8,40.29,0,1
1340,18,1,0,4,1.53,13,0,3,0,1,1,0,2.94,2,92.78,0,2,1.8,45.08,0,1
1341,17,1,2,1,14.12,9,0,3,0,1,1,1,2.32,3,95.0,1,3,1.8,27.62,0,1
1342,18,1,3,2,7.87,17,0,0,1,0,1,1,2.47,3,90.56,1,3,0.0,44.79,0,1
1343,17,0,0,1,5.45,10,0,4,0,1,1,1,3.56,0,94.44,1,3,2.4,32.82,0,3
1344,16,1,0,3,0.07,6,1,4,0,1,1,0,3.2,1,96.67,0,2,4.4,33.08,0,2
1345,17,1,3,4,14.4,14,0,2,1,0,1,1,3.0,1,92.22,1,3,1.2,29.27,0,2
1346,17,1,1,2,16.68,2,0,2,0,0,1,1,2.92,2,98.89,2,2,1.2,26.78,0,1
1347,17,1,0,2,7.9,1,0,3,0,1,1,0,2.63,2,99.44,1,2,1.8,35.56,0,1
1348,18,0,0,4,11.28,21,1,3,1,1,0,1,3.71,0,88.33,1,3,3.8,20.94,0,3
1349,18,1,1,2,4.55,7,0,2,1,1,1,1,2.9,2,96.11,0,4,1.2,37.97,0,1
1350,17,0,2,2,12.44,30,0,3,1,0,0,1,2.43,3,83.33,1,2,1.8,36.03,0,1
1351,18,1,2,2,0.24,7,0,3,1,0,1,1,2.64,2,96.11,0,3,1.8,43.78,0,1
1352,15,0,3,3,9.77,10,0,3,1,1,1,1,2.61,2,94.44,1,4,1.8,30.03,0,1
1353,15,0,0,1,12.88,15,1,1,1,0,1,1,2.98,2,91.67,1,3,2.6,25.05,0,1
1354,18,0,1,3,18.36,1,0,1,1,0,1,0,3.27,1,99.44,2,2,0.6,26.34,0,2
1355,18,0,1,2,7.63,21,1,3,1,0,0,1,3.17,1,88.33,1,2,3.8,29.35,0,2
1356,17,0,1,1,15.3,27,0,4,0,0,1,1,2.07,3,85.0,2,2,2.4,30.04,0,1
1357,16,1,0,3,11.95,4,1,2,1,0,1,0,3.3,1,97.78,1,2,3.2,23.04,0,2
1358,18,1,3,2,18.54,6,0,3,1,0,1,0,3.52,0,96.67,2,2,1.8,21.01,0,3
1359,15,1,3,1,7.97,19,1,0,1,1,0,0,2.55,2,89.44,1,2,2.0,38.27,0,1
1360,17,0,1,3,6.38,27,0,3,0,1,0,1,3.31,1,85.0,1,2,1.8,40.82,0,2
1361,18,1,1,4,17.74,12,0,4,1,1,0,1,3.64,0,93.33,2,3,2.4,17.65,0,3
1362,15,0,0,4,0.98,1,0,3,1,0,0,0,3.5,0,99.44,0,1,1.8,44.54,0,3
1363,15,0,1,4,2.73,25,1,4,0,1,0,0,2.29,3,86.11,0,1,4.4,38.22,0,1
1364,16,1,2,4,1.65,2,0,3,1,1,0,1,2.1,3,98.89,0,3,1.8,42.39,0,1
1365,17,1,1,0,16.86,8,0,3,1,0,1,1,3.23,1,95.56,2,3,1.8,21.72,0,2
1366,17,0,3,2,0.21,9,0,1,1,0,1,0,1.57,4,95.0,0,2,0.6,54.84,1,0
1367,16,0,1,3,17.23,23,1,1,1,1,1,0,2.7,2,87.22,2,3,2.6,21.87,0,1
1368,16,1,0,2,9.03,12,0,1,1,0,0,1,2.74,2,93.33,1,2,0.6,41.47,0,1
1369,17,1,2,3,0.08,24,0,2,1,0,0,0,2.8,2,86.67,0,1,1.2,54.61,1,1
1370,17,1,0,3,8.03,20,1,2,1,0,0,0,2.89,2,88.89,1,1,3.2,34.58,0,1
1371,18,1,0,2,3.74,12,1,3,1,1,0,1,3.67,0,93.33,0,3,3.8,28.71,0,3
1372,18,0,0,4,12.49,4,0,4,0,1,1,1,2.97,2,97.78,1,3,2.4,24.33,0,1
1373,16,1,1,2,13.59,22,1,3,0,1,0,0,2.52,2,87.78,1,1,3.8,26.22,0,1
1374,18,1,2,2,9.75,6,0,2,0,0,0,1,4.0,0,96.67,1,1,1.2,36.02,0,3
1375,15,1,1,4,0.81,16,0,4,1,1,0,1,2.75,2,91.11,0,3,2.4,41.81,0,1
1376,18,0,2,2,13.12,27,1,2,1,1,1,0,2.92,2,85.0,1,3,3.2,24.5,0,1
1377,18,0,1,1,16.84,14,1,3,1,0,0,0,2.86,2,92.22,2,1,3.8,19.75,0,1
1378,15,0,0,2,14.41,29,0,4,1,1,1,1,2.44,3,83.89,1,4,2.4,25.62,0,1
1379,16,0,2,3,16.6,4,0,4,1,0,1,0,3.27,1,97.78,2,2,2.4,20.94,0,2
1380,15,1,0,3,4.01,23,0,2,1,0,1,1,3.12,1,87.22,0,3,1.2,43.71,0,2
1381,18,0,0,3,17.78,6,1,3,0,0,0,0,3.26,1,96.67,2,0,3.8,18.52,0,2
1382,16,1,1,3,6.44,26,1,3,1,0,0,1,1.56,4,85.56,1,2,3.8,35.83,0,0
1383,18,1,0,1,0.27,1,0,2,1,1,0,1,2.21,3,99.44,0,3,1.2,46.38,0,1
1384,15,1,0,4,16.87,29,1,2,1,1,0,1,3.96,0,83.89,2,3,3.2,17.61,0,3
1385,15,1,1,4,18.84,23,0,2,1,0,1,1,1.75,4,87.22,2,3,1.2,28.59,0,0
1386,18,0,1,1,13.11,17,1,2,1,0,1,0,2.58,2,90.56,1,2,3.2,25.92,0,1
1387,17,0,1,1,4.63,9,0,3,0,0,0,0,2.96,2,95.0,0,0,1.8,45.38,0,1
1388,17,0,3,4,5.03,0,0,2,0,1,0,1,3.26,1,100.0,1,2,1.2,40.11,0,2
1389,15,1,1,4,9.33,26,0,3,1,1,1,0,3.04,1,85.56,1,3,1.8,35.11,0,2
1390,15,1,3,4,17.96,26,1,3,0,1,1,0,3.59,0,85.56,2,2,3.8,16.36,0,3
1391,17,1,0,4,2.99,13,0,4,0,1,1,0,2.8,2,92.78,0,2,2.4,40.88,0,1
1392,17,1,1,2,16.52,26,0,2,0,1,0,1,2.27,3,85.56,2,2,1.2,33.27,0,1
1393,18,1,3,3,5.83,18,1,4,0,0,1,1,2.89,2,90.0,1,2,4.4,28.99,0,1
1394,18,0,1,2,16.17,15,0,4,1,1,0,1,3.73,0,91.67,2,3,2.4,19.97,0,3
1395,17,1,2,1,18.41,18,0,3,1,1,0,1,2.18,3,90.0,2,3,1.8,24.36,0,1
1396,18,0,0,3,8.55,5,0,3,1,1,0,1,2.85,2,97.22,1,3,1.8,32.48,0,1
1397,18,1,0,2,7.3,11,1,2,1,1,1,0,2.98,2,93.89,1,3,3.2,28.52,0,1
1398,16,1,1,3,16.04,2,0,4,0,1,0,0,3.01,1,98.89,2,1,2.4,24.4,0,2
1399,18,0,0,2,10.59,6,0,3,0,1,0,0,2.75,2,96.67,1,1,1.8,35.37,0,1
1400,15,0,3,2,13.69,23,0,2,1,1,1,1,3.01,1,87.22,1,4,1.2,29.38,0,2
1401,18,1,0,1,12.46,2,1,2,1,0,1,0,3.24,1,98.89,1,2,3.2,22.17,0,2
1402,18,1,3,1,3.06,24,0,3,0,0,0,1,2.95,2,86.67,0,1,1.8,47.78,0,1
1403,17,1,3,1,16.9,16,0,2,1,1,1,1,3.23,1,91.11,2,4,1.2,23.46,0,2
1404,15,1,0,1,3.92,14,0,3,0,0,0,0,3.16,1,92.22,0,0,1.8,46.74,0,2
1405,18,0,0,4,18.65,18,0,2,0,1,0,0,2.72,2,90.0,2,1,1.2,30.43,0,1
1406,18,1,3,1,5.01,27,0,3,0,0,1,1,3.8,0,85.0,1,2,1.8,41.31,0,3
1407,16,0,3,1,14.68,18,1,3,1,0,0,0,2.18,3,90.0,1,1,3.8,24.93,0,1
1408,18,1,1,2,5.69,22,0,4,1,1,1,1,3.18,1,87.78,1,4,2.4,33.31,0,2
1409,18,0,0,3,6.36,10,1,3,0,1,0,0,2.53,2,94.44,1,1,3.8,32.9,0,1
1410,16,0,1,1,6.2,26,1,3,1,0,1,1,1.9,4,85.56,1,3,3.8,32.78,0,0
1411,17,1,2,3,14.96,20,0,4,1,1,1,0,3.9,0,88.89,1,3,2.4,22.03,0,3
1412,18,0,0,3,11.14,19,0,3,1,1,0,0,2.7,2,89.44,1,2,1.8,34.84,0,1
1413,16,1,2,1,17.66,1,1,3,0,0,0,0,2.71,2,99.44,2,0,3.8,19.07,0,1
1414,15,0,0,1,6.15,6,1,2,0,0,1,0,2.73,2,96.67,1,1,3.2,34.61,0,1
1415,17,1,0,4,13.84,18,0,3,0,1,0,0,2.66,2,90.0,1,1,1.8,33.87,0,1
1416,15,0,0,3,15.06,6,0,2,1,0,0,0,3.02,1,96.67,2,1,1.2,31.84,0,2
1417,15,1,0,3,3.03,9,0,4,1,1,1,1,2.81,2,95.0,0,4,2.4,35.03,0,1
1418,16,1,0,1,8.01,11,0,2,0,0,0,0,2.04,3,93.89,1,0,1.2,46.57,0,1
1419,18,0,1,2,9.66,22,0,1,1,0,0,1,2.63,2,87.78,1,2,0.6,42.9,0,1
1420,16,0,0,2,7.11,26,1,1,1,1,1,1,2.66,2,85.56,1,4,2.6,32.7,0,1
1421,16,0,0,1,6.44,17,0,1,1,1,1,0,3.39,1,90.56,1,3,0.6,41.55,0,2
1422,16,0,0,2,13.73,22,1,2,1,0,1,0,3.65,0,87.78,1,2,3.2,23.44,0,3
1423,16,1,3,3,4.32,5,1,2,1,1,1,0,3.05,1,97.22,0,3,3.2,30.9,0,2
1424,17,0,1,2,14.19,25,0,4,1,0,0,1,3.12,1,86.11,1,2,2.4,28.41,0,2
1425,18,1,1,3,18.7,19,1,2,0,0,1,1,2.63,2,89.44,2,2,3.2,19.2,0,1
1426,15,0,1,3,11.3,26,0,2,0,1,1,1,3.05,1,85.56,1,3,1.2,35.35,0,2
1427,15,1,3,2,12.23,20,0,3,1,1,0,0,4.0,0,88.89,1,2,1.8,30.42,0,3
1428,18,1,0,3,1.38,27,0,1,1,1,1,1,1.84,4,85.0,0,4,0.6,51.2,1,0
1429,15,1,2,1,17.29,7,0,4,1,1,0,1,2.94,2,96.11,2,3,2.4,18.99,0,1
1430,18,1,2,3,5.71,4,0,2,1,0,1,0,3.05,1,97.78,1,2,1.2,40.56,0,2
1431,15,0,1,1,12.3,2,1,3,1,1,1,0,3.37,1,98.89,1,3,3.8,16.82,0,2
1432,16,0,0,1,19.58,1,1,1,1,0,0,1,3.36,1,99.44,2,2,2.6,15.5,0,2
1433,15,1,2,3,11.91,21,0,1,1,0,0,1,2.38,3,88.33,1,2,0.6,40.52,0,1
1434,18,0,0,2,14.49,5,1,3,0,1,0,1,2.6,2,97.22,1,2,3.8,19.09,0,1
1435,18,0,1,4,8.91,6,0,2,1,1,0,1,2.62,2,96.67,1,3,1.2,35.52,0,1
1436,18,1,2,2,1.21,7,0,4,1,1,0,1,3.3,1,96.11,0,3,2.4,38.19,0,2
1437,18,0,0,1,15.95,3,0,2,1,1,1,1,4.0,0,98.33,2,4,1.2,20.19,0,3
1438,18,0,2,2,0.7,11,0,3,1,0,1,0,2.98,2,93.89,0,2,1.8,45.63,0,1
1439,17,0,0,2,14.01,23,0,4,1,0,1,1,2.77,2,87.22,1,3,2.4,26.63,0,1
1440,17,1,2,2,0.46,11,0,2,0,1,0,0,3.02,1,93.89,0,1,1.2,51.06,1,2
1441,15,0,1,3,17.25,16,0,3,0,1,0,0,2.39,3,91.11,2,1,1.8,29.89,0,1
1442,18,1,0,3,3.15,21,0,0,1,0,0,1,2.41,3,88.33,0,2,0.0,54.12,1,1
1443,15,0,0,4,10.29,21,1,3,1,1,0,1,2.76,2,88.33,1,3,3.8,24.55,0,1
1444,18,0,3,4,11.94,18,1,3,1,1,0,1,3.01,1,90.0,1,3,3.8,21.28,0,2
1445,18,0,0,1,9.15,8,1,2,1,1,1,0,2.74,2,95.56,1,3,3.2,26.22,0,1
1446,17,1,0,3,6.82,11,0,1,0,1,1,1,2.23,3,93.89,1,3,0.6,42.81,0,1
1447,17,1,0,2,9.36,27,1,3,0,1,1,0,3.66,0,85.0,1,2,3.8,27.13,0,3
1448,16,0,1,3,6.23,20,1,4,1,0,0,0,2.64,2,88.89,1,1,4.4,32.0,0,1
1449,17,1,1,2,8.76,30,1,4,1,0,1,0,2.51,2,83.33,1,2,4.4,28.61,0,1
1450,16,0,0,4,7.18,16,0,3,1,1,0,0,2.86,2,91.11,1,2,1.8,38.8,0,1
1451,16,1,0,3,11.32,22,0,2,1,0,0,0,2.84,2,87.78,1,1,1.2,40.07,0,1
1452,16,1,0,4,4.76,9,0,4,1,0,1,1,3.85,0,95.0,0,3,2.4,32.77,0,3
1453,16,0,0,3,19.77,30,0,4,1,1,0,0,3.08,1,83.33,2,2,2.4,22.51,0,2
1454,16,0,1,4,10.02,29,0,2,0,0,0,0,2.89,2,83.89,1,0,1.2,45.43,0,1
1455,15,0,2,3,3.88,18,1,1,0,1,0,1,1.8,4,90.0,0,2,2.6,42.33,0,0
1456,17,0,0,2,9.54,25,1,4,0,0,0,1,3.05,1,86.11,1,1,4.4,27.81,0,2
1457,16,1,0,1,17.33,25,0,4,0,0,0,0,2.49,3,86.11,2,0,2.4,31.06,0,1
1458,18,1,0,2,0.44,10,0,1,0,1,1,0,2.2,3,94.44,0,2,0.6,53.17,1,1
1459,17,1,3,0,13.59,19,0,4,1,1,1,0,2.3,3,89.44,1,3,2.4,27.55,0,1
1460,17,0,3,2,10.96,21,0,2,0,0,1,1,2.56,2,88.33,1,2,1.2,38.53,0,1
1461,16,0,2,2,3.39,23,0,4,0,0,0,0,2.79,2,87.22,0,0,2.4,47.35,0,1
1462,15,1,0,2,16.35,12,1,2,1,1,1,1,3.42,1,93.33,2,4,3.2,13.8,0,2
1463,16,0,0,4,7.38,3,0,2,0,1,1,0,3.13,1,98.33,1,2,1.2,38.08,0,2
1464,15,1,0,4,5.88,14,1,2,0,1,0,1,2.65,2,92.22,1,2,3.2,34.2,0,1
1465,18,1,0,1,16.56,11,1,4,1,1,0,1,2.94,2,93.89,2,3,4.4,11.59,0,1
1466,17,1,1,2,12.77,24,1,2,0,0,0,0,2.61,2,86.67,1,0,3.2,32.63,0,1
1467,18,1,2,2,17.97,23,0,3,0,1,1,0,2.99,2,87.22,2,2,1.8,26.35,0,1
1468,15,1,3,2,12.6,25,0,1,0,0,1,1,1.84,4,86.11,1,2,0.6,41.78,0,0
1469,15,0,2,3,14.82,9,0,3,1,1,1,1,3.07,1,95.0,1,4,1.8,22.37,0,2
1470,18,0,0,2,16.73,21,0,2,1,0,0,0,2.66,2,88.33,2,1,1.2,33.57,0,1
1471,15,0,2,2,1.09,6,0,0,0,1,0,0,2.73,2,96.67,0,1,0.0,55.48,1,1
1472,18,1,0,4,15.52,23,1,2,1,0,0,0,4.0,0,87.22,2,1,3.2,23.03,0,3
1473,17,1,0,3,12.27,1,1,1,0,0,0,0,3.16,1,99.44,1,0,2.6,30.14,0,2
1474,18,1,2,1,1.39,20,1,3,1,0,0,1,2.68,2,88.89,0,2,3.8,38.18,0,1
1475,17,1,0,3,10.17,28,0,2,1,0,1,1,2.99,2,84.44,1,3,1.2,37.3,0,1
1476,18,0,1,2,1.65,6,0,1,0,0,0,0,2.52,2,96.67,0,0,0.6,55.08,1,1
1477,15,0,0,1,14.72,7,0,2,1,1,0,1,3.24,1,96.11,1,3,1.2,26.91,0,2
1478,18,1,2,1,10.93,20,0,2,1,1,0,0,3.34,1,88.89,1,2,1.2,36.42,0,2
1479,15,1,2,2,19.07,18,1,0,1,1,1,0,2.86,2,90.0,2,3,2.0,20.92,0,1
1480,18,1,0,2,3.66,30,0,2,1,1,1,0,3.18,1,83.33,0,3,1.2,45.35,0,2
1481,18,0,2,1,12.12,5,0,3,1,0,1,0,3.14,1,97.22,1,2,1.8,29.79,0,2
1482,16,0,0,3,4.23,20,1,2,1,1,0,0,3.17,1,88.89,0,2,3.2,36.13,0,2
1483,15,0,1,3,12.28,7,0,3,1,1,0,0,3.63,0,96.11,1,2,1.8,28.75,0,3
1484,16,1,2,1,14.45,24,1,2,1,0,0,1,3.52,0,86.67,1,2,3.2,23.26,0,3
1485,15,1,2,0,14.45,24,0,1,1,1,1,0,3.18,1,86.67,1,3,0.6,33.43,0,2
1486,16,0,3,3,16.3,27,1,3,1,0,0,0,3.7,0,85.0,2,1,3.8,20.85,0,3
1487,17,1,0,0,17.07,27,0,4,1,0,1,1,2.94,2,85.0,2,3,2.4,23.15,0,1
1488,18,0,2,4,1.55,21,0,2,1,0,1,1,2.26,3,88.33,0,3,1.2,48.54,0,1
1489,15,1,1,3,6.87,30,0,2,0,1,0,0,2.55,2,83.33,1,1,1.2,47.92,0,1
1490,15,0,3,2,13.74,19,1,2,0,1,0,0,2.41,3,89.44,1,1,3.2,28.45,0,1
1491,18,1,0,1,9.97,3,1,4,1,1,1,0,3.11,1,98.33,1,3,4.4,17.85,0,2
1492,15,0,2,0,3.81,24,0,3,1,0,0,0,2.15,3,86.67,0,1,1.8,48.85,0,1
1493,15,0,1,1,11.05,19,1,4,1,0,0,0,2.24,3,89.44,1,1,4.4,26.78,0,1
1494,16,0,0,1,8.15,23,1,2,1,1,1,0,3.21,1,87.22,1,3,3.2,29.22,0,2
1495,15,0,1,3,7.8,8,0,3,1,0,1,0,3.65,0,95.56,1,2,1.8,34.5,0,3
1496,17,0,0,1,16.2,4,1,3,0,0,1,1,2.95,2,97.78,2,2,3.8,15.88,0,1
1497,17,0,1,2,8.15,28,0,3,0,0,0,0,2.88,2,84.44,1,0,1.8,44.88,0,1
1498,18,1,3,2,0.53,5,0,2,1,0,1,1,4.0,0,97.22,0,3,1.2,42.36,0,3
1499,15,1,1,1,1.16,18,0,3,1,1,0,0,3.15,1,90.0,0,2,1.8,45.99,0,2
1500,18,1,1,0,17.12,11,0,3,1,1,0,0,2.51,2,93.89,2,2,1.8,26.28,0,1
1501,17,0,1,0,19.21,4,0,4,1,0,1,1,3.74,0,97.78,2,3,2.4,14.01,0,3
1502,15,0,0,0,13.77,4,0,1,1,0,1,0,2.82,2,97.78,1,2,0.6,33.79,0,1
1503,15,1,0,3,7.29,30,0,3,1,0,0,0,3.02,1,83.33,1,1,1.8,43.49,0,2
1504,18,0,1,2,18.77,29,1,4,1,0,0,1,4.0,0,83.89,2,2,4.4,12.18,0,3
1505,17,0,0,3,13.26,17,0,1,0,1,1,1,2.81,2,90.56,1,3,0.6,34.48,0,1
1506,15,0,0,2,16.89,25,1,2,0,0,0,1,3.64,0,86.11,2,1,3.2,22.6,0,3
1507,18,0,1,2,15.32,5,0,1,1,0,1,0,2.65,2,97.22,2,2,0.6,32.47,0,1
1508,17,0,0,2,7.58,8,0,1,0,0,1,0,2.52,2,95.56,1,1,0.6,45.55,0,1
1509,18,1,0,3,9.57,10,1,4,1,0,1,0,2.23,3,94.44,1,2,4.4,24.41,0,1
1510,16,1,1,1,3.72,30,0,2,0,1,0,0,3.13,1,83.33,0,1,1.2,50.4,1,2
1511,15,1,0,1,5.84,22,0,3,1,0,1,0,1.77,4,87.78,1,2,1.8,44.37,0,0
1512,16,1,3,2,15.56,13,0,1,1,1,0,1,2.36,3,92.78,2,3,0.6,31.95,0,1
1513,17,1,3,2,17.88,23,0,0,0,0,0,1,2.8,2,87.22,2,1,0.0,37.62,0,1
1514,16,0,2,2,14.49,1,0,4,1,1,1,1,4.0,0,99.44,1,4,2.4,16.17,0,3
1515,16,0,0,3,9.3,26,0,3,1,1,1,1,1.82,4,85.56,1,4,1.8,35.7,0,0
1516,17,0,2,2,1.73,28,0,0,1,0,0,0,2.39,3,84.44,0,1,0.0,59.81,1,1
1517,18,0,2,3,1.14,13,1,4,0,1,0,1,2.25,3,92.78,0,2,4.4,35.48,0,1
1518,16,1,2,2,7.49,24,1,2,1,1,0,1,3.6,0,86.67,1,3,3.2,29.26,0,3
1519,18,1,0,3,9.28,18,0,2,1,0,1,1,2.89,2,90.0,1,3,1.2,36.72,0,1
1520,16,1,1,3,12.18,9,0,3,1,1,1,0,3.88,0,95.0,1,3,1.8,26.14,0,3
1521,18,0,2,2,0.13,4,0,0,1,0,0,1,2.21,3,97.78,0,2,0.0,55.09,1,1
1522,17,1,1,3,19.79,29,1,3,1,1,0,1,2.88,2,83.89,2,3,3.8,13.93,0,1
1523,16,0,1,4,7.28,22,0,3,0,0,0,0,2.27,3,87.78,1,0,1.8,46.32,0,1
1524,17,1,1,2,16.96,3,0,2,0,1,1,0,3.9,0,98.33,2,2,1.2,24.18,0,3
1525,16,1,1,2,10.7,6,0,3,1,1,0,0,3.75,0,96.67,1,2,1.8,30.23,0,3
1526,17,0,0,3,2.61,23,1,2,1,0,0,1,2.35,3,87.22,0,2,3.2,40.79,0,1
1527,17,0,1,2,15.95,30,0,3,0,0,1,0,3.24,1,83.33,2,1,1.8,32.12,0,2
1528,16,1,0,1,14.2,12,0,1,1,1,1,0,2.8,2,93.33,1,3,0.6,32.36,0,1
1529,16,1,1,4,10.55,9,1,4,1,1,1,1,2.39,3,95.0,1,4,4.4,17.59,0,1
1530,16,0,0,0,10.29,29,0,4,0,1,1,1,2.9,2,83.89,1,3,2.4,32.12,0,1
1531,15,1,1,3,1.75,9,1,1,0,1,1,1,3.27,1,95.0,0,3,2.6,37.07,0,2
1532,18,1,0,3,13.12,3,0,4,1,0,1,1,3.85,0,98.33,1,3,2.4,21.15,0,3
1533,15,0,2,4,18.22,15,1,3,0,1,0,1,3.37,1,91.67,2,2,3.8,14.44,0,2
1534,15,1,2,1,1.86,14,0,3,0,0,1,1,2.47,3,92.22,0,2,1.8,46.04,0,1
1535,17,0,0,2,5.27,20,0,3,0,0,0,1,2.4,3,88.89,1,1,1.8,45.62,0,1
1536,16,1,0,2,18.05,10,0,1,1,1,0,1,3.49,1,94.44,2,3,0.6,25.43,0,2
1537,18,0,0,2,5.69,18,0,1,1,0,1,0,2.78,2,90.0,1,2,0.6,46.71,0,1
1538,17,1,3,1,13.08,20,0,2,0,0,1,0,2.4,3,88.89,1,1,1.2,38.58,0,1
1539,15,0,1,2,10.7,23,0,2,0,0,0,1,2.8,2,87.22,1,1,1.2,41.14,0,1
1540,16,1,1,2,11.93,2,0,2,1,1,0,1,3.45,1,98.89,1,3,1.2,28.9,0,2
1541,17,0,0,1,8.32,14,0,2,0,0,0,1,3.07,1,92.22,1,1,1.2,41.69,0,2
1542,16,1,1,3,6.0,15,1,1,1,0,0,1,2.82,2,91.67,1,2,2.6,36.55,0,1
1543,17,1,3,3,0.97,13,0,3,1,0,0,0,3.33,1,92.78,0,1,1.8,47.31,0,2
1544,16,1,2,3,14.89,28,1,1,1,0,1,0,2.44,3,84.44,1,2,2.6,28.92,0,1
1545,15,1,1,4,14.92,4,0,2,0,0,1,0,3.21,1,97.78,1,1,1.2,31.15,0,2
1546,18,1,0,2,13.41,25,0,1,1,0,1,1,3.14,1,86.11,1,3,0.6,35.02,0,2
1547,15,1,0,4,12.87,16,0,3,0,1,0,1,3.19,1,91.11,1,2,1.8,30.87,0,2
1548,18,1,0,4,4.87,17,1,4,1,0,0,0,3.06,1,90.56,0,1,4.4,32.07,0,2
1549,16,1,0,1,0.45,18,1,1,1,1,1,0,2.19,3,90.0,0,3,2.6,43.14,0,1
1550,17,1,0,1,16.17,0,1,3,0,0,0,0,2.69,2,100.0,2,0,3.8,20.79,0,1
1551,15,0,0,2,9.82,28,0,4,0,0,1,0,2.36,3,84.44,1,1,2.4,38.86,0,1
1552,18,0,0,2,6.14,26,0,4,1,0,0,0,3.23,1,85.56,1,1,2.4,40.89,0,2
1553,15,1,3,2,2.04,27,1,3,0,1,1,1,2.32,3,85.0,0,3,3.8,37.13,0,1
1554,18,0,1,2,1.25,26,1,2,1,1,0,1,2.57,2,85.56,0,3,3.2,40.02,0,1
1555,15,1,2,3,6.98,24,1,2,1,1,0,0,3.77,0,86.67,1,2,3.2,31.97,0,3
1556,18,1,2,2,16.09,8,0,2,0,0,0,0,3.53,0,95.56,2,0,1.2,32.16,0,3
1557,18,0,0,1,18.37,20,1,3,1,1,1,1,3.08,1,88.89,2,4,3.8,10.95,0,2
1558,16,1,2,4,17.94,13,0,2,1,0,1,1,3.03,1,92.78,2,3,1.2,24.57,0,2
1559,18,1,0,2,18.4,19,0,3,1,0,0,1,3.74,0,89.44,2,2,1.8,23.16,0,3
1560,16,0,1,4,18.15,20,0,0,0,0,0,1,2.67,2,88.89,2,1,0.0,37.03,0,1
1561,18,0,0,1,10.54,19,1,1,1,0,0,0,2.75,2,89.44,1,1,2.6,34.33,0,1
1562,17,1,3,4,4.39,27,0,4,0,1,0,1,2.62,2,85.0,0,2,2.4,42.3,0,1
1563,17,0,0,1,15.96,20,0,4,1,0,0,1,3.79,0,88.89,2,2,2.4,23.55,0,3
1564,17,0,0,1,4.27,22,0,3,0,1,0,1,2.56,2,87.78,0,2,1.8,44.36,0,1
1565,18,1,3,0,5.34,10,0,2,1,0,0,0,2.48,3,94.44,1,1,1.2,46.12,0,1
1566,16,0,0,3,4.67,23,0,4,0,0,0,1,3.06,1,87.22,0,1,2.4,42.58,0,2
1567,16,0,2,4,10.3,1,0,2,1,1,1,0,4.0,0,99.44,1,3,1.2,29.37,0,3
1568,18,1,2,2,6.44,19,0,3,1,1,1,1,2.16,3,89.44,1,4,1.8,37.06,0,1
1569,17,0,2,4,3.08,23,1,1,1,1,1,1,2.89,2,87.22,0,4,2.6,36.58,0,1
1570,17,0,3,2,9.06,22,0,3,1,0,0,1,2.32,3,87.78,1,2,1.8,38.97,0,1
1571,16,1,3,3,17.48,24,0,3,1,0,0,1,3.68,0,86.67,2,2,1.8,25.43,0,3
1572,17,1,0,3,11.41,4,1,4,1,0,0,1,2.81,2,97.78,1,2,4.4,19.49,0,1
1573,15,1,2,1,17.57,21,0,3,1,1,0,1,3.34,1,88.33,2,3,1.8,23.09,0,2
1574,16,0,1,2,3.92,30,1,4,1,0,1,1,2.36,3,83.33,0,3,4.4,32.53,0,1
1575,17,1,1,4,3.34,26,0,2,0,1,0,1,3.37,1,85.56,0,2,1.2,47.0,0,2
1576,16,1,0,4,11.51,23,1,3,1,1,1,0,4.0,0,87.22,1,3,3.8,20.31,0,3
1577,15,0,2,4,9.27,14,0,2,1,1,0,0,3.51,0,92.22,1,2,1.2,36.91,0,3
1578,16,1,3,4,13.2,11,1,0,1,1,0,1,3.05,1,93.89,1,3,2.0,26.42,0,2
1579,16,1,3,1,15.89,13,0,3,1,1,0,1,2.43,3,92.78,2,3,1.8,25.91,0,1
1580,16,1,1,3,15.03,30,1,4,1,0,1,0,3.12,1,83.33,2,2,4.4,19.25,0,2
1581,16,1,0,2,18.85,10,0,1,1,1,0,0,3.16,1,94.44,2,2,0.6,27.76,0,2
1582,15,0,0,4,7.97,30,0,0,0,1,0,0,3.59,0,83.33,1,1,0.0,49.4,0,3
1583,18,1,2,2,4.13,20,0,1,0,1,0,1,2.56,2,88.89,0,2,0.6,49.6,0,1
1584,16,1,2,2,11.02,29,1,4,0,0,1,1,2.54,2,83.89,1,2,4.4,25.51,0,1
1585,16,0,1,2,2.21,8,1,2,1,0,0,0,2.95,2,95.56,0,1,3.2,39.37,0,1
1586,17,1,0,2,5.78,19,0,2,0,0,0,1,2.41,3,89.44,1,1,1.2,47.49,0,1
1587,16,0,1,1,4.16,7,0,0,1,0,0,1,2.54,2,96.11,0,2,0.0,49.81,0,1
1588,17,0,1,4,7.93,11,0,2,0,1,0,0,3.97,0,93.89,1,1,1.2,39.35,0,3
1589,18,0,3,3,2.22,29,0,3,0,1,0,0,2.05,3,83.89,0,1,1.8,52.06,1,1
1590,15,1,1,1,0.64,2,0,4,1,1,0,0,3.36,1,98.89,0,2,2.4,40.28,0,2
1591,15,0,0,3,13.14,20,1,2,1,0,0,1,2.84,2,88.89,1,2,3.2,25.82,0,1
1592,18,0,1,3,12.2,14,1,2,0,1,0,1,3.05,1,92.22,1,2,3.2,25.3,0,2
1593,15,0,0,2,14.17,7,1,4,1,1,0,0,3.33,1,96.11,1,2,4.4,15.32,0,2
1594,18,1,3,1,13.21,30,0,4,0,1,0,0,2.22,3,83.33,1,1,2.4,35.36,0,1
1595,18,1,0,4,2.29,25,1,2,1,1,0,0,2.98,2,86.11,0,2,3.2,40.0,0,1
1596,18,1,1,3,5.82,27,0,1,0,1,1,1,1.3800000000000003,4,85.0,1,3,0.6,49.3,0,0
1597,15,1,0,2,2.59,6,0,4,1,1,1,1,2.81,2,96.67,0,4,2.4,34.99,0,1
1598,17,1,2,3,16.86,16,0,3,0,1,1,0,3.23,1,91.11,2,2,1.8,25.78,0,2
1599,18,1,2,1,14.94,11,0,4,1,0,1,1,3.4,1,93.89,1,3,2.4,21.55,0,2
1600,16,1,2,2,4.03,19,1,2,0,0,0,1,2.97,2,89.44,0,1,3.2,39.19,0,1
1601,15,0,0,1,6.83,17,0,3,1,0,0,0,2.12,3,90.56,1,1,1.8,43.78,0,1
1602,18,0,0,1,19.33,17,1,3,0,1,1,1,2.99,2,90.56,2,3,3.8,11.89,0,1
1603,18,0,0,3,11.88,28,1,4,1,1,1,0,3.08,1,84.44,1,3,4.4,20.4,0,2
1604,16,0,2,4,16.02,14,0,4,1,0,0,0,2.82,2,92.22,2,1,2.4,27.24,0,1
1605,17,1,0,2,5.29,22,0,1,1,0,0,0,2.55,2,87.78,1,1,0.6,51.06,1,1
1606,17,0,1,1,4.2,27,0,3,1,0,1,1,2.78,2,85.0,0,3,1.8,42.37,0,1
1607,17,0,3,3,15.68,27,0,2,1,1,0,0,2.52,2,85.0,2,2,1.2,33.9,0,1
1608,18,0,3,4,13.72,2,1,3,1,0,0,1,3.76,0,98.89,1,2,3.8,16.57,0,3
1609,18,0,1,3,13.62,18,1,3,1,0,0,0,2.96,2,90.0,1,1,3.8,24.3,0,1
1610,18,1,1,4,11.05,14,0,4,1,0,0,1,2.68,2,92.22,1,2,2.4,31.3,0,1
1611,15,1,0,2,11.27,15,1,2,1,1,1,1,3.69,0,91.67,1,4,3.2,20.06,0,3
1612,16,1,2,3,14.71,21,0,1,0,1,1,0,2.55,2,88.33,1,2,0.6,36.59,0,1
1613,18,0,2,1,5.4,21,0,0,0,1,1,1,1.69,4,88.33,1,3,0.0,50.61,1,0
1614,16,1,0,2,7.06,16,0,2,1,0,0,1,2.45,3,91.11,1,2,1.2,42.71,0,1
1615,16,0,1,2,17.43,30,0,2,1,1,1,0,2.88,2,83.33,2,3,1.2,28.89,0,1
1616,17,1,2,2,6.18,30,0,4,1,0,0,0,2.75,2,83.33,1,1,2.4,42.83,0,1
1617,15,1,3,4,10.93,30,0,2,0,1,1,0,2.13,3,83.33,1,2,1.2,41.39,0,1
1618,18,1,0,4,14.05,0,0,3,1,1,0,0,3.64,0,100.0,1,2,1.8,25.16,0,3
1619,17,1,1,1,20.0,10,0,4,1,1,1,0,3.24,1,94.44,2,3,2.4,15.44,0,2
1620,17,1,0,1,8.71,5,0,4,0,1,1,1,2.33,3,97.22,1,3,2.4,30.85,0,1
1621,18,0,0,2,8.56,22,0,2,1,0,1,0,1.81,4,87.78,1,2,1.2,43.6,0,0
1622,16,1,3,1,16.85,8,0,1,1,0,1,0,3.07,1,95.56,2,2,0.6,30.09,0,2
1623,17,0,2,3,16.11,19,0,2,0,1,0,0,2.75,2,89.44,2,1,1.2,33.73,0,1
1624,16,0,2,4,14.62,15,1,2,1,1,0,1,2.75,2,91.67,1,3,3.2,20.72,0,1
1625,15,0,0,4,9.26,29,0,3,1,0,0,0,2.39,3,83.89,1,1,1.8,42.41,0,1
1626,16,0,2,3,6.48,25,0,3,0,0,0,1,2.6,2,86.11,1,1,1.8,44.58,0,1
1627,15,0,1,3,12.17,5,1,3,0,1,1,0,3.23,1,97.22,1,2,3.8,20.41,0,2
1628,16,1,0,2,17.52,11,0,4,0,0,0,1,3.12,1,93.89,2,1,2.4,24.03,0,2
1629,17,1,1,1,17.68,18,1,3,0,1,0,0,3.02,1,90.0,2,1,3.8,19.08,0,2
1630,17,1,0,2,2.17,12,0,4,1,1,0,0,3.79,0,93.33,0,2,2.4,39.24,0,3
1631,15,1,2,2,8.57,12,0,4,0,1,0,1,2.71,2,93.33,1,2,2.4,33.94,0,1
1632,18,0,1,3,9.29,26,0,1,1,1,1,0,2.96,2,85.56,1,3,0.6,40.81,0,1
1633,15,1,0,1,19.55,3,0,1,0,1,1,0,3.42,1,98.33,2,2,0.6,24.87,0,2
1634,15,1,0,2,13.56,8,1,2,1,0,0,1,2.87,2,95.56,1,2,3.2,22.88,0,1
1635,16,0,0,2,8.14,13,0,3,0,0,0,1,1.99,4,92.78,1,1,1.8,41.7,0,0
1636,16,0,0,4,0.52,13,1,3,1,1,1,0,2.74,2,92.78,0,3,3.8,35.25,0,1
1637,15,1,1,2,11.31,16,0,2,0,1,0,0,1.96,4,91.11,1,1,1.2,41.12,0,0
1638,17,1,2,3,1.92,4,1,4,0,0,1,1,2.23,3,97.78,0,2,4.4,32.8,0,1
1639,16,0,0,3,16.69,30,0,2,0,1,1,1,2.54,2,83.33,2,3,1.2,30.67,0,1
1640,18,1,0,1,15.05,30,0,4,0,0,1,1,2.82,2,83.33,2,2,2.4,29.06,0,1
1641,16,1,1,2,9.21,26,0,2,0,0,1,1,2.49,3,85.56,1,2,1.2,41.86,0,1
1642,16,1,2,4,8.58,22,0,0,1,0,0,1,1.78,4,87.78,1,2,0.0,49.1,0,0
1643,18,1,0,2,17.95,18,1,1,0,0,1,0,2.39,3,90.0,2,1,2.6,25.77,0,1
1644,15,0,0,4,5.77,30,0,1,1,1,0,1,2.57,2,83.33,1,3,0.6,46.97,0,1
1645,18,0,1,1,4.98,1,1,0,1,0,0,0,3.14,1,99.44,0,1,2.0,39.53,0,2
1646,15,0,0,1,18.78,12,0,3,1,0,0,0,2.65,2,93.33,2,1,1.8,26.55,0,1
1647,15,1,0,4,16.18,10,0,1,1,1,0,0,3.05,1,94.44,2,2,0.6,31.37,0,2
1648,15,1,2,3,16.41,1,0,3,1,1,0,0,3.42,1,99.44,2,2,1.8,22.95,0,2
1649,18,1,1,4,3.9,0,1,2,1,0,1,0,4.0,0,100.0,0,2,3.2,30.58,0,3
1650,15,1,1,3,2.87,20,0,0,0,1,1,1,3.25,1,88.89,0,3,0.0,49.68,0,2
1651,17,1,2,4,0.52,28,1,3,1,0,1,0,2.97,2,84.44,0,2,3.8,40.1,0,1
1652,18,0,2,3,4.74,2,1,2,1,0,0,1,2.06,3,98.89,0,2,3.2,34.77,0,1
1653,17,1,0,3,15.48,26,1,3,0,0,0,1,3.74,0,85.56,2,1,3.8,21.58,0,3
1654,15,1,0,2,4.8,11,0,2,1,1,1,0,3.0,1,93.89,0,3,1.2,40.68,0,2
1655,16,0,0,2,14.58,6,0,0,0,1,1,0,2.59,2,96.67,1,2,0.0,36.47,0,1
1656,15,1,0,4,5.04,0,0,2,0,0,1,0,3.99,0,100.0,1,1,1.2,40.77,0,3
1657,17,0,2,2,7.91,8,1,2,1,0,1,0,2.86,2,95.56,1,2,3.2,29.97,0,1
1658,17,0,3,2,19.66,29,1,0,0,0,0,1,3.86,0,83.89,2,1,2.0,24.82,0,3
1659,18,0,3,2,4.9,17,0,3,0,1,0,0,2.12,3,90.56,0,1,1.8,46.2,0,1
1660,16,0,1,2,7.53,23,0,4,0,1,1,1,2.57,2,87.22,1,3,2.4,35.23,0,1
1661,18,0,0,2,6.02,25,1,2,0,1,1,1,1.68,4,86.11,1,3,3.2,36.09,0,0
1662,17,1,0,0,2.19,19,0,4,0,0,0,0,2.31,3,89.44,0,0,2.4,49.27,0,1
1663,15,0,2,4,9.8,5,0,1,0,0,0,1,3.56,0,97.22,1,1,0.6,39.6,0,3
1664,16,0,1,2,7.57,8,1,3,0,0,0,1,2.78,2,95.56,1,1,3.8,30.37,0,1
1665,15,1,1,2,13.9,22,1,3,0,0,1,1,2.59,2,87.78,1,2,3.8,23.15,0,1
1666,15,1,2,1,16.35,30,1,2,0,0,0,0,3.38,1,83.33,2,0,3.2,27.4,0,2
1667,16,0,2,0,10.88,7,0,4,1,1,1,1,3.13,1,96.11,1,4,2.4,24.03,0,2
1668,18,1,2,1,0.64,30,0,2,0,1,0,0,2.31,3,83.33,0,1,1.2,56.3,1,1
1669,15,1,0,3,12.38,22,0,1,1,1,0,1,2.19,3,87.78,1,3,0.6,38.1,0,1
1670,17,0,2,1,1.11,17,0,3,1,0,0,0,2.04,3,90.56,0,1,1.8,51.13,1,1
1671,15,0,3,4,12.33,24,0,4,1,0,1,1,2.86,2,86.67,1,3,2.4,28.69,0,1
1672,16,1,0,1,13.7,14,1,4,1,0,0,0,2.17,3,92.22,1,1,4.4,22.67,0,1
1673,16,0,1,1,3.96,0,1,2,0,0,0,1,3.37,1,100.0,0,1,3.2,34.58,0,2
1674,16,0,0,1,16.39,13,0,3,1,0,0,1,3.32,1,92.78,2,2,1.8,25.56,0,2
1675,18,1,3,0,18.22,17,0,1,0,1,0,0,2.98,2,90.56,2,1,0.6,32.85,0,1
1676,15,0,0,3,16.26,18,0,2,0,1,0,0,2.27,3,90.0,2,1,1.2,34.55,0,1
1677,18,0,1,4,6.1,18,0,2,0,0,0,0,3.05,1,90.0,1,0,1.2,47.8,0,2
1678,18,0,0,3,11.73,29,0,2,1,0,0,0,2.21,3,83.89,1,1,1.2,42.5,0,1
1679,16,0,2,1,18.3,9,0,2,1,0,0,0,3.65,0,95.0,2,1,1.2,26.8,0,3
1680,16,0,0,1,6.41,19,0,4,1,0,0,0,2.57,2,89.44,1,1,2.4,40.85,0,1
1681,18,1,0,2,16.4,20,1,2,1,1,1,0,3.09,1,88.89,2,3,3.2,18.62,0,2
1682,15,1,1,4,0.19,5,0,3,1,1,0,1,3.24,1,97.22,0,3,1.8,41.95,0,2
1683,17,0,3,1,0.07,16,0,2,0,0,1,0,2.61,2,91.11,0,1,1.2,53.54,1,1
1684,18,1,0,3,15.19,13,1,4,1,0,0,1,1.71,4,92.78,2,2,4.4,19.26,0,0
1685,15,0,0,2,15.23,12,0,1,1,0,1,1,2.07,3,93.33,2,3,0.6,32.89,0,1
1686,16,0,2,1,15.78,7,1,3,1,1,0,1,2.89,2,96.11,2,3,3.8,14.64,0,1
1687,16,0,1,2,18.6,21,0,3,0,0,0,1,3.17,1,88.33,2,1,1.8,27.23,0,2
1688,15,0,3,1,2.36,9,1,3,1,0,0,1,3.74,0,95.0,0,2,3.8,32.18,0,3
1689,17,0,0,3,4.64,8,0,1,0,1,0,1,2.6,2,95.56,0,2,0.6,46.53,0,1
1690,16,1,1,1,18.07,4,0,2,0,0,1,1,3.54,0,97.78,2,2,1.2,23.88,0,3
1691,16,1,0,3,3.54,22,0,3,1,1,1,1,3.04,1,87.78,0,4,1.8,39.07,0,2
1692,16,0,0,1,13.64,26,1,2,0,0,1,0,2.11,3,85.56,1,1,3.2,30.68,0,1
1693,15,1,2,4,10.61,3,0,3,0,0,0,0,3.14,1,98.33,1,0,1.8,36.29,0,2
1694,18,0,1,1,1.66,5,0,2,1,0,0,0,2.38,3,97.22,0,1,1.2,49.99,0,1
1695,16,1,2,4,5.71,5,0,2,1,0,1,1,2.52,2,97.22,1,3,1.2,39.58,0,1
1696,18,0,0,3,10.41,12,0,1,0,0,1,1,3.69,0,93.33,1,2,0.6,37.37,0,3
1697,17,1,1,4,17.05,3,0,0,0,1,0,1,3.32,1,98.33,2,2,0.0,30.97,0,2
1698,16,0,1,2,14.15,21,1,3,1,0,1,1,2.64,2,88.33,1,3,3.8,20.02,0,1
1699,16,0,3,3,12.44,7,1,2,0,0,1,0,2.87,2,96.11,1,1,3.2,26.59,0,1
1700,17,1,0,2,9.92,26,0,3,1,1,0,0,2.75,2,85.56,1,2,1.8,37.6,0,1
1701,16,1,0,1,5.97,4,0,2,1,0,0,0,2.99,2,97.78,1,1,1.2,42.88,0,1
1702,18,0,0,2,2.38,1,0,1,1,0,0,0,1.76,4,99.44,0,1,0.6,52.59,1,0
1703,15,1,1,1,8.18,8,0,2,0,1,1,1,3.51,0,95.56,1,3,1.2,34.6,0,3
1704,18,0,0,4,0.57,10,1,2,0,0,1,1,3.0,1,94.44,0,2,3.2,39.19,0,2
1705,15,1,3,1,4.22,19,1,3,1,1,1,1,2.35,3,89.44,0,4,3.8,30.27,0,1
1706,15,1,0,2,8.65,19,0,4,1,1,1,1,4.0,0,89.44,1,4,2.4,26.97,0,3
1707,18,0,3,3,8.37,10,0,4,1,1,0,0,3.26,1,94.44,1,2,2.4,32.42,0,2
1708,18,1,0,2,0.89,6,1,2,0,0,0,0,3.6,0,96.67,0,0,3.2,41.51,0,3
1709,18,1,2,3,11.78,25,0,3,0,0,1,0,3.4,1,86.11,1,1,1.8,35.95,0,2
1710,18,0,3,1,10.99,13,0,4,0,1,1,0,3.97,0,92.78,1,2,2.4,27.96,0,3
1711,17,1,0,2,1.56,25,1,2,1,0,0,0,3.08,1,86.11,0,1,3.2,43.17,0,2
1712,16,0,3,1,18.86,5,0,3,1,1,0,0,3.69,0,97.22,2,2,1.8,19.99,0,3
1713,15,0,1,4,1.99,29,1,3,0,1,0,0,3.05,1,83.89,0,1,3.8,40.75,0,2
1714,18,0,3,3,17.1,3,0,3,1,1,0,1,4.0,0,98.33,2,3,1.8,18.53,0,3
1715,18,0,2,4,0.01,5,0,3,1,0,0,0,2.59,2,97.22,0,1,1.8,48.8,0,1
1716,18,0,0,0,17.65,2,0,3,1,0,0,0,3.37,1,98.89,2,1,1.8,24.22,0,2
1717,17,1,0,1,0.39,22,0,3,1,0,0,0,2.17,3,87.78,0,1,1.8,52.68,1,1
1718,18,0,0,1,15.16,5,0,3,1,0,1,0,3.59,0,97.22,2,2,1.8,24.87,0,3
1719,18,0,0,0,7.23,2,1,2,1,0,1,1,2.87,2,98.89,1,3,3.2,27.13,0,1
1720,18,1,0,1,14.76,0,1,3,1,1,1,1,3.28,1,100.0,1,4,3.8,11.08,0,2
1721,16,1,0,3,8.03,27,0,1,1,1,1,0,1.6,4,85.0,1,3,0.6,45.99,0,0
1722,17,1,1,1,1.42,25,1,4,1,1,1,0,3.69,0,86.11,0,3,4.4,31.36,0,3
1723,18,0,2,2,15.35,20,1,2,0,0,0,1,2.36,3,88.89,2,1,3.2,26.76,0,1
1724,15,0,0,4,1.43,25,1,2,1,1,0,0,2.88,2,86.11,0,2,3.2,41.33,0,1
1725,15,0,0,3,18.44,17,1,3,0,1,1,0,3.56,0,90.56,2,2,3.8,14.08,0,3
1726,15,1,1,2,1.02,22,0,3,1,1,0,1,3.26,1,87.78,0,3,1.8,44.17,0,2
1727,17,0,0,2,9.59,28,0,2,0,1,0,0,2.3,3,84.44,1,1,1.2,44.75,0,1
1728,17,1,0,2,14.46,22,1,2,0,0,0,0,2.22,3,87.78,1,0,3.2,31.11,0,1
1729,15,0,0,1,7.86,3,0,4,0,1,0,0,3.5,0,98.33,1,1,2.4,33.6,0,3
1730,18,1,3,3,4.34,5,1,1,0,0,1,0,3.51,0,97.22,0,1,2.6,37.45,0,3
1731,17,0,2,2,15.18,16,0,0,0,1,1,0,2.95,2,91.11,2,2,0.0,36.76,0,1
1732,15,0,0,4,15.69,17,0,3,0,1,0,0,3.08,1,90.56,2,1,1.8,30.31,0,2
1733,15,0,2,3,18.45,30,0,3,0,0,0,1,2.84,2,83.33,2,1,1.8,29.99,0,1
1734,18,1,1,3,7.52,5,0,3,0,1,0,0,2.45,3,97.22,1,1,1.8,39.77,0,1
1735,16,1,2,2,10.13,1,0,3,1,0,1,0,1.99,4,99.44,1,2,1.8,34.38,0,0
1736,17,0,2,1,7.26,11,1,4,0,1,0,1,3.88,0,93.89,1,2,4.4,23.36,0,3
1737,18,0,1,3,5.14,11,0,4,1,1,0,0,2.95,2,93.89,1,2,2.4,37.43,0,1
1738,15,0,0,2,15.02,26,0,3,1,1,0,0,3.23,1,85.56,2,2,1.8,30.02,0,2
1739,15,1,0,1,6.79,3,0,2,0,0,0,0,2.64,2,98.33,1,0,1.2,45.04,0,1
1740,18,0,1,1,8.56,15,0,2,0,0,1,1,2.54,2,91.67,1,2,1.2,40.41,0,1
1741,17,0,3,1,8.07,19,0,3,0,1,0,1,2.48,3,89.44,1,2,1.8,39.23,0,1
1742,16,0,1,3,14.25,9,1,2,1,0,1,0,3.11,1,95.0,1,2,3.2,21.62,0,2
1743,16,0,2,1,18.36,24,1,1,1,1,1,0,3.47,1,86.67,2,3,2.6,18.72,0,2
1744,15,1,3,2,13.34,30,1,3,0,1,0,1,2.93,2,83.33,1,2,3.8,24.56,0,1
1745,17,1,0,2,9.43,9,0,4,0,1,1,0,3.88,0,95.0,1,2,2.4,29.35,0,3
1746,16,0,2,2,15.58,6,0,2,1,1,1,1,2.57,2,96.67,2,4,1.2,24.81,0,1
1747,17,0,2,4,12.82,13,1,3,0,0,1,0,3.12,1,92.78,1,1,3.8,23.93,0,2
1748,17,1,3,4,1.21,6,0,3,1,0,1,1,2.9,2,96.67,0,3,1.8,41.72,0,1
1749,15,1,3,2,1.91,11,0,2,0,1,1,0,3.03,1,93.89,0,2,1.2,46.72,0,2
1750,16,0,2,0,0.76,10,1,3,0,1,0,0,2.4,3,94.44,0,1,3.8,40.22,0,1
1751,18,1,0,2,9.14,16,1,2,0,1,1,1,3.51,0,91.11,1,3,3.2,25.87,0,3
1752,15,1,2,3,16.52,10,0,2,1,0,0,0,3.39,1,94.44,2,1,1.2,29.87,0,2
1753,16,0,0,2,6.26,20,0,3,0,1,0,0,3.47,1,88.89,1,1,1.8,41.71,0,2
1754,16,1,2,3,7.68,2,0,3,0,1,0,0,2.81,2,98.89,1,1,1.8,38.08,0,1
1755,16,1,3,1,18.19,18,0,2,0,1,0,0,2.05,3,90.0,2,1,1.2,32.68,0,1
1756,16,0,0,3,16.74,21,0,1,0,1,0,0,3.3,1,88.33,2,1,0.6,34.68,0,2
1757,16,0,1,1,13.3,3,0,3,1,1,0,0,3.65,0,98.33,1,2,1.8,26.65,0,3
1758,17,1,1,3,5.34,7,0,2,0,1,1,1,1.73,4,96.11,1,3,1.2,42.41,0,0
1759,15,0,1,2,2.34,13,1,1,1,1,1,0,3.02,1,92.78,0,3,2.6,37.73,0,2
1760,17,1,0,3,0.32,19,1,2,0,0,0,1,2.82,2,89.44,0,1,3.2,44.2,0,1
1761,18,0,2,0,2.14,23,0,3,1,1,0,1,2.2,3,87.22,0,3,1.8,45.62,0,1
1762,16,1,3,2,5.85,13,0,3,1,0,0,1,3.58,0,92.78,1,2,1.8,38.08,0,3
1763,15,0,3,3,11.04,27,0,4,1,1,1,1,2.66,2,85.0,1,4,2.4,28.89,0,1
1764,16,1,0,1,1.28,15,0,1,1,0,0,1,3.31,1,91.67,0,2,0.6,50.31,1,2
1765,15,1,3,3,2.72,14,0,2,0,0,0,0,3.1,1,92.22,0,0,1.2,51.12,1,2
1766,17,1,2,3,3.62,11,1,3,1,1,1,1,3.39,1,93.89,0,4,3.8,26.87,0,2
1767,15,0,0,2,12.64,15,0,3,1,0,1,1,3.21,1,91.67,1,3,1.8,28.41,0,2
1768,18,0,0,2,12.32,19,0,2,0,1,0,0,3.13,1,89.44,1,1,1.2,37.52,0,2
1769,18,1,0,2,11.02,18,0,2,0,0,1,0,2.45,3,90.0,1,1,1.2,40.65,0,1
1770,15,1,3,2,5.01,4,0,2,0,0,1,0,2.24,3,97.78,1,1,1.2,45.96,0,1
1771,15,0,1,2,7.42,11,0,3,1,0,0,0,3.7,0,93.89,1,1,1.8,37.93,0,3
1772,15,0,2,3,1.93,28,0,2,0,1,0,0,2.12,3,84.44,0,1,1.2,54.78,1,1
1773,15,0,0,2,4.53,4,0,4,1,0,0,0,2.87,2,97.78,0,1,2.4,39.53,0,1
1774,18,0,2,1,17.95,9,0,2,0,0,1,1,2.38,3,95.0,2,2,1.2,27.91,0,1
1775,16,0,0,1,19.59,25,0,2,1,0,0,0,3.11,1,86.11,2,1,1.2,29.64,0,2
1776,15,0,0,0,12.95,16,1,2,1,0,0,0,2.35,3,91.11,1,1,3.2,29.0,0,1
1777,15,1,1,2,18.34,14,0,0,1,1,1,1,3.13,1,92.22,2,4,0.0,26.97,0,2
1778,18,0,0,3,12.85,7,1,3,0,1,0,0,3.09,1,96.11,1,1,3.8,22.8,0,2
1779,18,1,2,3,0.66,7,0,3,1,0,1,1,2.97,2,96.11,0,3,1.8,42.43,0,1
1780,17,0,0,1,19.94,7,1,0,1,0,1,0,3.98,0,96.11,2,2,2.0,17.4,0,3
1781,15,0,2,4,1.98,29,0,3,1,0,1,0,1.97,4,83.89,0,2,1.8,50.06,1,0
1782,17,1,1,2,13.65,9,0,3,1,1,0,0,2.81,2,95.0,1,2,1.8,29.48,0,1
1783,18,1,1,4,5.06,19,0,2,1,0,1,0,2.32,3,89.44,1,2,1.2,46.12,0,1
1784,18,0,0,3,7.84,12,0,2,1,1,0,0,3.09,1,93.33,1,2,1.2,39.35,0,2
1785,16,1,0,3,12.92,29,0,2,1,1,0,1,2.92,2,83.89,1,3,1.2,34.23,0,1
1786,15,1,3,1,8.73,15,0,2,1,0,1,1,2.64,2,91.67,1,3,1.2,37.45,0,1
1787,17,1,0,1,5.01,8,1,2,1,1,1,0,3.5,0,95.56,1,3,3.2,29.5,0,3
1788,18,1,2,0,6.69,15,0,1,1,0,0,1,2.56,2,91.67,1,2,0.6,45.43,0,1
1789,18,0,3,3,6.83,9,0,2,1,0,0,1,2.57,2,95.0,1,2,1.2,41.33,0,1
1790,17,1,0,2,19.19,2,0,4,0,0,0,0,4.0,0,98.89,2,0,2.4,20.49,0,3
1791,16,0,0,3,15.97,22,0,0,1,0,0,1,2.61,2,87.78,2,2,0.0,37.79,0,1
1792,18,0,2,2,9.17,21,1,1,0,1,1,0,2.67,2,88.33,1,2,2.6,34.13,0,1
1793,15,0,3,3,4.0,24,1,3,0,1,0,1,2.73,2,86.67,0,2,3.8,35.57,0,1
1794,18,0,3,1,16.22,27,0,1,0,1,0,1,2.74,2,85.0,2,2,0.6,35.4,0,1
1795,15,1,1,1,3.14,13,0,2,0,1,1,1,3.23,1,92.78,0,3,1.2,42.57,0,2
1796,17,1,2,2,4.21,12,1,2,1,0,0,0,3.28,1,93.33,0,1,3.2,36.83,0,2
1797,15,0,0,2,7.32,3,0,4,0,0,0,0,3.34,1,98.33,1,0,2.4,37.18,0,2
1798,17,0,3,2,17.61,3,0,1,1,1,1,1,2.68,2,98.33,2,4,0.6,24.14,0,1
1799,15,0,3,3,2.64,5,1,4,0,0,0,1,3.1,1,97.22,0,1,4.4,32.42,0,2
1800,17,0,0,1,2.44,23,0,3,1,0,0,1,2.43,3,87.22,0,2,1.8,47.17,0,1
1801,15,1,0,2,9.88,18,0,3,1,0,1,1,3.13,1,90.0,1,3,1.8,32.64,0,2
1802,16,0,0,3,5.53,10,1,3,0,0,0,1,2.92,2,94.44,1,1,3.8,32.96,0,1
1803,15,1,0,1,11.37,7,1,0,0,0,1,1,3.64,0,96.11,1,2,2.0,28.96,0,3
1804,15,0,2,4,9.03,13,1,1,1,0,1,1,3.33,1,92.78,1,3,2.6,28.6,0,2
1805,16,0,0,4,8.7,7,0,2,1,0,1,0,3.3,1,96.11,1,2,1.2,36.78,0,2
1806,18,0,0,1,2.24,29,1,1,0,0,0,1,1.88,4,83.89,0,1,2.6,48.82,0,0
1807,18,0,0,1,2.82,13,1,4,1,1,0,1,2.57,2,92.78,0,3,4.4,30.08,0,1
1808,15,1,3,2,16.42,22,1,3,1,1,0,1,2.83,2,87.78,2,3,3.8,16.9,0,1
1809,16,1,1,3,17.72,6,0,2,0,1,0,1,3.2,1,96.67,2,2,1.2,25.56,0,2
1810,15,1,1,2,4.69,20,1,3,1,0,0,0,3.38,1,88.89,0,1,3.8,34.8,0,2
1811,17,0,0,3,2.27,17,1,4,0,1,0,1,2.54,2,90.56,0,2,4.4,34.12,0,1
1812,17,0,3,3,1.07,11,0,4,1,0,0,1,2.03,3,93.89,0,2,2.4,44.82,0,1
1813,15,1,2,1,12.17,13,0,3,1,1,1,0,3.65,0,92.78,1,3,1.8,27.51,0,3
1814,18,1,0,3,14.31,14,1,2,0,1,0,1,2.89,2,92.22,1,2,3.2,23.07,0,1
1815,18,0,0,3,7.46,17,1,1,0,0,1,1,2.8,2,90.56,1,2,2.6,35.16,0,1
1816,15,0,0,2,13.59,28,1,1,0,0,0,0,3.2,1,84.44,1,0,2.6,33.64,0,2
1817,15,1,0,4,14.26,11,0,0,1,1,1,1,3.56,0,93.89,1,4,0.0,30.41,0,3
1818,17,0,1,3,18.71,9,0,0,1,0,1,1,2.59,2,95.0,2,3,0.0,29.39,0,1
1819,18,0,3,1,1.3,11,0,4,1,0,0,0,2.86,2,93.89,0,1,2.4,44.95,0,1
1820,15,1,1,2,3.85,7,1,4,1,0,0,1,3.78,0,96.11,0,2,4.4,27.1,0,3
1821,17,0,2,2,1.37,26,0,3,1,0,1,0,2.5,2,85.56,0,2,1.8,48.91,0,1
1822,18,1,1,1,17.36,5,1,3,0,0,0,0,3.83,0,97.22,2,0,3.8,17.43,0,3
1823,16,0,2,4,15.85,23,0,2,1,0,0,0,2.97,2,87.22,2,1,1.2,34.28,0,1
1824,17,1,2,1,11.49,18,1,2,1,1,0,0,3.44,1,90.0,1,2,3.2,25.99,0,2
1825,18,0,0,3,1.67,0,0,4,0,0,0,1,3.68,0,100.0,0,1,2.4,40.3,0,3
1826,18,1,0,2,5.47,12,1,2,0,1,0,1,3.75,0,93.33,1,2,3.2,31.58,0,3
1827,17,1,1,0,5.95,21,1,3,1,1,0,1,2.99,2,88.33,1,3,3.8,29.4,0,1
1828,16,1,0,4,11.21,15,1,2,0,0,1,0,2.86,2,91.67,1,1,3.2,29.71,0,1
1829,17,1,0,4,5.16,17,0,4,1,1,0,1,3.06,1,90.56,1,3,2.4,35.79,0,2
1830,18,0,1,2,1.46,11,0,3,0,1,1,0,2.89,2,93.89,0,2,1.8,44.91,0,1
1831,15,0,3,1,14.62,30,1,3,1,0,0,1,2.85,2,83.33,1,2,3.8,23.16,0,1
1832,15,1,1,1,5.98,24,0,1,0,1,1,0,2.79,2,86.67,1,2,0.6,47.49,0,1
1833,17,0,2,2,9.05,4,1,2,1,1,0,0,3.39,1,97.78,1,2,3.2,26.44,0,2
1834,18,0,1,1,2.55,20,1,2,1,1,1,1,2.82,2,88.89,0,4,3.2,34.11,0,1
1835,15,0,2,2,16.05,12,1,2,0,1,0,0,4.0,0,93.33,2,1,3.2,20.23,0,3
1836,18,0,1,4,11.31,25,0,4,0,1,1,1,2.53,2,86.11,1,3,2.4,30.99,0,1
1837,17,0,3,2,18.03,7,1,3,0,0,0,0,3.49,1,96.11,2,0,3.8,17.83,0,2
1838,15,1,1,4,9.91,5,0,2,1,1,0,0,3.07,1,97.22,1,2,1.2,35.46,0,2
1839,18,1,1,3,18.83,2,0,2,1,0,0,0,2.34,3,98.89,2,1,1.2,28.05,0,1
1840,15,1,1,2,17.84,24,0,3,1,0,1,1,2.63,2,86.67,2,3,1.8,25.11,0,1
1841,17,1,1,4,11.53,25,1,1,0,1,0,1,2.14,3,86.11,1,2,2.6,33.28,0,1
1842,18,0,0,2,18.68,19,1,1,1,0,1,0,3.44,1,89.44,2,2,2.6,19.93,0,2
1843,15,0,0,4,6.46,25,0,0,1,1,0,1,1.89,4,86.11,1,3,0.0,49.56,0,0
1844,17,1,0,1,7.31,3,0,0,1,0,0,0,2.02,3,98.33,1,1,0.0,48.9,0,1
1845,15,0,3,1,0.91,11,1,2,0,1,1,0,2.64,2,93.89,0,2,3.2,39.86,0,1
1846,15,0,0,4,11.78,12,1,2,1,0,0,0,2.95,2,93.33,1,1,3.2,28.19,0,1
1847,16,1,0,2,14.44,1,1,3,1,1,0,0,3.17,1,99.44,1,2,3.8,16.95,0,2
1848,16,0,2,4,15.47,18,1,3,1,0,0,1,2.67,2,90.0,2,2,3.8,20.21,0,1
1849,17,1,0,4,3.0,3,1,2,0,0,0,0,3.47,1,98.33,0,0,3.2,38.61,0,2
1850,16,1,1,1,8.88,22,0,2,0,1,0,1,2.52,2,87.78,1,2,1.2,41.42,0,1
1851,17,0,0,2,3.54,12,0,4,1,0,0,1,3.32,1,93.33,0,2,2.4,38.7,0,2
1852,16,0,3,2,13.24,18,0,3,0,0,0,0,2.36,3,90.0,1,0,1.8,37.87,0,1
1853,15,1,3,3,3.16,7,1,2,0,0,0,0,2.59,2,96.11,0,0,3.2,41.39,0,1
1854,17,1,3,3,18.08,7,0,2,1,0,0,1,2.75,2,96.11,2,2,1.2,26.43,0,1
1855,17,0,1,1,4.61,15,1,1,1,1,0,0,2.68,2,91.67,0,2,2.6,38.63,0,1
1856,15,1,2,2,5.83,25,0,2,1,0,0,1,2.19,3,86.11,1,2,1.2,46.64,0,1
1857,17,1,0,3,17.02,10,1,4,0,0,0,1,3.92,0,94.44,2,1,4.4,13.37,0,3
1858,17,1,0,1,9.17,17,1,2,1,0,1,0,1.72,4,90.56,1,2,3.2,33.0,0,0
1859,16,0,0,3,0.48,3,0,3,0,1,0,0,3.71,0,98.33,0,1,1.8,45.03,0,3
1860,17,1,1,3,9.89,23,0,2,0,1,1,0,2.56,2,87.22,1,2,1.2,40.26,0,1
1861,18,0,1,4,1.69,0,0,4,0,1,0,0,2.68,2,100.0,0,1,2.4,42.78,0,1
1862,15,1,1,2,19.71,0,1,2,1,0,0,1,4.0,0,100.0,2,2,3.2,10.82,0,3
1863,16,0,0,1,11.76,29,1,2,1,1,0,0,2.66,2,83.89,1,2,3.2,29.74,0,1
1864,16,1,1,2,5.13,13,0,3,1,1,0,0,2.64,2,92.78,1,2,1.8,41.33,0,1
1865,18,0,2,1,11.27,3,0,3,0,1,0,0,2.72,2,98.33,1,1,1.8,34.02,0,1
1866,15,0,1,4,1.54,10,0,3,1,0,1,1,2.74,2,94.44,0,3,1.8,42.49,0,1
1867,15,0,2,0,16.0,17,0,3,0,1,0,1,3.13,1,90.56,2,2,1.8,27.3,0,2
1868,16,1,0,3,18.51,15,0,2,0,0,0,1,3.3,1,91.67,2,1,1.2,28.57,0,2
1869,17,1,2,2,17.49,16,0,2,1,0,0,0,2.35,3,91.11,2,1,1.2,32.42,0,1
1870,16,1,1,2,6.84,23,0,3,0,1,1,1,2.1,3,87.22,1,3,1.8,39.99,0,1
1871,15,0,0,1,6.52,1,0,3,1,0,0,1,3.49,1,99.44,1,2,1.8,35.14,0,2
1872,18,1,0,3,0.7,3,1,2,1,0,0,1,2.7,2,98.33,0,2,3.2,38.41,0,1
1873,16,0,1,2,13.03,2,1,3,0,1,0,0,3.26,1,98.89,1,1,3.8,21.18,0,2
1874,15,1,2,1,10.7,14,0,4,1,0,1,1,3.02,1,92.22,1,3,2.4,28.39,0,2
1875,16,0,1,4,9.19,1,1,3,1,1,0,0,4.0,0,99.44,1,2,3.8,21.44,0,3
1876,17,0,0,2,18.15,23,0,1,0,1,0,1,3.46,1,87.22,2,2,0.6,30.41,0,2
1877,16,0,3,2,3.36,18,0,2,1,1,1,1,2.8,2,90.0,0,4,1.2,41.85,0,1
1878,16,1,2,2,0.19,30,1,2,1,1,0,1,2.14,3,83.33,0,3,3.2,43.2,0,1
1879,15,1,1,1,1.47,8,0,2,1,1,1,1,3.86,0,95.56,0,4,1.2,39.61,0,3
1880,15,1,1,4,4.47,9,0,2,1,1,1,1,3.26,1,95.0,0,4,1.2,37.56,0,2
1881,15,0,0,2,0.67,20,0,2,1,0,0,1,3.17,1,88.89,0,2,1.2,49.67,0,2
1882,16,0,1,1,10.06,24,0,0,1,1,0,0,2.33,3,86.67,1,2,0.0,46.27,0,1
1883,17,1,0,2,6.28,18,1,2,1,0,1,0,2.23,3,90.0,1,2,3.2,35.53,0,1
1884,18,1,3,3,3.61,27,0,2,1,0,0,0,2.72,2,85.0,0,1,1.2,50.98,1,1
1885,18,1,1,2,15.0,4,0,2,0,0,0,0,3.07,1,97.78,1,0,1.2,33.9,0,2
1886,15,0,1,3,4.09,13,1,1,1,1,1,0,3.66,0,92.78,0,3,2.6,33.95,0,3
1887,15,0,1,1,13.75,9,0,1,0,1,0,1,2.82,2,95.0,1,2,0.6,34.79,0,1
1888,16,0,3,1,6.99,15,0,1,1,0,1,0,2.38,3,91.67,1,2,0.6,45.5,0,1
1889,18,0,2,3,10.24,5,1,4,0,0,0,1,3.94,0,97.22,1,1,4.4,20.82,0,3
1890,15,0,1,1,18.68,24,0,3,0,0,0,1,2.66,2,86.67,2,1,1.8,28.98,0,1
1891,17,1,2,4,0.75,7,1,2,0,1,0,1,2.81,2,96.11,0,2,3.2,38.85,0,1
1892,17,0,1,1,10.01,1,1,4,0,0,0,0,2.46,3,99.44,1,0,4.4,26.53,0,1
1893,15,0,1,3,17.09,17,0,2,0,1,1,1,3.58,0,90.56,2,3,1.2,25.04,0,3
1894,15,0,0,2,11.76,28,0,3,0,1,0,0,2.59,2,84.44,1,1,1.8,38.59,0,1
1895,18,0,1,3,5.54,20,0,1,1,1,1,0,2.02,3,88.89,1,3,0.6,46.69,0,1
1896,18,0,0,1,7.95,20,1,3,1,1,0,0,3.42,1,88.89,1,2,3.8,28.13,0,2
1897,16,1,3,1,13.61,20,0,1,1,0,0,1,2.55,2,88.89,1,2,0.6,37.77,0,1
1898,18,0,0,1,17.82,19,1,0,1,1,0,1,3.81,0,89.44,2,3,2.0,20.31,0,3
1899,17,0,3,1,0.82,7,1,2,1,0,0,0,3.42,1,96.11,0,1,3.2,39.74,0,2
1900,17,0,1,2,1.43,26,1,4,1,0,0,1,2.1,3,85.56,0,2,4.4,38.02,0,1
1901,15,1,1,2,6.5,4,1,1,0,0,0,0,3.28,1,97.78,1,0,2.6,37.63,0,2
1902,18,1,1,2,4.66,16,1,2,0,0,1,0,3.3,1,91.11,0,1,3.2,36.99,0,2
1903,16,1,0,3,5.3,15,1,2,0,0,0,0,1.99,4,91.67,1,0,3.2,41.77,0,0
1904,17,0,0,3,4.43,25,0,3,1,0,0,1,2.49,3,86.11,0,2,1.8,44.92,0,1
1905,17,1,0,3,3.92,29,1,2,0,0,0,0,2.3,3,83.89,0,0,3.2,45.44,0,1
1906,16,0,1,2,2.61,4,1,3,1,0,0,0,3.54,0,97.78,0,1,3.8,33.89,0,3
1907,16,0,1,2,18.68,16,0,2,0,0,1,0,2.52,2,91.11,2,1,1.2,30.51,0,1
1908,17,1,2,2,2.88,3,0,3,0,0,0,0,2.98,2,98.33,0,0,1.8,46.35,0,1
1909,17,0,0,3,4.09,0,0,1,1,1,0,0,3.84,0,100.0,0,2,0.6,42.56,0,3
1910,16,0,0,1,4.93,21,0,2,0,1,1,0,1.51,4,88.33,0,2,1.2,48.69,0,0
1911,17,0,1,0,18.66,5,0,4,1,0,0,0,3.26,1,97.22,2,1,2.4,21.09,0,2
1912,15,1,3,3,15.11,0,0,3,1,1,0,1,3.39,1,100.0,2,3,1.8,21.96,0,2
1913,15,0,2,1,15.79,27,1,4,0,1,1,0,1.76,4,85.0,2,2,4.4,21.11,0,0
1914,16,0,1,4,2.1,23,0,3,1,1,0,0,1.81,4,87.22,0,2,1.8,49.14,0,0
1915,18,1,1,4,16.73,29,1,2,0,0,0,0,3.37,1,83.89,2,0,3.2,26.76,0,2
1916,16,0,0,1,8.16,3,0,3,1,0,1,0,2.95,2,98.33,1,2,1.8,34.83,0,1
1917,16,0,3,1,5.26,1,0,3,1,1,0,0,3.04,1,99.44,1,2,1.8,37.84,0,2
1918,18,1,2,2,11.52,12,0,2,0,1,0,0,2.79,2,93.33,1,1,1.2,38.0,0,1
1919,18,0,0,3,16.44,13,0,1,1,0,0,0,3.57,0,92.78,2,1,0.6,32.82,0,3
1920,18,0,1,1,15.57,16,1,2,0,1,0,0,4.0,0,91.11,2,1,3.2,21.6,0,3
1921,15,0,0,3,17.8,10,1,1,0,1,1,1,3.79,0,94.44,2,3,2.6,15.9,0,3
1922,17,0,3,2,18.56,2,1,2,1,1,1,0,2.23,3,98.89,2,3,3.2,14.57,0,1
1923,15,0,0,2,4.76,6,0,4,1,0,0,0,2.93,2,96.67,0,1,2.4,39.48,0,1
1924,17,1,1,0,8.48,9,1,3,1,1,1,0,3.72,0,95.0,1,3,3.8,22.08,0,3
1925,15,1,0,3,0.29,10,0,3,1,1,0,1,2.58,2,94.44,0,3,1.8,44.45,0,1
1926,17,1,2,1,17.59,9,0,2,1,1,1,0,3.78,0,95.0,2,3,1.2,22.36,0,3
1927,15,1,2,3,3.09,7,1,2,1,1,1,0,2.82,2,96.11,0,3,3.2,33.4,0,1
1928,18,0,2,2,17.23,4,1,3,1,0,0,1,2.76,2,97.78,2,2,3.8,15.07,0,1
1929,16,0,1,2,6.59,22,0,2,1,0,0,0,2.93,2,87.78,1,1,1.2,45.76,0,1
1930,15,0,3,4,7.36,1,1,3,0,1,1,1,3.55,0,99.44,1,3,3.8,22.35,0,3
1931,17,0,0,4,0.78,27,1,4,1,1,1,1,2.52,2,85.0,0,4,4.4,32.98,0,1
1932,18,0,0,2,6.54,27,0,2,1,1,1,1,3.21,1,85.0,1,4,1.2,38.6,0,2
1933,15,1,0,1,17.77,14,0,2,1,1,0,1,2.06,3,92.22,2,3,1.2,27.41,0,1
1934,15,1,3,3,0.51,15,1,2,0,0,0,0,3.24,1,91.67,0,0,3.2,44.63,0,2
1935,18,0,0,2,8.13,3,1,2,1,0,0,1,2.83,2,98.33,1,2,3.2,28.8,0,1
1936,15,0,2,1,0.63,21,0,0,1,1,0,0,3.15,1,88.33,0,2,0.0,55.42,1,2
1937,16,0,2,4,7.42,27,0,4,1,0,1,0,3.19,1,85.0,1,2,2.4,37.09,0,2
1938,15,1,0,1,3.45,27,0,4,1,1,1,0,2.39,3,85.0,0,3,2.4,41.55,0,1
1939,16,0,0,0,5.04,15,0,4,1,1,0,0,2.24,3,91.67,1,2,2.4,40.11,0,1
1940,16,0,0,0,17.55,11,0,4,1,1,0,0,2.3,3,93.89,2,2,2.4,23.54,0,1
1941,18,0,1,3,8.72,27,0,4,1,0,0,0,2.7,2,85.0,1,1,2.4,39.19,0,1
1942,15,1,0,3,5.48,13,1,4,0,0,0,1,3.07,1,92.78,1,1,4.4,30.5,0,2
1943,18,0,0,2,11.79,11,1,3,1,1,0,1,3.69,0,93.89,1,3,3.8,18.4,0,3
1944,15,1,3,2,2.84,27,1,1,0,0,1,0,2.11,3,85.0,0,1,2.6,47.11,0,1
1945,15,1,3,2,5.19,20,1,1,0,1,1,0,2.85,2,88.89,1,2,2.6,38.46,0,1
1946,17,1,0,3,10.92,15,1,0,1,0,0,1,2.69,2,91.67,1,2,2.0,33.45,0,1
1947,15,1,0,1,4.75,15,1,2,0,1,1,0,3.52,0,91.67,0,2,3.2,33.63,0,3
1948,18,1,0,4,13.58,21,0,3,1,0,0,0,2.88,2,88.33,1,1,1.8,34.23,0,1
1949,16,1,2,1,9.83,11,1,2,1,1,0,0,2.6,2,93.89,1,2,3.2,28.81,0,1
1950,15,0,2,4,15.44,1,0,2,1,1,0,0,2.67,2,99.44,2,2,1.2,28.77,0,1
1951,17,0,0,1,18.96,22,0,1,0,1,0,1,2.56,2,87.78,2,2,0.6,31.45,0,1
1952,18,0,0,3,2.32,23,0,1,0,0,1,1,2.33,3,87.22,0,2,0.6,53.02,1,1
1953,15,1,2,1,6.69,28,0,2,0,0,1,0,2.33,3,84.44,1,1,1.2,48.3,0,1
1954,18,0,1,1,6.39,13,0,1,0,1,0,1,2.83,2,92.78,1,2,0.6,44.74,0,1
1955,17,1,0,4,3.02,10,1,1,1,0,1,0,2.72,2,94.44,0,2,2.6,39.55,0,1
1956,17,1,1,4,16.21,8,0,2,1,0,0,1,2.76,2,95.56,2,2,1.2,28.94,0,1
1957,18,1,0,2,15.2,21,1,2,1,1,1,0,2.79,2,88.33,2,3,3.2,21.06,0,1
1958,15,0,0,3,9.69,6,0,1,1,0,1,0,2.81,2,96.67,1,2,0.6,39.3,0,1
1959,16,1,2,2,10.76,28,1,3,1,0,0,0,2.52,2,84.44,1,1,3.8,30.92,0,1
1960,17,1,2,4,1.19,11,0,2,1,0,0,1,1.94,4,93.89,0,2,1.2,50.35,1,0
1961,15,0,1,2,11.11,28,0,1,0,0,1,1,1.78,4,84.44,1,2,0.6,44.38,0,0
1962,15,0,3,2,15.83,16,0,3,1,1,0,0,2.03,3,91.11,2,2,1.8,30.07,0,1
1963,16,1,1,2,11.48,8,1,2,0,0,0,0,3.14,1,95.56,1,0,3.2,29.81,0,2
1964,17,1,2,2,5.31,5,0,1,1,1,1,1,3.05,1,97.22,1,4,0.6,38.98,0,2
1965,17,0,1,4,13.35,11,0,4,0,0,0,1,2.76,2,93.89,1,1,2.4,30.14,0,1
1966,15,0,3,1,7.23,19,0,3,1,1,1,1,2.98,2,89.44,1,4,1.8,34.03,0,1
1967,15,0,3,1,10.9,9,0,2,0,0,1,0,2.66,2,95.0,1,1,1.2,38.52,0,1
1968,16,1,0,2,9.75,8,1,4,0,1,1,0,3.14,1,95.56,1,2,4.4,21.52,0,2
1969,16,0,3,3,7.62,11,0,4,1,1,0,0,2.35,3,93.89,1,2,2.4,35.83,0,1
1970,17,0,2,1,14.38,0,1,2,0,1,1,0,3.88,0,100.0,1,2,3.2,17.78,0,3
1971,18,0,2,2,17.68,1,1,3,0,0,0,0,4.0,0,99.44,2,0,3.8,15.82,0,3
1972,17,1,0,4,0.1,18,0,3,0,0,0,0,2.79,2,90.0,0,0,1.8,53.22,1,1
1973,15,0,2,1,18.67,0,0,1,0,0,0,0,2.71,2,100.0,2,0,0.6,32.16,0,1
1974,17,0,3,3,10.23,15,0,3,1,1,0,1,3.0,1,91.67,1,3,1.8,31.95,0,2
1975,18,0,0,3,14.01,15,0,1,1,0,0,1,2.49,3,91.67,1,2,0.6,36.45,0,1
1976,16,0,3,2,17.11,17,0,3,1,1,0,0,2.35,3,90.56,2,2,1.8,27.86,0,1
1977,18,0,0,4,9.34,17,0,3,0,1,0,0,3.25,1,90.56,1,1,1.8,37.82,0,2
1978,18,1,0,3,16.7,22,0,2,0,0,0,0,2.35,3,87.78,2,0,1.2,37.07,0,1
1979,18,1,1,2,3.55,25,1,4,1,0,0,1,2.35,3,86.11,0,2,4.4,34.55,0,1
1980,16,1,1,2,3.18,12,1,3,0,1,0,0,1.77,4,93.33,0,1,3.8,39.16,0,0
1981,18,0,1,3,13.15,21,1,4,0,0,1,0,3.64,0,88.33,1,1,4.4,21.05,0,3
1982,18,1,0,2,17.4,11,0,2,1,1,1,0,3.83,0,93.89,2,3,1.2,22.86,0,3
1983,18,1,3,4,17.85,8,0,0,1,1,0,0,3.43,1,95.56,2,2,0.0,30.67,0,2
1984,15,1,0,2,12.87,29,0,3,0,0,1,0,3.09,1,83.89,1,1,1.8,36.14,0,2
1985,18,0,0,1,10.51,4,0,2,0,1,1,0,2.28,3,97.78,1,2,1.2,36.48,0,1
1986,16,0,0,1,6.63,8,0,2,1,1,0,1,2.68,2,95.56,1,3,1.2,38.61,0,1
1987,18,1,1,0,19.6,29,1,3,0,0,1,0,3.27,1,83.89,2,1,3.8,18.19,0,2
1988,18,1,3,0,6.39,12,0,2,1,0,1,0,2.17,3,93.33,1,2,1.2,43.47,0,1
1989,16,0,2,4,14.88,15,0,2,1,1,0,0,2.82,2,91.67,1,2,1.2,31.81,0,1
1990,18,0,2,3,10.64,27,1,2,1,1,0,0,2.0,3,85.0,1,2,3.2,32.4,0,1
1991,16,1,0,3,12.17,9,1,2,0,0,1,0,2.98,2,95.0,1,1,3.2,27.04,0,1
1992,18,0,1,3,7.87,29,0,2,0,0,0,0,2.42,3,83.89,1,0,1.2,49.3,0,1
1993,16,1,1,3,19.3,15,0,0,1,0,0,0,3.16,1,91.67,2,1,0.0,33.39,0,2
1994,18,0,1,2,11.43,13,1,2,0,1,0,1,2.19,3,92.78,1,2,3.2,28.22,0,1
1995,18,1,0,4,18.76,24,0,3,0,0,0,0,2.16,3,86.67,2,0,1.8,32.63,0,1
1996,15,1,2,2,0.15,1,0,2,0,0,1,0,3.38,1,99.44,0,1,1.2,48.6,0,2
1997,15,0,1,4,11.45,30,1,3,0,1,0,1,3.45,1,83.33,1,2,3.8,25.62,0,2
1998,18,1,2,3,14.34,27,1,2,1,1,0,1,2.61,2,85.0,1,3,3.2,23.75,0,1
1999,18,1,1,1,14.9,24,0,3,1,1,1,1,3.61,0,86.67,1,4,1.8,23.83,0,3
2000,17,1,0,2,18.1,18,0,4,1,1,1,0,3.21,1,90.0,2,3,2.4,19.44,0,2
2001,16,0,1,2,0.09,10,0,3,1,0,1,0,3.28,1,94.44,0,2,1.8,45.45,0,2
2002,17,0,0,1,0.01,18,0,3,0,1,0,0,2.36,3,90.0,0,1,1.8,51.91,1,1
2003,15,0,3,2,9.45,27,0,1,1,0,1,1,2.69,2,85.0,1,3,0.6,41.49,0,1
2004,15,1,1,2,0.59,10,1,2,0,0,0,0,2.58,2,94.44,0,0,3.2,45.21,0,1
2005,15,0,0,1,19.49,13,0,4,0,0,1,0,3.98,0,92.78,2,1,2.4,19.81,0,3
2006,15,1,3,4,4.44,14,0,3,0,1,0,1,2.77,2,92.22,0,2,1.8,42.07,0,1
2007,18,1,1,3,9.45,24,0,2,1,0,1,1,2.67,2,86.67,1,3,1.2,38.22,0,1
2008,15,0,0,4,1.22,30,0,4,0,0,1,1,1.77,4,83.33,0,2,2.4,48.98,0,0
2009,18,0,1,3,10.44,6,0,1,1,0,0,1,2.88,2,96.67,1,2,0.6,38.19,0,1
2010,18,1,0,2,7.6,14,0,3,1,0,0,1,3.7,0,92.22,1,2,1.8,35.79,0,3
2011,15,1,2,2,0.89,29,1,2,0,1,1,0,3.17,1,83.89,0,2,3.2,42.06,0,2
2012,15,0,2,3,6.7,26,0,3,1,1,1,0,2.59,2,85.56,1,3,1.8,39.52,0,1
2013,16,0,3,4,7.83,30,0,1,1,1,0,0,2.47,3,83.33,1,2,0.6,47.14,0,1
2014,17,0,1,1,19.8,23,0,4,1,1,0,0,2.39,3,87.22,2,2,2.4,22.84,0,1
2015,15,1,1,4,4.16,22,0,3,1,1,1,0,2.91,2,87.78,0,3,1.8,41.12,0,1
2016,16,1,2,4,10.9,24,0,2,0,1,0,0,2.91,2,86.67,1,1,1.2,40.81,0,1
2017,16,1,0,3,19.75,7,1,3,0,0,0,0,3.67,0,96.11,2,0,3.8,15.23,0,3
2018,17,1,1,4,15.84,29,1,3,0,1,1,1,2.27,3,83.89,2,3,3.8,20.39,0,1
2019,18,1,1,2,19.87,3,0,2,1,0,0,1,3.83,0,98.33,2,2,1.2,20.72,0,3
2020,15,0,0,4,19.37,17,1,1,0,0,0,1,3.04,1,90.56,2,1,2.6,22.17,0,2
2021,17,0,1,3,9.79,13,0,2,1,1,0,0,3.49,1,92.78,1,2,1.2,36.11,0,2
2022,15,1,3,0,13.93,28,0,1,0,1,1,1,2.63,2,84.44,1,3,0.6,36.23,0,1
2023,16,1,3,4,2.21,26,1,3,1,1,0,0,3.46,1,85.56,0,2,3.8,36.37,0,2
2024,16,0,0,2,8.82,20,0,2,0,1,0,0,2.99,2,88.89,1,1,1.2,42.43,0,1
2025,18,0,0,2,16.18,17,0,2,0,0,0,1,2.48,3,90.56,2,1,1.2,33.92,0,1
2026,16,0,0,2,10.11,3,0,2,1,1,0,0,3.41,1,98.33,1,2,1.2,33.97,0,2
2027,16,0,3,1,14.05,29,0,4,0,0,0,1,3.25,1,83.89,1,1,2.4,31.54,0,2
2028,17,1,0,2,14.92,27,0,3,1,1,0,0,2.9,2,85.0,1,2,1.8,31.17,0,1
2029,15,0,2,3,5.07,1,0,3,1,0,0,1,2.89,2,99.44,1,2,1.8,38.45,0,1
2030,15,1,0,0,17.51,20,0,2,1,0,0,0,3.24,1,88.89,2,1,1.2,30.95,0,2
2031,17,0,1,1,9.2,5,1,0,1,0,0,0,3.45,1,97.22,1,1,2.0,34.26,0,2
2032,18,0,0,0,4.2,10,0,1,1,0,0,1,1.91,4,94.44,0,2,0.6,49.19,0,0
2033,15,0,2,2,17.31,0,0,3,1,0,1,0,3.38,1,100.0,2,2,1.8,21.73,0,2
2034,16,1,0,3,8.36,14,0,2,1,0,1,0,2.73,2,92.22,1,2,1.2,39.99,0,1
2035,15,1,1,3,15.01,11,1,2,0,0,1,0,4.0,0,93.89,2,1,3.2,21.33,0,3
2036,16,0,0,4,10.96,23,0,4,1,0,1,0,2.58,2,87.22,1,2,2.4,33.41,0,1
2037,18,1,2,3,7.64,17,1,2,1,0,0,1,3.19,1,90.56,1,2,3.2,31.23,0,2
2038,17,1,3,1,16.2,29,0,4,0,0,0,0,3.12,1,83.89,2,0,2.4,31.68,0,2
2039,15,0,0,4,11.69,4,1,4,1,0,0,0,3.43,1,97.78,1,1,4.4,20.09,0,2
2040,17,0,3,3,7.81,10,0,1,1,0,0,1,3.49,1,94.44,1,2,0.6,40.73,0,2
2041,15,1,1,2,2.19,23,0,4,1,0,1,0,2.57,2,87.22,0,2,2.4,44.4,0,1
2042,16,1,0,3,17.91,20,0,1,0,1,1,0,2.28,3,88.89,2,2,0.6,33.07,0,1
2043,17,1,1,4,0.71,18,0,4,0,1,1,0,3.5,0,90.0,0,2,2.4,42.95,0,3
2044,15,0,0,3,17.26,21,0,2,0,0,1,1,2.71,2,88.33,2,2,1.2,30.28,0,1
2045,16,0,2,2,7.2,0,0,3,1,1,0,1,3.13,1,100.0,1,3,1.8,32.49,0,2
2046,17,1,2,3,12.79,16,0,3,0,0,0,0,2.85,2,91.11,1,0,1.8,36.82,0,1
2047,17,0,0,0,18.44,7,0,2,0,1,0,1,2.57,2,96.11,2,2,1.2,26.43,0,1
2048,15,0,1,2,3.03,22,1,3,0,0,0,1,2.25,3,87.78,0,1,3.8,40.09,0,1
2049,15,1,2,2,11.34,15,1,4,0,1,0,1,2.36,3,91.67,1,2,4.4,22.84,0,1
2050,15,1,3,1,15.29,25,0,4,1,1,0,1,3.15,1,86.11,2,3,2.4,24.46,0,2
2051,16,0,1,0,15.15,25,0,3,1,1,1,0,3.12,1,86.11,2,3,1.8,27.44,0,2
2052,15,0,3,1,10.51,10,0,3,1,0,0,1,3.05,1,94.44,1,2,1.8,33.0,0,2
2053,17,1,1,3,12.49,26,1,2,0,1,0,1,3.18,1,85.56,1,2,3.2,26.95,0,2
2054,17,0,0,3,15.15,18,1,3,1,1,1,0,3.11,1,90.0,2,3,3.8,17.01,0,2
2055,15,0,2,4,16.82,23,1,3,1,1,0,1,3.29,1,87.22,2,3,3.8,15.45,0,2
2056,15,1,1,2,15.24,10,0,3,0,1,0,1,3.08,1,94.44,2,2,1.8,27.01,0,2
2057,18,1,1,2,7.08,14,1,3,1,1,0,1,2.96,2,92.22,1,3,3.8,26.7,0,1
2058,17,0,1,4,19.93,7,1,2,0,1,0,0,2.86,2,96.11,2,1,3.2,17.25,0,1
2059,16,0,2,1,8.69,29,0,1,1,1,1,0,3.09,1,83.89,1,3,0.6,41.82,0,2
2060,18,0,2,3,0.49,13,1,1,1,0,0,1,2.58,2,92.78,0,2,2.6,43.65,0,1
2061,15,1,1,3,7.25,0,0,3,1,1,0,1,2.9,2,100.0,1,3,1.8,33.01,0,1
2062,15,0,0,1,2.56,9,0,2,0,1,0,1,2.38,3,95.0,0,2,1.2,47.15,0,1
2063,17,0,1,4,2.43,6,1,3,1,0,1,0,2.89,2,96.67,0,2,3.8,33.63,0,1
2064,15,1,1,3,5.63,17,0,1,1,1,0,0,2.45,3,90.56,1,2,0.6,47.41,0,1
2065,16,1,0,0,1.07,11,1,2,1,0,1,1,2.82,2,93.89,0,3,3.2,36.71,0,1
2066,17,0,2,1,13.77,1,0,2,1,0,1,1,2.26,3,99.44,1,3,1.2,29.38,0,1
2067,15,1,1,0,1.48,17,1,2,1,1,0,1,2.2,3,90.56,0,3,3.2,38.91,0,1
2068,17,1,0,2,4.07,28,1,1,0,1,0,1,3.25,1,84.44,0,2,2.6,40.42,0,2
2069,15,0,0,2,1.86,20,1,3,0,0,1,0,3.42,1,88.89,0,1,3.8,38.24,0,2
2070,15,1,0,2,1.26,6,1,1,1,1,1,0,2.7,2,96.67,0,3,2.6,38.52,0,1
2071,15,1,3,1,5.36,19,0,0,1,1,0,0,3.66,0,89.44,1,2,0.0,47.85,0,3
2072,16,0,0,4,11.44,26,0,4,0,0,0,1,3.23,1,85.56,1,1,2.4,34.27,0,2
2073,16,1,0,2,19.29,11,1,1,0,1,1,1,3.93,0,93.89,2,3,2.6,13.88,0,3
2074,17,0,1,0,17.51,19,0,3,0,1,0,0,2.92,2,89.44,2,1,1.8,28.83,0,1
2075,15,0,0,2,17.52,24,1,4,1,0,1,1,3.04,1,86.67,2,3,4.4,12.67,0,2
2076,15,1,0,2,3.52,13,0,2,1,1,1,1,3.2,1,92.78,0,4,1.2,39.67,0,2
2077,16,1,0,2,5.3,9,1,2,1,0,0,0,3.47,1,95.0,1,1,3.2,34.4,0,2
2078,15,1,1,1,1.53,8,0,2,0,1,1,0,2.52,2,95.56,0,2,1.2,47.89,0,1
2079,16,0,1,1,15.57,22,1,2,1,1,1,0,3.17,1,87.78,2,3,3.2,19.84,0,2
2080,15,1,0,3,1.4,29,1,2,1,0,0,0,1.3800000000000003,4,83.89,0,1,3.2,48.39,0,0
2081,17,0,1,4,11.13,14,0,1,0,0,0,1,2.52,2,92.22,1,1,0.6,42.28,0,1
2082,15,1,3,2,4.96,25,0,2,0,1,1,0,3.22,1,86.11,0,2,1.2,45.16,0,2
2083,15,1,0,2,4.87,30,1,3,1,1,0,1,2.4,3,83.33,0,3,3.8,33.97,0,1
2084,18,1,0,3,19.81,19,1,1,1,1,1,0,3.1,1,89.44,2,3,2.6,16.87,0,2
2085,16,0,0,3,15.14,23,0,3,0,0,0,0,2.81,2,87.22,2,0,1.8,35.34,0,1
2086,15,1,1,2,16.74,9,1,3,1,0,1,0,2.75,2,95.0,2,2,3.8,16.68,0,1
2087,15,1,2,4,11.44,18,0,1,0,0,1,0,2.74,2,90.0,1,1,0.6,42.12,0,1
2088,18,0,0,2,17.42,18,0,0,0,0,0,0,2.63,2,90.0,2,0,0.0,40.15,0,1
2089,18,0,2,2,12.91,11,1,2,1,0,0,0,2.61,2,93.89,1,1,3.2,27.43,0,1
2090,16,1,0,3,18.92,22,0,3,1,1,0,1,2.98,2,87.78,2,3,1.8,22.5,0,1
2091,18,1,1,4,5.63,28,0,2,0,0,1,1,1.99,4,84.44,1,2,1.2,47.98,0,0
2092,17,1,2,3,11.91,26,1,3,1,1,1,1,2.96,2,85.56,1,4,3.8,20.49,0,1
2093,18,0,0,0,13.8,11,0,3,0,0,1,0,2.87,2,93.89,1,1,1.8,32.03,0,1
2094,17,0,1,2,7.86,8,0,3,1,1,0,1,3.95,0,95.56,1,3,1.8,31.17,0,3
2095,16,0,0,2,17.59,28,0,1,0,1,0,0,2.27,3,84.44,2,1,0.6,37.56,0,1
2096,16,0,2,2,19.6,26,0,3,1,1,0,0,3.34,1,85.56,2,2,1.8,24.02,0,2
2097,16,1,0,3,9.88,19,0,1,1,0,0,1,1.98,4,89.44,1,2,0.6,43.67,0,0
2098,16,0,3,3,7.81,3,1,1,1,0,0,1,4.0,0,98.33,1,2,2.6,29.0,0,3
2099,16,0,0,3,9.44,0,0,2,1,1,0,0,3.28,1,100.0,1,2,1.2,34.55,0,2
2100,17,0,3,4,17.05,15,1,3,1,1,1,1,3.47,1,91.67,2,4,3.8,10.66,0,2
2101,17,1,0,1,12.91,0,1,4,1,0,0,0,3.65,0,100.0,1,1,4.4,17.24,0,3
2102,16,1,2,4,0.9,12,1,2,1,1,1,0,2.93,2,93.33,0,3,3.2,36.84,0,1
2103,18,0,0,3,10.84,29,0,2,1,1,0,1,2.46,3,83.89,1,3,1.2,37.98,0,1
2104,15,0,3,2,0.35,2,0,2,1,1,1,0,2.33,3,98.89,0,3,1.2,46.17,0,1
2105,16,1,0,3,15.57,11,0,3,1,1,1,1,3.28,1,93.89,2,4,1.8,21.29,0,2
2106,18,1,0,1,6.57,28,1,2,1,0,1,0,3.22,1,84.44,1,2,3.2,34.64,0,2
2107,15,1,1,3,9.44,22,0,2,0,1,0,0,1.76,4,87.78,1,1,1.2,45.12,0,0
2108,16,1,0,2,15.97,28,0,3,1,0,1,1,3.94,0,84.44,2,3,1.8,24.95,0,3
2109,16,1,0,1,0.93,30,0,3,0,1,0,0,1.89,4,83.33,0,1,1.8,54.27,1,0
2110,17,1,3,3,3.17,8,1,1,0,0,0,1,3.0,1,95.56,0,1,2.6,40.77,0,2
2111,15,1,3,3,7.96,3,0,3,1,1,1,0,2.74,2,98.33,1,3,1.8,33.1,0,1
2112,15,1,0,1,4.6,1,1,2,0,0,1,0,2.94,2,99.44,0,1,3.2,35.05,0,1
2113,18,0,3,0,6.76,21,0,1,1,0,0,0,2.58,2,88.33,1,1,0.6,48.96,0,1
2114,17,0,1,2,19.96,21,0,2,1,1,0,0,2.86,2,88.33,2,2,1.2,26.53,0,1
2115,17,0,0,2,16.51,8,0,4,1,0,0,0,3.29,1,95.56,2,1,2.4,24.28,0,2
2116,17,0,2,4,17.68,30,0,4,0,0,1,0,3.02,1,83.33,2,1,2.4,27.78,0,2
2117,17,0,2,4,18.74,19,1,0,1,1,1,1,3.38,1,89.44,2,4,2.0,17.73,0,2
2118,15,0,3,2,6.82,23,0,3,1,0,0,1,2.91,2,87.22,1,2,1.8,40.49,0,1
2119,15,1,0,3,5.94,12,0,3,0,1,1,0,1.79,4,93.33,1,2,1.8,42.25,0,0
2120,16,1,2,2,4.68,13,1,4,1,1,0,0,2.83,2,92.78,0,2,4.4,29.6,0,1
2121,16,0,0,3,16.6,28,1,4,0,0,1,1,3.77,0,84.44,2,2,4.4,15.27,0,3
2122,17,0,0,1,13.59,2,1,3,1,1,1,0,3.73,0,98.89,1,3,3.8,14.3,0,3
2123,17,1,0,2,4.72,17,0,1,1,1,0,0,2.0,3,90.56,0,2,0.6,49.68,0,1
2124,17,1,3,3,7.54,8,0,2,1,0,1,0,2.72,2,95.56,1,2,1.2,39.87,0,1
2125,16,1,2,0,10.13,14,0,3,1,0,0,1,2.68,2,92.22,1,2,1.8,35.18,0,1
2126,18,0,2,3,10.56,21,1,4,1,1,0,0,2.94,2,88.33,1,2,4.4,23.53,0,1
2127,18,1,1,3,17.77,26,0,2,1,0,1,0,2.78,2,85.56,2,2,1.2,30.44,0,1
2128,16,0,0,2,7.61,23,1,3,1,0,0,1,2.58,2,87.22,1,2,3.8,31.24,0,1
2129,16,0,0,2,18.17,26,1,3,1,1,0,1,2.59,2,85.56,2,3,3.8,16.09,0,1
2130,16,1,0,4,8.83,9,1,1,1,1,1,1,4.0,0,95.0,1,4,2.6,23.89,0,3
2131,16,1,0,3,14.93,24,1,3,1,1,0,0,3.14,1,86.67,1,2,3.8,20.88,0,2
2132,16,0,2,1,18.61,16,0,1,0,1,0,1,2.77,2,91.11,2,2,0.6,30.2,0,1
2133,16,1,1,2,18.15,12,0,3,0,0,0,0,3.45,1,93.33,2,0,1.8,27.84,0,2
2134,17,1,0,3,1.14,0,0,3,1,1,1,1,2.22,3,100.0,0,4,1.8,39.84,0,1
2135,17,0,0,2,4.11,10,0,4,0,1,1,0,3.16,1,94.44,0,2,2.4,38.0,0,2
2136,17,1,0,1,9.54,4,0,4,1,1,0,1,2.36,3,97.78,1,3,2.4,29.54,0,1
2137,17,0,1,2,8.63,8,0,0,1,1,1,0,2.94,2,95.56,1,3,0.0,40.92,0,1
2138,16,0,3,4,12.82,6,0,1,1,0,1,0,2.61,2,96.67,1,2,0.6,35.89,0,1
2139,18,1,1,3,18.89,6,0,3,0,0,1,0,3.62,0,96.67,2,1,1.8,22.82,0,3
2140,15,0,2,4,2.25,1,0,3,1,1,0,0,4.0,0,99.44,0,2,1.8,39.2,0,3
2141,16,0,1,3,9.04,18,0,3,1,1,1,1,2.98,2,90.0,1,4,1.8,31.57,0,1
2142,15,1,0,4,3.85,19,0,2,1,0,1,1,1.96,4,89.44,0,3,1.2,46.03,0,0
2143,18,1,0,1,17.88,17,0,3,0,0,1,1,2.66,2,90.56,2,2,1.8,26.12,0,1
2144,17,1,3,3,19.29,9,0,2,1,1,0,0,3.35,1,95.0,2,2,1.2,23.81,0,2
2145,18,0,2,0,9.57,24,1,2,1,0,0,0,3.3,1,86.67,1,1,3.2,32.41,0,2
2146,16,0,0,3,2.08,4,0,0,1,1,0,1,2.15,3,97.78,0,3,0.0,50.3,1,1
2147,17,1,1,2,15.71,15,1,4,1,0,1,1,4.0,0,91.67,2,3,4.4,10.78,0,3
2148,16,0,1,2,13.94,28,0,2,0,0,1,0,2.97,2,84.44,1,1,1.2,37.64,0,1
2149,17,1,1,4,7.09,22,0,4,0,0,1,0,2.83,2,87.78,1,1,2.4,39.93,0,1
2150,15,1,3,4,17.75,26,0,3,0,0,0,0,3.37,1,85.56,2,0,1.8,31.26,0,2
2151,15,0,1,0,19.52,24,0,1,0,1,0,0,2.05,3,86.67,2,1,0.6,34.91,0,1
2152,15,1,1,3,11.16,4,0,3,1,0,0,0,2.66,2,97.78,1,1,1.8,34.5,0,1
2153,18,0,0,2,11.31,14,1,0,1,0,0,1,2.16,3,92.22,1,2,2.0,34.09,0,1
2154,16,0,0,2,5.95,21,1,3,1,0,0,1,3.94,0,88.33,1,2,3.8,29.52,0,3
2155,18,1,0,3,11.69,15,1,2,0,0,1,0,3.02,1,91.67,1,1,3.2,28.71,0,2
2156,15,0,0,2,8.79,3,1,3,1,1,0,1,3.31,1,98.33,1,3,3.8,21.55,0,2
2157,16,1,2,4,6.04,13,0,2,1,0,0,1,3.4,1,92.78,1,2,1.2,41.02,0,2
2158,15,0,2,1,1.34,23,0,2,1,0,0,1,1.69,4,87.22,0,2,1.2,53.12,1,0
2159,18,0,0,3,5.05,16,1,1,0,0,0,0,2.33,3,91.11,1,0,2.6,44.16,0,1
2160,18,0,2,3,3.96,16,1,2,0,0,0,0,2.96,2,91.11,0,0,3.2,41.22,0,1
2161,18,1,0,1,10.84,20,0,4,1,1,1,1,3.73,0,88.89,1,4,2.4,25.1,0,3
2162,15,0,0,2,12.03,15,1,2,1,1,0,0,3.44,1,91.67,1,2,3.2,24.73,0,2
2163,16,1,0,3,12.17,25,0,3,1,1,0,1,3.02,1,86.11,1,3,1.8,31.42,0,2
2164,16,0,0,3,7.76,8,0,1,1,1,0,0,2.96,2,95.56,1,2,0.6,41.73,0,1
2165,15,0,0,2,8.42,1,1,2,1,0,1,1,3.73,0,99.44,1,3,3.2,23.3,0,3
2166,16,1,1,2,16.68,10,1,3,1,0,1,0,2.79,2,94.44,2,2,3.8,16.85,0,1
2167,15,1,1,1,9.52,14,1,3,0,1,0,0,3.1,1,92.22,1,1,3.8,28.3,0,2
2168,16,1,3,1,19.76,2,0,2,1,1,1,0,3.47,1,98.89,2,3,1.2,19.06,0,2
2169,17,1,0,2,8.79,23,0,2,0,1,0,1,2.5,2,87.22,1,2,1.2,41.78,0,1
2170,17,1,0,1,12.99,15,0,3,0,0,1,0,2.81,2,91.67,1,1,1.8,33.97,0,1
2171,18,0,0,3,1.01,20,1,2,1,0,0,0,1.86,4,88.89,0,1,3.2,45.93,0,0
2172,17,0,1,3,13.07,18,0,1,0,1,0,1,2.53,2,90.0,1,2,0.6,38.11,0,1
2173,17,1,0,4,17.03,21,0,2,0,0,0,0,1.74,4,88.33,2,0,1.2,37.99,0,0
2174,17,0,2,3,18.85,5,0,1,0,1,0,1,3.5,0,97.22,2,2,0.6,25.93,0,3
2175,15,0,1,4,19.95,13,0,4,1,0,0,1,3.39,1,92.78,2,2,2.4,18.21,0,2
2176,17,0,1,2,5.64,4,0,3,0,1,0,0,2.86,2,97.78,1,1,1.8,40.9,0,1
2177,17,1,1,3,11.51,4,1,2,0,1,0,0,3.33,1,97.78,1,1,3.2,26.02,0,2
2178,18,0,0,4,9.01,5,0,4,1,1,0,0,3.34,1,97.22,1,2,2.4,30.45,0,2
2179,17,0,0,3,11.28,17,1,4,1,1,1,1,3.03,1,90.56,1,4,4.4,16.63,0,2
2180,17,0,0,0,3.15,21,0,2,0,1,1,1,1.76,4,88.33,0,3,1.2,47.79,0,0
2181,16,1,1,3,17.12,17,1,4,1,1,0,1,3.57,0,90.56,2,3,4.4,10.48,0,3
2182,18,0,0,4,18.19,18,1,1,1,1,0,0,2.63,2,90.0,2,2,2.6,22.37,0,1
2183,18,0,0,3,8.99,1,0,4,0,0,0,0,3.33,1,99.44,1,0,2.4,34.72,0,2
2184,18,1,3,2,5.61,16,0,2,0,0,0,0,3.28,1,91.11,1,0,1.2,47.44,0,2
2185,18,1,0,3,2.82,27,0,3,1,1,0,1,3.46,1,85.0,0,3,1.8,42.39,0,2
2186,18,0,2,4,13.68,0,0,2,1,1,0,1,3.46,1,100.0,1,3,1.2,26.3,0,2
2187,18,0,2,1,6.24,8,1,4,0,1,0,1,2.92,2,95.56,1,2,4.4,26.45,0,1
2188,15,1,0,3,18.19,12,0,1,0,1,1,1,2.82,2,93.33,2,3,0.6,27.32,0,1
2189,17,1,0,1,13.42,3,0,2,0,1,1,0,3.2,1,98.33,1,2,1.2,30.35,0,2
2190,18,1,0,3,12.91,4,1,3,1,0,1,1,2.38,3,97.78,1,3,3.8,18.92,0,1
2191,17,1,2,3,11.19,25,0,3,1,1,1,0,2.41,3,86.11,1,3,1.8,34.17,0,1
2192,17,1,1,1,0.92,29,0,3,1,1,1,1,2.03,3,83.89,0,4,1.8,46.23,0,1
2193,15,1,2,1,18.64,30,0,3,1,1,0,0,3.0,1,83.33,2,2,1.8,26.85,0,2
2194,18,1,3,3,12.56,22,1,3,1,0,0,1,2.99,2,87.78,1,2,3.8,23.83,0,1
2195,16,0,2,1,19.88,30,0,2,1,0,1,1,2.85,2,83.33,2,3,1.2,25.9,0,1
2196,15,1,0,1,10.75,17,0,2,1,0,0,1,2.67,2,90.56,1,2,1.2,37.74,0,1
2197,16,1,0,3,14.2,27,1,2,1,0,0,0,2.77,2,85.0,1,1,3.2,28.53,0,1
2198,17,0,2,2,1.12,26,0,4,0,0,0,0,2.65,2,85.56,0,0,2.4,51.12,1,1
2199,17,1,0,2,12.63,9,1,2,0,0,0,1,3.44,1,95.0,1,1,3.2,25.32,0,2
2200,15,1,0,4,15.29,24,1,2,1,1,0,1,3.59,0,86.67,2,3,3.2,19.53,0,3
2201,15,0,2,1,15.57,27,1,3,1,0,1,0,2.9,2,85.0,2,2,3.8,21.26,0,1
2202,16,1,1,2,15.4,3,1,2,0,0,0,0,3.76,0,98.33,2,0,3.2,22.39,0,3
2203,18,0,3,3,4.53,25,1,2,1,0,0,0,3.47,1,86.11,0,1,3.2,38.48,0,2
2204,16,0,2,3,19.51,25,1,3,1,1,1,0,2.87,2,86.11,2,3,3.8,13.53,0,1
2205,15,0,0,4,19.9,12,1,1,1,0,0,1,3.67,0,93.33,2,2,2.6,16.47,0,3
2206,16,0,3,4,1.51,12,0,3,1,0,1,1,2.55,2,93.33,0,3,1.8,43.39,0,1
2207,15,1,0,3,18.73,16,0,2,0,0,1,0,3.64,0,91.11,2,1,1.2,27.64,0,3
2208,16,0,0,1,5.79,7,0,2,0,1,0,1,2.87,2,96.11,1,2,1.2,41.49,0,1
2209,15,0,1,0,13.79,3,0,4,0,0,1,0,2.92,2,98.33,1,1,2.4,27.64,0,1
2210,15,1,0,2,6.76,22,0,2,1,0,0,0,2.12,3,87.78,1,1,1.2,47.57,0,1
2211,15,0,1,1,19.36,2,0,2,0,1,1,0,2.91,2,98.89,2,2,1.2,23.46,0,1
2212,18,0,0,3,2.03,10,1,4,0,0,1,1,2.96,2,94.44,0,2,4.4,32.01,0,1
2213,16,0,1,3,9.95,11,1,1,1,1,1,1,3.6,0,93.89,1,4,2.6,23.88,0,3
2214,16,0,0,0,8.56,8,1,1,1,1,1,0,2.73,2,95.56,1,3,2.6,29.71,0,1
2215,16,1,2,3,6.52,14,1,2,1,0,0,0,2.68,2,92.22,1,1,3.2,35.83,0,1
2216,15,0,2,1,12.91,12,1,3,1,1,1,1,4.0,0,93.33,1,4,3.8,13.92,0,3
2217,16,1,0,2,2.62,4,1,2,0,0,0,0,2.7,2,97.78,0,0,3.2,41.21,0,1
2218,16,1,0,3,14.33,4,0,3,1,0,0,0,2.61,2,97.78,1,1,1.8,30.66,0,1
2219,15,0,0,2,19.61,18,0,1,1,1,1,0,2.26,3,90.0,2,3,0.6,28.11,0,1
2220,17,0,0,2,16.09,10,0,2,0,0,1,0,2.64,2,94.44,2,1,1.2,32.28,0,1
2221,15,0,2,1,17.2,8,0,3,1,0,0,1,3.12,1,95.56,2,2,1.8,24.07,0,2
2222,16,0,2,2,7.19,2,1,2,1,1,1,0,3.14,1,98.89,1,3,3.2,26.51,0,2
2223,15,1,0,3,6.5,17,0,2,1,0,1,0,2.42,3,90.56,1,2,1.2,43.67,0,1
2224,17,1,0,4,10.34,26,0,3,0,0,0,0,1.98,4,85.56,1,0,1.8,44.0,0,0
2225,15,1,0,2,0.91,12,0,4,1,0,0,1,2.33,3,93.33,0,2,2.4,44.46,0,1
2226,16,0,1,2,18.91,24,0,1,1,1,1,0,2.16,3,86.67,2,3,0.6,30.4,0,1
2227,17,1,0,3,2.88,27,0,2,0,0,0,1,1.3800000000000003,4,85.0,0,1,1.2,55.25,1,0
2228,18,0,3,4,18.06,11,1,2,1,1,1,0,2.18,3,93.89,2,3,3.2,17.07,0,1
2229,16,0,2,1,1.67,8,0,3,1,1,1,0,2.91,2,95.56,0,3,1.8,41.51,0,1
2230,17,0,0,2,16.45,9,0,4,0,1,1,0,3.06,1,95.0,2,2,2.4,22.63,0,2
2231,17,0,1,3,3.04,27,1,4,1,0,0,0,3.04,1,85.0,0,1,4.4,36.35,0,2
2232,18,0,3,3,0.76,12,1,2,0,1,0,0,2.46,3,93.33,0,1,3.2,43.19,0,1
2233,15,1,1,1,14.39,19,0,2,1,1,0,1,2.51,2,89.44,1,3,1.2,31.48,0,1
2234,15,1,0,3,5.61,19,0,2,1,1,0,0,2.24,3,89.44,1,2,1.2,45.63,0,1
2235,16,0,0,1,14.29,12,0,2,1,0,1,0,2.46,3,93.33,1,2,1.2,32.87,0,1
2236,18,1,2,2,11.1,26,1,3,0,0,0,0,2.44,3,85.56,1,0,3.8,32.81,0,1
2237,15,0,1,2,2.18,25,0,2,0,0,0,1,3.28,1,86.11,0,1,1.2,50.98,1,2
2238,18,0,2,4,18.64,30,0,3,1,1,1,0,2.91,2,83.33,2,3,1.8,24.58,0,1
2239,15,0,3,2,9.05,28,0,4,1,0,1,0,2.31,3,84.44,1,2,2.4,37.45,0,1
2240,17,1,3,1,14.69,28,1,2,1,0,0,0,3.26,1,84.44,1,1,3.2,26.89,0,2
2241,15,0,3,1,10.02,21,0,3,1,0,0,0,2.69,2,88.33,1,1,1.8,39.15,0,1
2242,18,0,0,4,12.09,8,0,1,1,0,1,0,3.53,0,95.56,1,2,0.6,34.89,0,3
2243,17,1,1,1,6.06,23,0,1,0,0,0,0,2.64,2,87.22,1,0,0.6,52.57,1,1
2244,17,1,2,2,4.01,9,0,1,1,0,1,0,2.74,2,95.0,0,2,0.6,47.16,0,1
2245,17,1,2,1,10.85,18,0,1,1,1,1,0,2.82,2,90.0,1,3,0.6,37.66,0,1
2246,18,0,1,3,8.8,5,0,2,0,1,1,0,3.18,1,97.22,1,2,1.2,36.57,0,2
2247,16,0,0,2,7.8,30,0,3,0,1,0,1,1.93,4,83.33,1,2,1.8,43.08,0,0
2248,16,1,2,2,13.45,28,1,3,1,0,0,1,2.95,2,84.44,1,2,3.8,23.99,0,1
2249,16,0,2,2,13.81,6,0,1,1,0,1,1,3.14,1,96.67,1,3,0.6,30.83,0,2
2250,18,1,0,4,0.92,14,1,4,1,0,1,0,3.19,1,92.22,0,2,4.4,33.6,0,2
2251,17,1,1,2,6.77,30,0,3,0,0,1,1,2.3,3,83.33,1,2,1.8,43.44,0,1
2252,16,0,0,3,8.24,21,0,3,1,1,0,1,3.41,1,88.33,1,3,1.8,34.58,0,2
2253,18,0,0,4,1.94,18,0,2,1,0,0,0,2.74,2,90.0,0,1,1.2,51.27,1,1
2254,16,1,0,4,4.72,13,1,0,1,1,0,0,2.59,2,92.78,0,2,2.0,41.06,0,1
2255,15,1,1,2,1.03,29,0,3,1,0,0,0,2.59,2,83.89,0,1,1.8,52.19,1,1
2256,16,1,1,4,19.92,15,0,4,1,1,1,1,3.87,0,91.67,2,4,2.4,12.43,0,3
2257,16,1,1,0,14.73,13,1,2,1,0,0,1,2.64,2,92.78,1,2,3.2,22.97,0,1
2258,17,0,2,2,1.75,28,1,3,1,1,0,0,2.17,3,84.44,0,2,3.8,40.56,0,1
2259,18,1,2,4,0.4,28,0,1,1,0,1,1,2.8,2,84.44,0,3,0.6,52.72,1,1
2260,17,1,0,1,14.39,24,0,3,0,0,1,1,3.27,1,86.67,1,2,1.8,30.32,0,2
2261,17,1,0,1,8.78,19,0,1,0,1,1,1,2.55,2,89.44,1,3,0.6,41.12,0,1
2262,17,0,3,2,15.74,1,1,3,0,0,1,1,3.31,1,99.44,2,2,3.8,14.97,0,2
2263,17,0,0,3,18.47,8,0,3,0,1,0,1,3.7,0,95.56,2,2,1.8,21.03,0,3
2264,17,1,3,2,11.99,2,0,2,1,0,0,1,2.67,2,98.89,1,2,1.2,33.27,0,1
2265,16,0,2,3,3.74,5,0,1,1,0,1,0,1.59,4,97.22,0,2,0.6,49.6,0,0
2266,17,0,1,4,15.64,4,0,4,1,0,1,1,3.46,1,97.78,2,3,2.4,19.17,0,2
2267,17,0,3,3,19.12,13,0,2,1,1,0,0,3.17,1,92.78,2,2,1.2,25.25,0,2
2268,18,1,0,1,11.6,28,0,3,1,1,0,1,3.14,1,84.44,1,3,1.8,32.41,0,2
2269,15,1,0,4,13.64,14,0,3,0,0,0,1,3.46,1,92.22,1,1,1.8,31.34,0,2
2270,16,0,1,1,6.75,17,0,4,0,1,1,0,3.62,0,90.56,1,2,2.4,34.91,0,3
2271,16,1,0,1,7.63,16,0,1,1,0,1,0,2.73,2,91.11,1,2,0.6,44.02,0,1
2272,16,1,3,1,14.69,8,1,4,0,1,0,0,4.0,0,95.56,1,1,4.4,15.69,0,3
2273,17,0,0,2,18.56,18,0,2,0,0,0,0,3.5,0,90.0,2,0,1.2,31.1,0,3
2274,17,0,1,1,12.58,22,0,1,0,0,1,1,2.68,2,87.78,1,2,0.6,39.12,0,1
2275,17,1,1,1,15.8,24,0,3,0,0,1,0,3.33,1,86.67,2,1,1.8,30.91,0,2
2276,18,0,2,2,3.43,8,1,4,0,1,0,0,2.58,2,95.56,0,1,4.4,33.32,0,1
2277,15,1,0,1,4.24,27,1,1,1,0,1,1,2.37,3,85.0,0,3,2.6,39.71,0,1
2278,17,1,0,3,10.64,15,1,2,0,0,0,0,2.89,2,91.67,1,0,3.2,32.85,0,1
2279,15,0,2,3,3.53,25,0,2,0,1,0,0,2.4,3,86.11,0,1,1.2,51.49,1,1
2280,18,1,0,3,12.7,5,0,2,1,1,1,0,3.54,0,97.22,1,3,1.2,28.29,0,3
2281,16,1,2,1,5.83,7,1,4,0,0,1,1,3.63,0,96.11,1,2,4.4,25.0,0,3
2282,17,0,1,1,15.83,24,0,3,1,0,0,0,3.19,1,86.67,2,1,1.8,31.22,0,2
2283,15,0,2,4,16.16,2,0,3,0,1,1,0,3.03,1,98.89,2,2,1.8,24.43,0,2
2284,15,0,2,0,9.28,21,1,2,1,0,1,0,3.07,1,88.33,1,2,3.2,30.26,0,2
2285,17,1,0,4,3.62,4,0,2,1,0,1,1,3.56,0,97.78,0,3,1.2,39.4,0,3
2286,16,0,1,1,12.94,6,0,3,0,1,1,1,3.44,1,96.67,1,3,1.8,25.71,0,2
2287,16,0,3,4,19.86,22,1,2,0,1,0,0,2.45,3,87.78,2,1,3.2,21.28,0,1
2288,16,0,1,2,12.45,24,0,3,0,1,1,1,2.33,3,86.67,1,3,1.8,32.6,0,1
2289,18,0,3,2,0.72,0,0,2,1,1,0,0,3.1,1,100.0,0,2,1.2,45.9,0,2
2290,15,1,1,3,0.35,21,0,2,1,0,0,0,3.07,1,88.33,0,1,1.2,53.02,1,2
2291,15,1,0,2,6.41,20,0,4,0,1,0,0,2.26,3,88.89,1,1,2.4,41.82,0,1
2292,15,0,0,2,3.92,3,0,3,1,0,1,1,2.95,2,98.33,0,3,1.8,37.63,0,1
2293,18,1,3,2,16.26,25,0,1,0,1,0,0,2.71,2,86.11,2,1,0.6,37.53,0,1
2294,15,0,0,3,16.9,27,0,4,1,0,0,1,2.47,3,85.0,2,2,2.4,27.04,0,1
2295,18,0,3,0,5.17,15,0,3,1,1,1,1,2.85,2,91.67,1,4,1.8,36.15,0,1
2296,16,1,3,0,6.51,26,0,3,1,0,1,1,2.73,2,85.56,1,3,1.8,39.41,0,1
2297,17,1,0,2,4.72,13,0,2,1,0,0,0,2.76,2,92.78,0,1,1.2,46.77,0,1
2298,15,0,0,1,18.17,0,0,2,1,0,1,1,3.73,0,100.0,2,3,1.2,20.01,0,3
2299,15,0,2,3,10.05,3,0,3,1,1,1,0,3.13,1,98.33,1,3,1.8,29.52,0,2
2300,16,1,0,1,13.12,9,0,2,1,1,1,0,3.31,1,95.0,1,3,1.2,29.12,0,2
2301,17,0,2,2,8.31,10,0,1,0,1,0,0,2.96,2,94.44,1,1,0.6,43.93,0,1
2302,18,1,1,1,12.62,6,1,2,0,1,1,0,3.45,1,96.67,1,2,3.2,22.22,0,2
2303,17,0,1,2,7.72,3,0,1,0,0,0,1,2.61,2,98.33,1,1,0.6,44.18,0,1
2304,16,0,2,1,6.79,0,0,3,1,0,1,0,3.26,1,100.0,1,2,1.8,35.18,0,2
2305,16,1,0,0,12.69,25,1,1,0,0,1,0,3.23,1,86.11,1,1,2.6,31.61,0,2
2306,17,1,1,1,11.82,0,0,2,0,1,1,0,3.51,0,100.0,1,2,1.2,31.0,0,3
2307,18,1,0,4,5.87,16,0,4,0,0,1,1,3.55,0,91.11,1,2,2.4,35.99,0,3
2308,18,1,0,1,2.99,26,1,2,1,1,1,0,2.66,2,85.56,0,3,3.2,37.62,0,1
2309,15,1,1,3,7.37,9,0,2,1,0,1,0,3.69,0,95.0,1,2,1.2,37.86,0,3
2310,18,1,2,1,8.3,4,1,2,0,1,0,1,2.9,2,97.78,1,2,3.2,28.61,0,1
2311,17,1,0,1,12.57,6,1,2,1,1,1,1,3.04,1,96.67,1,4,3.2,18.31,0,2
2312,16,0,1,2,18.29,24,0,0,0,1,0,1,3.58,0,86.67,2,2,0.0,32.85,0,3
2313,15,0,2,2,0.72,7,1,3,0,1,0,0,3.13,1,96.11,0,1,3.8,37.86,0,2
2314,15,0,0,4,4.87,1,1,3,1,0,1,0,3.69,0,99.44,0,2,3.8,27.61,0,3
2315,16,1,0,4,3.87,8,1,4,1,0,1,1,2.33,3,95.56,0,3,4.4,28.39,0,1
2316,18,1,3,3,10.05,3,1,3,0,1,0,1,3.46,1,98.33,1,2,3.8,22.1,0,2
2317,16,1,2,3,8.59,11,1,4,1,0,1,1,3.35,1,93.89,1,3,4.4,20.53,0,2
2318,18,0,1,2,14.58,25,0,4,0,0,1,1,3.19,1,86.11,1,2,2.4,27.75,0,2
2319,16,1,1,2,4.85,30,0,3,1,0,1,1,2.8,2,83.33,0,3,1.8,42.09,0,1
2320,17,1,0,4,11.89,10,0,4,1,1,0,1,3.04,1,94.44,1,3,2.4,26.07,0,2
2321,18,0,1,3,17.68,4,0,3,1,1,1,1,4.0,0,97.78,2,4,1.8,15.5,0,3
2322,17,1,1,2,18.21,11,1,1,1,0,1,0,2.75,2,93.89,2,2,2.6,20.68,0,1
2323,15,0,1,1,19.18,26,0,1,0,1,0,1,2.6,2,85.56,2,2,0.6,31.85,0,1
2324,16,0,0,0,15.47,20,1,1,1,1,1,0,3.32,1,88.89,2,3,2.6,21.93,0,2
2325,15,1,0,4,18.12,3,0,4,0,0,0,1,2.93,2,98.33,2,1,2.4,22.2,0,1
2326,15,1,0,2,4.69,12,0,3,1,1,0,0,2.77,2,93.33,0,2,1.8,41.37,0,1
2327,15,1,3,2,3.95,21,0,3,1,1,0,1,3.04,1,88.33,0,3,1.8,40.87,0,2
2328,15,0,1,1,0.13,0,0,2,1,0,0,0,2.5,2,100.0,0,1,1.2,50.63,1,1
2329,16,0,1,3,14.14,17,1,2,1,0,0,0,2.71,2,90.56,1,1,3.2,26.81,0,1
2330,15,0,0,0,18.75,3,0,0,0,0,1,0,3.17,1,98.33,2,1,0.0,31.72,0,2
2331,16,1,0,3,3.74,3,0,4,0,1,1,1,3.16,1,98.33,0,3,2.4,34.6,0,2
2332,16,1,2,1,12.74,7,0,4,0,0,0,1,2.77,2,96.11,1,1,2.4,30.1,0,1
2333,17,1,1,4,14.93,24,0,3,1,1,0,0,3.03,1,86.67,1,2,1.8,30.25,0,2
2334,18,1,1,3,18.55,27,0,1,1,1,0,0,2.79,2,85.0,2,2,0.6,32.36,0,1
2335,18,0,0,1,12.94,19,0,1,1,0,0,0,3.16,1,89.44,1,1,0.6,39.39,0,2
2336,16,0,2,2,19.41,5,0,2,0,0,1,0,2.7,2,97.22,2,1,1.2,27.01,0,1
2337,17,0,0,2,6.89,3,0,2,1,0,0,0,2.49,3,98.33,1,1,1.2,42.79,0,1
2338,16,0,0,1,7.0,3,0,3,1,0,0,0,2.81,2,98.33,1,1,1.8,39.13,0,1
2339,16,1,1,4,10.86,27,1,1,1,0,1,1,2.69,2,85.0,1,3,2.6,30.63,0,1
2340,16,1,0,2,7.67,10,0,2,1,0,1,0,3.31,1,94.44,1,2,1.2,38.63,0,2
2341,17,1,0,2,0.03,27,0,3,0,1,0,1,2.51,2,85.0,0,2,1.8,50.76,1,1
2342,18,0,1,1,14.64,8,1,2,1,0,1,0,3.47,1,95.56,1,2,3.2,20.03,0,2
2343,17,0,2,2,15.03,13,1,2,1,1,0,0,3.83,0,92.78,2,2,3.2,19.62,0,3
2344,15,1,2,4,14.94,3,1,4,0,0,1,1,3.12,1,98.33,1,2,4.4,14.11,0,2
2345,17,1,1,2,6.9,12,1,2,1,1,0,0,3.65,0,93.33,1,2,3.2,30.04,0,3
2346,17,0,0,4,10.45,5,0,3,1,1,1,0,3.19,1,97.22,1,3,1.8,29.25,0,2
2347,17,1,0,4,7.2,29,0,1,1,0,0,0,1.3800000000000003,4,83.89,1,1,0.6,52.96,1,0
2348,17,0,3,1,0.32,12,0,3,1,0,0,1,2.75,2,93.33,0,2,1.8,46.88,0,1
2349,18,0,1,1,11.25,24,1,2,1,1,1,0,2.12,3,86.67,1,3,3.2,28.26,0,1
2350,15,0,2,4,2.48,2,0,3,0,1,0,0,2.32,3,98.89,0,1,1.8,45.81,0,1
2351,18,1,0,2,1.6,22,0,2,1,0,0,1,1.98,4,87.78,0,2,1.2,51.87,1,0
2352,18,1,1,0,15.11,6,1,1,0,1,0,0,2.99,2,96.67,2,1,2.6,25.48,0,1
2353,17,0,0,1,0.19,0,0,0,1,0,0,0,1.96,4,100.0,0,1,0.0,57.36,1,0
2354,16,1,1,2,19.18,10,0,4,0,0,1,0,3.87,0,94.44,2,1,2.4,19.89,0,3
2355,16,0,3,3,10.31,1,0,1,0,0,0,1,3.55,0,99.44,1,1,0.6,38.21,0,3
2356,18,0,3,1,19.66,4,0,3,1,1,0,1,4.0,0,97.78,2,3,1.8,15.52,0,3
2357,18,0,1,1,1.16,23,0,3,0,1,0,1,2.43,3,87.22,0,2,1.8,48.77,0,1
2358,17,0,1,4,11.67,21,0,2,0,1,1,1,2.63,2,88.33,1,3,1.2,34.97,0,1
2359,18,1,3,3,6.99,29,1,1,1,1,0,1,2.75,2,83.89,1,3,2.6,35.71,0,1
2360,17,0,2,2,16.87,13,1,1,0,0,1,0,3.49,1,92.78,2,1,2.6,23.4,0,2
2361,16,0,0,3,7.22,28,0,3,0,1,0,1,3.29,1,84.44,1,2,1.8,40.01,0,2
2362,16,1,1,2,5.21,12,1,2,0,1,0,1,2.58,2,93.33,1,2,3.2,34.83,0,1
2363,15,0,0,3,17.15,15,0,4,1,0,1,1,3.71,0,91.67,2,3,2.4,18.79,0,3
2364,16,0,1,2,7.49,22,0,3,0,1,1,1,3.22,1,87.78,1,3,1.8,36.18,0,2
2365,18,1,1,1,0.34,14,0,3,1,1,1,0,4.0,0,92.22,0,3,1.8,41.62,0,3
2366,16,1,1,3,7.81,30,0,0,0,0,1,1,3.1,1,83.33,1,2,0.0,48.32,0,2
2367,17,1,0,2,13.09,2,1,3,0,0,0,0,4.0,0,98.89,1,0,3.8,21.75,0,3
2368,16,0,0,4,5.09,5,1,2,0,1,0,0,4.0,0,97.22,1,1,3.2,32.57,0,3
2369,15,1,1,2,8.64,8,0,2,1,0,0,0,2.53,2,95.56,1,1,1.2,41.47,0,1
2370,16,1,2,4,1.13,2,0,3,1,0,0,0,2.56,2,98.89,0,1,1.8,46.89,0,1
2371,17,0,2,4,11.76,29,0,3,0,1,0,0,3.26,1,83.89,1,1,1.8,37.11,0,2
2372,17,0,0,1,15.13,12,0,2,0,0,0,1,2.73,2,93.33,2,1,1.2,33.64,0,1
2373,18,0,3,3,8.27,28,0,3,1,0,1,0,3.06,1,84.44,1,2,1.8,39.28,0,2
2374,16,0,3,2,8.4,12,1,2,1,1,0,1,2.95,2,93.33,1,3,3.2,27.41,0,1
2375,17,0,0,4,1.77,21,1,4,0,0,1,0,3.08,1,88.33,0,1,4.4,36.67,0,2
2376,15,1,0,2,4.04,6,0,0,0,0,0,1,2.79,2,96.67,0,1,0.0,51.64,1,1
2377,18,1,2,3,3.09,4,0,1,1,1,1,0,3.17,1,97.78,0,3,0.6,43.76,0,2
2378,15,1,2,2,9.63,25,1,3,1,0,0,1,2.26,3,86.11,1,2,3.8,29.9,0,1
2379,16,0,3,1,10.59,28,1,3,0,1,1,0,2.13,3,84.44,1,2,3.8,29.61,0,1
2380,16,0,3,1,18.98,7,0,3,0,0,0,0,3.09,1,96.11,2,0,1.8,26.73,0,2
2381,16,0,1,2,1.46,7,0,3,1,1,0,1,2.88,2,96.11,0,3,1.8,41.65,0,1
2382,18,1,1,3,12.0,21,1,4,0,0,0,0,3.89,0,88.33,1,0,4.4,24.36,0,3
2383,17,1,0,3,10.53,6,0,3,0,0,1,1,3.3,1,96.67,1,2,1.8,31.57,0,2
2384,18,0,0,3,10.32,18,0,3,1,0,1,0,3.0,1,90.0,1,2,1.8,34.92,0,2
2385,15,1,1,1,17.46,28,0,3,1,0,0,0,2.64,2,84.44,2,1,1.8,31.34,0,1
2386,18,0,1,2,4.11,6,1,4,1,1,0,0,3.36,1,96.67,0,2,4.4,27.63,0,2
2387,15,1,1,0,0.82,22,0,2,1,1,1,0,2.26,3,87.78,0,3,1.2,49.65,0,1
2388,18,1,2,3,13.45,3,0,3,1,1,1,0,2.64,2,98.33,1,3,1.8,26.49,0,1
2389,17,1,0,4,6.9,9,1,3,0,0,0,1,3.66,0,95.0,1,1,3.8,29.2,0,3
2390,15,0,1,2,0.35,29,1,1,0,0,1,1,2.15,3,83.89,0,2,2.6,48.01,0,1
2391,16,1,0,0,5.03,12,1,2,0,0,0,1,2.54,2,93.33,1,1,3.2,37.65,0,1
2392,16,1,1,1,6.19,3,0,1,1,0,1,1,2.09,3,98.33,1,3,0.6,42.39,0,1
2393,18,0,2,3,12.34,29,0,1,1,0,1,0,2.79,2,83.89,1,2,0.6,40.51,0,1
2394,16,1,2,3,3.45,18,0,4,0,0,0,0,3.59,0,90.0,0,0,2.4,44.3,0,3
2395,15,0,3,3,8.26,9,0,1,0,0,0,1,1.95,4,95.0,1,1,0.6,46.32,0,0
2396,16,0,0,1,9.65,6,1,3,1,1,1,0,2.34,3,96.67,1,3,3.8,23.48,0,1
2397,17,0,1,3,9.18,4,1,2,0,1,1,1,3.39,1,97.78,1,3,3.2,23.78,0,2
2398,17,0,0,3,19.48,2,0,3,1,0,1,0,3.51,0,98.89,2,2,1.8,19.08,0,3
2399,18,0,1,2,0.91,21,0,2,1,0,0,0,2.21,3,88.33,0,1,1.2,54.47,1,1
2400,15,1,3,2,19.02,27,0,2,0,1,1,0,2.55,2,85.0,2,2,1.2,29.65,0,1
2401,17,0,2,1,11.64,21,0,4,0,1,1,0,2.99,2,88.33,1,2,2.4,31.15,0,1
2402,17,0,3,2,15.91,21,0,2,0,0,1,0,1.87,4,88.33,2,1,1.2,36.57,0,0
2403,15,0,0,4,8.61,1,0,2,0,1,0,0,2.42,3,99.44,1,1,1.2,40.43,0,1
2404,16,0,3,2,9.08,28,0,2,1,1,0,0,2.06,3,84.44,1,2,1.2,43.49,0,1
2405,16,1,0,3,17.59,10,1,1,0,1,0,0,2.98,2,94.44,2,1,2.6,23.19,0,1
2406,18,0,3,2,17.92,9,0,2,1,1,0,0,2.92,2,95.0,2,2,1.2,26.6,0,1
2407,16,1,0,1,4.77,27,0,0,1,1,1,1,1.3800000000000003,4,85.0,0,4,0.0,50.84,1,0
2408,15,0,0,2,3.98,22,1,2,1,0,0,1,2.03,3,87.78,0,2,3.2,39.68,0,1
2409,17,1,1,2,9.92,12,0,3,1,1,0,1,3.24,1,93.33,1,3,1.8,31.15,0,2
2410,16,0,3,2,18.01,6,0,3,0,1,1,1,3.5,0,96.67,2,3,1.8,19.22,0,3
2411,18,0,0,1,6.45,9,0,3,0,0,0,1,3.24,1,95.0,1,1,1.8,39.91,0,2
2412,16,1,0,2,13.04,27,1,0,1,1,1,1,2.99,2,85.0,1,4,2.0,27.38,0,1
2413,15,0,3,1,14.16,3,1,4,0,1,0,1,3.3,1,98.33,1,2,4.4,14.63,0,2
2414,18,1,0,1,15.57,26,1,2,0,1,0,0,2.34,3,85.56,2,1,3.2,27.7,0,1
2415,16,0,0,2,11.28,21,0,4,1,1,0,0,2.39,3,88.33,1,2,2.4,33.1,0,1
2416,18,1,1,2,8.05,19,1,1,0,1,1,0,2.34,3,89.44,1,2,2.6,35.97,0,1
2417,15,0,0,4,19.34,15,1,4,0,0,1,1,3.85,0,91.67,2,2,4.4,9.12,0,3
2418,17,0,3,2,12.23,19,0,3,1,1,1,0,3.15,1,89.44,1,3,1.8,29.85,0,2
2419,15,1,2,3,14.57,5,1,1,0,1,0,0,2.7,2,97.22,1,1,2.6,26.69,0,1
2420,15,0,1,2,6.9,8,0,4,0,0,0,1,3.15,1,95.56,1,1,2.4,36.64,0,2
2421,15,0,3,3,13.4,27,1,0,0,1,0,0,3.02,1,85.0,1,1,2.0,34.36,0,2
2422,15,0,1,1,5.16,12,1,3,1,1,1,1,3.21,1,93.33,1,4,3.8,25.59,0,2
2423,17,0,0,4,4.9,30,0,4,1,1,1,0,3.14,1,83.33,0,3,2.4,38.45,0,2
2424,17,0,0,2,14.29,6,0,1,1,0,1,1,3.03,1,96.67,1,3,0.6,30.5,0,2
2425,18,0,1,3,10.43,17,0,2,0,0,0,1,2.67,2,90.56,1,1,1.2,40.64,0,1
2426,16,1,0,2,13.67,13,1,3,0,1,0,0,3.16,1,92.78,1,1,3.8,22.77,0,2
2427,17,1,3,1,5.39,21,0,3,1,0,0,0,3.09,1,88.33,1,1,1.8,43.94,0,2
2428,17,1,2,3,11.97,29,1,4,1,0,0,0,3.32,1,83.89,1,1,4.4,24.88,0,2
2429,16,0,0,0,8.88,4,0,3,1,1,0,1,3.0,1,97.78,1,3,1.8,31.5,0,2
2430,17,1,1,2,11.94,21,1,2,1,1,0,0,3.47,1,88.33,1,2,3.2,25.94,0,2
2431,15,0,2,1,5.82,12,0,3,1,0,0,1,3.7,0,93.33,1,2,1.8,37.63,0,3
2432,15,0,3,3,14.31,23,0,4,0,1,0,1,4.0,0,87.22,1,2,2.4,25.68,0,3
2433,16,0,3,4,16.12,7,1,2,0,1,1,0,4.0,0,96.11,2,2,3.2,16.67,0,3
2434,18,0,1,2,5.2,14,0,1,1,0,0,1,4.0,0,92.22,1,2,0.6,43.5,0,3
2435,18,1,2,3,6.01,18,0,2,0,1,0,0,3.35,1,90.0,1,1,1.2,44.66,0,2
2436,16,0,1,2,13.22,8,0,4,0,1,1,1,1.84,4,95.56,1,3,2.4,27.02,0,0
2437,16,1,1,2,13.91,5,0,1,1,1,1,0,3.12,1,97.22,1,3,0.6,30.56,0,2
2438,15,0,0,4,14.08,22,0,4,0,0,0,0,2.25,3,87.78,1,0,2.4,35.14,0,1
2439,18,1,0,4,13.65,24,1,4,0,0,1,1,3.98,0,86.67,1,2,4.4,17.65,0,3
2440,17,1,1,3,7.86,30,1,1,1,0,0,1,2.47,3,83.33,1,2,2.6,38.02,0,1
2441,15,1,0,1,7.9,13,0,2,0,0,0,1,2.93,2,92.78,1,1,1.2,42.37,0,1
2442,16,1,0,2,5.1,28,0,2,1,0,0,0,2.36,3,84.44,1,1,1.2,50.22,1,1
2443,18,1,2,1,3.14,22,0,2,0,0,0,1,3.34,1,87.78,0,1,1.2,49.05,0,2
2444,17,1,0,2,13.85,9,1,2,1,0,1,0,2.55,2,95.0,1,2,3.2,23.52,0,1
2445,17,0,1,2,1.86,8,0,3,0,0,1,0,3.12,1,95.56,0,1,1.8,45.75,0,2
2446,15,1,1,3,18.76,16,0,3,1,0,0,1,2.61,2,91.11,2,2,1.8,24.95,0,1
2447,18,0,3,4,16.53,12,0,4,0,1,0,1,2.2,3,93.33,2,2,2.4,25.26,0,1
2448,18,1,1,2,17.15,16,0,2,1,0,0,0,3.03,1,91.11,2,1,1.2,31.14,0,2
2449,16,0,0,0,18.13,18,1,2,1,0,0,1,2.39,3,90.0,2,2,3.2,20.32,0,1
2450,18,1,1,4,8.17,12,0,3,0,1,0,0,2.21,3,93.33,1,1,1.8,40.92,0,1
2451,18,1,2,1,16.93,8,0,2,0,0,0,0,2.2,3,95.56,2,0,1.2,34.44,0,1
2452,15,0,3,3,3.16,0,0,2,1,0,0,1,2.73,2,100.0,0,2,1.2,43.77,0,1
2453,18,1,1,0,0.43,0,1,3,0,0,1,0,3.38,1,100.0,0,1,3.8,36.24,0,2
2454,17,1,0,2,15.7,4,1,4,1,1,0,1,2.72,2,97.78,2,3,4.4,11.85,0,1
2455,15,1,3,4,1.5,7,0,2,0,1,1,1,3.39,1,96.11,0,3,1.2,43.06,0,2
2456,15,0,0,1,19.77,17,0,2,1,0,0,1,2.69,2,90.56,2,2,1.2,26.41,0,1
2457,16,1,1,2,13.5,3,1,4,1,1,1,1,2.91,2,98.33,1,4,4.4,11.43,0,1
2458,18,0,1,2,15.07,30,0,0,0,0,0,0,3.08,1,83.33,2,0,0.0,44.3,0,2
2459,16,1,0,4,4.92,21,1,2,0,0,0,1,3.28,1,88.33,0,1,3.2,37.69,0,2
2460,17,1,0,4,13.48,30,0,3,0,0,0,0,3.17,1,83.33,1,0,1.8,37.88,0,2
2461,15,0,0,1,0.86,0,0,0,1,1,1,1,2.79,2,100.0,0,4,0.0,46.95,0,1
2462,15,1,2,1,16.76,14,1,3,1,0,1,0,2.62,2,92.22,2,2,3.8,17.95,0,1
2463,15,1,3,3,3.39,19,0,1,1,1,0,0,3.16,1,89.44,0,2,0.6,48.83,0,2
2464,17,0,0,2,13.95,3,1,4,0,1,0,1,3.41,1,98.33,1,2,4.4,14.62,0,2
2465,17,1,2,3,4.49,24,1,3,0,0,0,0,2.8,2,86.67,0,0,3.8,39.78,0,1
2466,16,0,0,0,1.37,8,0,0,1,1,1,0,2.67,2,95.56,0,3,0.0,50.67,1,1
2467,16,0,1,1,9.63,21,1,0,1,1,1,0,3.16,1,88.33,1,3,2.0,32.56,0,2
2468,16,0,0,3,3.39,23,1,3,0,1,0,1,1.96,4,87.22,0,2,3.8,38.06,0,0
2469,18,1,3,1,14.59,27,0,2,1,0,0,1,2.64,2,85.0,1,2,1.2,34.96,0,1
2470,15,0,2,4,4.75,25,0,3,0,1,1,0,2.45,3,86.11,0,2,1.8,44.62,0,1
2471,15,0,2,1,6.85,19,0,2,1,1,0,0,3.35,1,89.44,1,2,1.2,41.3,0,2
2472,16,1,2,1,11.35,9,0,1,0,1,0,0,3.65,0,95.0,1,1,0.6,38.21,0,3
2473,15,0,1,4,5.7,23,1,2,1,0,0,1,2.96,2,87.22,1,2,3.2,35.4,0,1
2474,16,1,3,2,7.56,14,0,2,1,1,0,1,2.12,3,92.22,1,3,1.2,40.02,0,1
2475,18,1,2,3,16.31,2,0,2,1,1,0,1,2.95,2,98.89,2,3,1.2,24.67,0,1
2476,18,1,3,1,3.58,1,1,3,1,0,1,1,1.81,4,99.44,0,3,3.8,31.42,0,0
2477,17,1,1,3,1.64,21,0,3,0,1,1,0,3.12,1,88.33,0,2,1.8,46.05,0,2
2478,18,0,0,3,6.57,4,0,3,1,1,1,1,2.79,2,97.78,1,4,1.8,32.41,0,1
2479,16,0,1,2,8.49,23,1,2,1,0,1,1,3.41,1,87.22,1,3,3.2,28.29,0,2
2480,18,0,0,3,10.85,30,0,2,0,0,0,0,2.29,3,83.33,1,0,1.2,46.09,0,1
2481,17,0,1,3,7.45,0,0,1,1,0,0,1,2.86,2,100.0,1,2,0.6,40.81,0,1
2482,15,0,1,2,15.8,10,0,2,1,1,0,1,2.86,2,94.44,2,3,1.2,27.09,0,1
2483,16,1,1,2,0.79,11,1,3,0,1,1,0,2.06,3,93.89,0,2,3.8,38.73,0,1
2484,15,0,0,2,8.64,25,0,3,1,0,0,0,1.84,4,86.11,1,1,1.8,43.78,0,0
2485,17,0,0,1,7.65,2,0,2,1,0,1,0,3.9,0,98.89,1,2,1.2,35.62,0,3
2486,17,0,1,2,12.95,22,0,3,0,0,0,1,2.43,3,87.78,1,1,1.8,36.33,0,1
2487,17,1,3,2,19.33,28,1,2,1,1,0,0,3.34,1,84.44,2,2,3.2,18.39,0,2
2488,15,1,0,2,10.21,15,0,4,0,0,0,0,4.0,0,91.67,1,0,2.4,34.24,0,3
2489,15,0,1,3,19.74,25,1,4,0,0,1,0,2.99,2,86.11,2,1,4.4,15.21,0,1
2490,15,1,2,2,6.04,13,0,2,1,1,0,0,2.96,2,92.78,1,2,1.2,42.12,0,1
2491,15,0,1,4,0.62,11,0,2,1,1,1,1,2.93,2,93.89,0,4,1.2,43.58,0,1
2492,17,0,0,1,3.31,19,1,3,1,1,0,1,2.93,2,89.44,0,3,3.8,32.46,0,1
2493,17,1,1,2,7.9,25,0,2,1,0,0,1,2.83,2,86.11,1,2,1.2,42.46,0,1
2494,16,1,0,3,6.33,15,0,4,1,0,0,1,2.31,3,91.67,1,2,2.4,38.32,0,1
2495,16,0,3,2,1.94,20,0,3,1,0,1,1,1.89,4,88.89,0,3,1.8,46.06,0,0
2496,15,0,0,2,8.65,7,0,3,1,1,0,0,2.96,2,96.11,1,2,1.8,34.97,0,1
2497,18,1,0,1,6.76,16,0,2,1,0,0,1,3.35,1,91.11,1,2,1.2,40.83,0,2
2498,18,0,0,2,2.45,16,1,1,1,0,0,0,3.1,1,91.11,0,1,2.6,42.98,0,2
2499,17,1,0,1,5.92,27,1,1,1,1,0,1,1.84,4,85.0,1,3,2.6,38.93,0,0
2500,17,0,2,4,17.73,6,0,2,0,0,0,1,3.51,0,96.67,2,1,1.2,27.27,0,3
2501,17,1,0,2,6.04,14,1,2,1,0,1,1,3.02,1,92.22,1,3,3.2,30.58,0,2
2502,16,0,0,4,14.28,28,0,4,1,1,1,0,3.03,1,84.44,1,3,2.4,26.61,0,2
2503,16,0,1,3,12.24,27,0,2,0,0,0,1,2.74,2,85.0,1,1,1.2,40.15,0,1
2504,17,1,0,2,8.54,8,0,4,1,1,1,1,3.23,1,95.56,1,4,2.4,26.89,0,2
2505,17,0,0,2,4.78,3,0,3,1,1,0,0,2.93,2,98.33,0,2,1.8,39.1,0,1
2506,17,0,2,3,7.38,7,0,3,0,0,0,1,2.67,2,96.11,1,1,1.8,39.78,0,1
2507,18,1,2,4,11.84,9,1,2,1,1,1,1,3.13,1,95.0,1,4,3.2,19.58,0,2
2508,16,0,3,1,7.02,14,1,2,0,1,0,1,1.92,4,92.22,1,2,3.2,34.6,0,0
2509,18,0,3,2,4.3,22,1,2,1,1,1,0,2.98,2,87.78,0,3,3.2,34.41,0,1
2510,18,0,2,2,2.33,29,0,4,0,1,1,0,2.77,2,83.89,0,2,2.4,44.89,0,1
2511,17,1,0,0,17.6,17,0,4,0,1,0,1,3.84,0,90.56,2,2,2.4,20.79,0,3
2512,17,1,2,2,8.81,13,1,2,0,1,0,1,3.26,1,92.78,1,2,3.2,28.82,0,2
2513,15,1,2,4,12.5,4,0,2,1,1,0,1,3.08,1,97.78,1,3,1.2,29.5,0,2
2514,15,0,2,2,9.81,8,0,2,0,1,0,0,3.13,1,95.56,1,1,1.2,38.51,0,2
2515,18,0,1,3,17.45,12,1,2,1,1,0,0,3.08,1,93.33,2,2,3.2,18.28,0,2
2516,16,0,0,3,10.94,28,0,3,0,1,0,1,2.4,3,84.44,1,2,1.8,37.59,0,1
2517,17,0,2,2,9.62,24,0,3,1,1,0,1,1.55,4,86.67,1,3,1.8,38.08,0,0
2518,17,1,2,1,18.49,18,0,3,1,1,1,0,3.21,1,90.0,2,3,1.8,21.68,0,2
2519,18,0,3,3,14.39,10,0,3,1,0,1,0,3.37,1,94.44,1,2,1.8,27.35,0,2
2520,15,0,0,4,2.23,11,1,2,0,0,0,0,3.52,0,93.89,0,0,3.2,41.01,0,3
2521,16,0,0,3,3.55,2,0,2,0,0,0,0,3.58,0,98.89,0,0,1.2,46.55,0,3
2522,15,1,0,0,15.74,1,0,3,1,1,1,0,3.35,1,99.44,2,3,1.8,21.46,0,2
2523,15,0,2,1,16.72,22,0,4,1,1,0,0,2.33,3,87.78,2,2,2.4,26.64,0,1
2524,15,0,0,1,10.9,21,0,0,0,0,1,1,1.92,4,88.33,1,2,0.0,45.66,0,0
2525,15,0,0,2,11.09,14,0,2,0,1,0,0,2.93,2,92.22,1,1,1.2,38.58,0,1
2526,17,0,3,3,12.64,4,0,0,1,0,1,0,3.4,1,97.78,1,2,0.0,36.48,0,2
2527,17,0,0,1,8.78,6,1,3,0,0,1,0,3.55,0,96.67,1,1,3.8,26.54,0,3
2528,15,1,2,3,13.6,3,0,1,0,1,0,1,2.85,2,98.33,1,2,0.6,33.73,0,1
2529,16,0,0,2,2.17,4,0,3,1,0,1,0,1.81,4,97.78,0,2,1.8,45.36,0,0
2530,18,0,2,3,19.23,24,0,2,1,0,1,1,2.35,3,86.67,2,3,1.2,26.8,0,1
2531,16,0,1,4,15.0,15,0,3,1,1,1,0,2.16,3,91.67,1,3,1.8,28.08,0,1
2532,16,0,3,1,12.62,14,0,2,0,0,1,1,3.0,1,92.22,1,2,1.2,33.99,0,2
2533,16,0,3,4,6.33,26,1,2,1,1,0,1,2.67,2,85.56,1,3,3.2,33.42,0,1
2534,15,0,0,1,3.22,15,0,2,0,0,1,0,2.41,3,91.67,0,1,1.2,49.91,0,1
2535,17,0,0,2,8.19,24,1,2,0,1,1,1,3.02,1,86.67,1,3,3.2,29.83,0,2
2536,16,0,0,4,13.23,3,0,3,1,1,0,0,3.08,1,98.33,1,2,1.8,28.17,0,2
2537,15,0,2,4,12.67,5,0,3,1,1,1,0,4.0,0,97.22,1,3,1.8,24.45,0,3
2538,16,0,3,2,7.65,17,1,2,1,0,1,0,2.76,2,90.56,1,2,3.2,32.3,0,1
2539,16,1,1,2,12.27,2,0,2,1,1,0,1,2.23,3,98.89,1,3,1.2,31.52,0,1
2540,15,1,1,3,16.27,24,0,1,0,0,0,0,1.46,4,86.67,2,0,0.6,42.95,0,0
2541,17,1,0,3,0.53,21,0,3,0,0,1,1,2.86,2,88.33,0,2,1.8,48.09,0,1
2542,17,1,2,1,9.01,23,0,2,1,0,0,0,2.88,2,87.22,1,1,1.2,43.06,0,1
2543,18,0,3,3,15.17,30,0,4,1,1,0,1,3.21,1,83.33,2,3,2.4,25.44,0,2
2544,15,1,0,2,10.92,26,1,3,0,1,0,1,2.21,3,85.56,1,2,3.8,28.61,0,1
2545,18,1,1,2,13.03,4,0,3,1,1,1,0,2.72,2,97.78,1,3,1.8,27.01,0,1
2546,18,0,0,2,10.33,1,1,1,1,1,0,0,3.95,0,99.44,1,2,2.6,25.59,0,3
2547,18,1,1,2,19.84,22,0,1,1,0,1,0,2.76,2,87.78,2,2,0.6,29.85,0,1
2548,17,1,1,4,1.09,15,0,3,1,1,0,1,2.47,3,91.67,0,3,1.8,44.7,0,1
2549,15,0,0,2,9.82,5,0,2,1,0,1,1,3.68,0,97.22,1,3,1.2,31.54,0,3
2550,18,0,1,4,1.83,26,0,1,1,0,0,0,1.9,4,85.56,0,1,0.6,57.79,1,0
2551,15,0,0,1,3.2,14,0,3,0,0,0,1,2.44,3,92.22,0,1,1.8,46.94,0,1
2552,15,1,1,3,7.66,17,0,2,0,0,0,0,3.33,1,90.56,1,0,1.2,44.95,0,2
2553,17,1,1,3,3.11,5,1,2,1,1,1,0,3.68,0,97.22,0,3,3.2,30.84,0,3
2554,18,0,0,3,19.27,12,1,3,0,0,0,0,3.98,0,93.33,2,0,3.8,16.02,0,3
2555,18,0,2,3,18.94,23,1,4,1,0,0,1,3.61,0,87.22,2,2,4.4,11.77,0,3
2556,15,1,2,2,6.72,12,0,2,1,1,0,0,3.78,0,93.33,1,2,1.2,39.03,0,3
2557,16,0,0,4,12.79,0,1,3,0,0,0,0,3.87,0,100.0,1,0,3.8,22.06,0,3
2558,17,1,0,3,10.68,15,0,3,1,0,0,1,3.11,1,91.67,1,2,1.8,33.61,0,2
2559,17,0,2,1,16.31,3,1,4,1,1,1,1,3.46,1,98.33,2,4,4.4,6.55,0,2
2560,17,0,3,3,12.55,16,0,2,0,0,0,0,2.7,2,91.11,1,0,1.2,40.22,0,1
2561,17,1,0,2,0.01,17,0,4,1,1,1,1,2.1,3,90.56,0,4,2.4,42.13,0,1
2562,18,0,0,1,15.26,15,1,2,1,0,0,0,1.9,4,91.67,2,1,3.2,27.05,0,0
2563,18,0,0,4,14.94,0,0,2,1,0,1,0,3.75,0,100.0,1,2,1.2,26.5,0,3
2564,16,0,1,2,10.19,5,1,2,0,1,0,0,3.05,1,97.22,1,1,3.2,28.57,0,2
2565,17,1,0,3,18.06,10,0,2,1,0,1,0,2.71,2,94.44,2,2,1.2,27.14,0,1
2566,17,0,0,1,18.17,5,0,3,0,0,1,0,4.0,0,97.22,2,1,1.8,22.58,0,3
2567,15,0,2,0,10.48,16,1,3,1,0,0,0,3.49,1,91.11,1,1,3.8,26.51,0,2
2568,18,0,1,2,12.16,3,0,2,0,0,0,0,2.93,2,98.33,1,0,1.2,37.6,0,1
2569,17,0,0,1,19.93,13,1,1,1,1,1,0,3.42,1,92.78,2,3,2.6,14.75,0,2
2570,16,0,1,3,5.98,29,0,2,0,0,0,0,2.45,3,83.89,1,0,1.2,51.58,1,1
2571,16,0,1,1,6.49,13,0,2,0,0,0,0,2.46,3,92.78,1,0,1.2,47.81,0,1
2572,18,1,0,2,3.66,19,0,2,0,1,0,1,3.2,1,89.44,0,2,1.2,45.67,0,2
2573,16,1,0,1,17.92,7,0,2,1,0,1,0,3.22,1,96.11,2,2,1.2,25.46,0,2
2574,16,0,3,1,14.89,21,1,0,0,0,1,1,2.15,3,88.33,1,2,2.0,31.01,0,1
2575,18,1,0,3,2.11,1,0,2,1,1,0,0,3.07,1,99.44,0,2,1.2,44.43,0,2
2576,17,1,2,1,19.64,4,0,3,0,1,0,0,3.54,0,97.78,2,1,1.8,21.7,0,3
2577,17,0,3,3,14.62,3,1,1,1,0,1,0,4.0,0,98.33,1,2,2.6,20.49,0,3
2578,16,1,0,4,17.01,9,0,1,1,0,1,1,3.27,1,95.0,2,3,0.6,27.09,0,2
2579,16,1,0,3,0.96,19,1,2,0,0,0,0,2.69,2,89.44,0,0,3.2,46.23,0,1
2580,17,1,1,3,10.1,27,1,2,0,0,0,1,3.03,1,85.0,1,1,3.2,33.0,0,2
2581,18,1,3,1,13.97,23,0,3,0,0,0,1,2.24,3,87.22,1,1,1.8,35.73,0,1
2582,16,1,3,1,10.86,20,0,4,1,0,0,1,4.0,0,88.89,1,2,2.4,29.4,0,3
2583,15,1,2,4,13.33,2,0,3,0,0,1,1,4.0,0,98.89,1,2,1.8,25.54,0,3
2584,18,1,0,3,16.36,15,1,3,1,0,1,1,3.74,0,91.67,2,3,3.8,13.34,0,3
2585,16,1,2,3,7.49,9,0,2,0,0,0,0,3.0,1,95.0,1,0,1.2,44.43,0,2
2586,16,0,1,3,16.97,27,1,2,1,1,1,0,2.31,3,85.0,2,3,3.2,21.22,0,1
2587,15,0,1,2,3.26,14,0,2,1,0,1,0,2.66,2,92.22,0,2,1.2,46.54,0,1
2588,15,1,0,0,5.42,3,1,4,0,0,0,1,3.31,1,98.33,1,1,4.4,28.03,0,2
2589,17,1,0,3,0.87,0,1,4,1,0,1,1,2.68,2,100.0,0,3,4.4,29.71,0,1
2590,18,0,2,3,7.29,21,1,2,1,0,0,0,2.53,2,88.33,1,1,3.2,36.6,0,1
2591,18,1,1,2,7.6,26,0,2,0,1,0,1,2.31,3,85.56,1,2,1.2,44.32,0,1
2592,17,1,0,4,16.11,28,0,2,1,1,0,0,2.52,2,84.44,2,2,1.2,33.55,0,1
2593,18,0,0,2,13.06,14,0,0,0,0,0,0,3.54,0,92.22,1,0,0.0,42.55,0,3
2594,18,0,3,1,8.73,9,0,3,1,0,1,1,2.84,2,95.0,1,3,1.8,33.06,0,1
2595,18,0,2,4,13.04,19,0,2,0,1,1,1,3.61,0,89.44,1,3,1.2,30.42,0,3
2596,18,1,0,3,1.06,21,1,2,1,0,0,1,2.43,3,88.33,0,2,3.2,42.14,0,1
2597,18,1,0,2,3.61,17,1,3,0,1,0,1,2.66,2,90.56,0,2,3.8,34.87,0,1
2598,15,0,0,1,12.54,15,0,1,1,0,0,1,2.76,2,91.67,1,2,0.6,37.61,0,1
2599,18,0,3,1,12.83,20,1,2,1,1,1,0,3.02,1,88.89,1,3,3.2,23.26,0,2
2600,15,1,1,3,15.48,26,0,1,0,0,1,0,2.18,3,85.56,2,1,0.6,40.03,0,1
2601,18,0,1,2,8.06,8,0,2,0,0,1,0,3.02,1,95.56,1,1,1.2,40.97,0,2
2602,17,1,1,3,14.45,23,1,0,1,0,1,1,2.3,3,87.22,1,3,2.0,29.07,0,1
2603,16,1,0,4,13.68,18,1,2,0,1,0,0,3.99,0,90.0,1,1,3.2,24.38,0,3
2604,15,0,2,3,19.27,16,0,3,1,1,0,0,2.87,2,91.11,2,2,1.8,23.67,0,1
2605,18,0,1,2,4.3,9,1,3,1,1,0,0,3.41,1,95.0,0,2,3.8,30.58,0,2
2606,17,1,0,3,11.03,18,1,2,1,0,1,0,2.7,2,90.0,1,2,3.2,28.42,0,1
2607,16,0,0,2,12.04,7,0,3,1,1,1,0,3.72,0,96.11,1,3,1.8,26.33,0,3
2608,15,0,1,1,19.97,26,0,2,0,0,0,0,2.53,2,85.56,2,0,1.2,33.31,0,1
2609,16,0,3,0,4.02,18,1,3,1,1,0,1,2.72,2,90.0,0,3,3.8,31.9,0,1
2610,17,0,0,2,10.46,4,1,2,0,0,1,0,3.0,1,97.78,1,1,3.2,28.16,0,2
2611,15,1,3,4,6.92,1,0,2,0,1,0,1,2.91,2,99.44,1,2,1.2,38.82,0,1
2612,16,1,2,1,10.52,14,0,1,0,1,0,1,1.97,4,92.22,1,2,0.6,41.92,0,0
2613,18,1,0,1,4.64,16,0,1,1,1,0,1,2.19,3,91.11,0,3,0.6,46.61,0,1
2614,15,1,0,4,0.95,26,1,4,0,0,0,0,2.92,2,85.56,0,0,4.4,41.57,0,1
2615,16,0,0,0,11.45,9,0,1,1,0,1,0,3.03,1,95.0,1,2,0.6,37.14,0,2
2616,17,0,2,3,6.72,30,0,2,1,1,0,0,1.95,4,83.33,1,2,1.2,47.1,0,0
2617,17,1,0,2,3.64,29,1,2,0,1,1,1,2.26,3,83.89,0,3,3.2,38.39,0,1
2618,15,1,0,0,6.48,20,0,2,1,0,0,0,2.46,3,88.89,1,1,1.2,46.68,0,1
2619,16,0,1,4,0.99,20,1,4,0,1,0,1,2.93,2,88.89,0,2,4.4,35.33,0,1
2620,15,1,2,1,19.01,21,1,4,0,1,1,1,3.39,1,88.33,2,3,4.4,9.35,0,2
2621,15,1,0,2,11.62,1,1,2,1,0,0,0,3.72,0,99.44,1,1,3.2,24.33,0,3
2622,16,0,1,1,16.3,8,1,1,0,1,0,0,3.24,1,95.56,2,1,2.6,23.76,0,2
2623,16,1,1,1,8.46,1,1,2,0,1,0,1,2.59,2,99.44,1,2,3.2,28.6,0,1
2624,18,0,1,0,18.07,17,0,2,0,1,0,1,3.22,1,90.56,2,2,1.2,27.21,0,2
2625,16,0,2,1,9.67,11,1,2,1,0,1,1,3.47,1,93.89,1,3,3.2,24.33,0,2
2626,17,1,0,1,11.48,14,1,2,1,0,0,0,2.14,3,92.22,1,1,3.2,30.98,0,1
2627,15,0,2,3,9.84,20,0,3,0,0,0,1,3.05,1,88.89,1,1,1.8,38.28,0,2
2628,15,1,2,2,14.67,24,0,2,0,1,1,0,3.42,1,86.67,1,2,1.2,32.32,0,2
2629,17,0,1,2,11.33,19,0,1,0,1,1,0,2.37,3,89.44,1,2,0.6,40.88,0,1
2630,16,1,2,2,5.43,5,0,2,0,1,0,0,3.18,1,97.22,1,1,1.2,43.28,0,2
2631,17,1,1,4,2.91,17,0,3,1,0,0,1,2.41,3,90.56,0,2,1.8,45.46,0,1
2632,17,1,0,4,12.12,29,0,2,0,1,0,0,2.55,2,83.89,1,1,1.2,41.16,0,1
2633,18,0,2,3,9.78,12,1,2,1,0,0,0,2.58,2,93.33,1,1,3.2,31.61,0,1
2634,17,0,1,4,1.92,3,0,2,1,1,0,0,3.21,1,98.33,0,2,1.2,44.7,0,2
2635,15,1,1,2,7.91,30,0,2,1,1,1,1,2.93,2,83.33,1,4,1.2,38.17,0,1
2636,17,0,0,2,10.3,11,0,2,0,1,0,0,3.06,1,93.89,1,1,1.2,38.66,0,2
2637,15,1,3,3,16.54,8,0,4,1,1,1,0,3.6,0,95.56,2,3,2.4,18.47,0,3
2638,15,1,1,3,1.52,30,1,3,1,0,0,1,2.98,2,83.33,0,2,3.8,39.21,0,1
2639,15,0,0,2,6.97,1,0,3,0,1,1,0,3.71,0,99.44,1,2,1.8,34.03,0,3
2640,16,1,1,2,16.45,15,0,4,1,0,0,1,2.82,2,91.67,2,2,2.4,24.39,0,1
2641,18,0,2,4,12.97,0,1,3,1,1,1,0,2.21,3,100.0,1,3,3.8,18.49,0,1
2642,15,1,2,3,5.8,3,0,3,0,0,0,0,2.77,2,98.33,1,0,1.8,43.23,0,1
2643,15,0,1,2,16.91,14,1,2,1,1,0,0,2.94,2,92.22,2,2,3.2,19.69,0,1
2644,16,1,3,3,9.87,19,0,2,0,1,1,1,3.22,1,89.44,1,3,1.2,35.35,0,2
2645,15,1,0,1,9.97,0,0,0,0,0,0,0,1.67,4,100.0,1,0,0.0,48.36,0,0
2646,17,0,1,1,19.53,19,0,2,1,1,1,0,3.08,1,89.44,2,3,1.2,23.63,0,2
2647,17,1,3,2,18.94,14,0,2,1,1,1,1,3.76,0,92.22,2,4,1.2,19.19,0,3
2648,18,1,3,2,7.17,2,0,3,1,0,0,1,3.03,1,98.89,1,2,1.8,35.67,0,2
2649,15,0,2,0,2.81,12,0,2,0,1,1,0,2.85,2,93.33,0,2,1.2,46.24,0,1
2650,16,1,3,3,6.51,17,1,3,1,0,0,0,2.58,2,90.56,1,1,3.8,33.94,0,1
2651,17,0,0,2,0.61,12,1,3,1,1,0,0,3.2,1,93.33,0,2,3.8,36.3,0,2
2652,16,1,3,2,0.42,9,0,0,1,1,1,1,2.52,2,95.0,0,4,0.0,49.92,0,1
2653,16,0,0,1,7.91,30,0,2,1,1,1,0,2.19,3,83.33,1,3,1.2,42.52,0,1
2654,17,1,0,1,18.82,19,1,1,1,0,0,1,3.01,1,89.44,2,2,2.6,20.83,0,2
2655,16,1,0,4,17.43,23,0,1,0,0,1,0,3.27,1,87.22,2,1,0.6,34.28,0,2
2656,17,1,1,3,10.23,6,0,2,0,1,0,0,2.93,2,96.67,1,1,1.2,38.1,0,1
2657,16,0,0,4,11.3,24,0,3,0,1,1,1,2.8,2,86.67,1,3,1.8,32.86,0,1
2658,17,0,0,4,0.12,7,1,2,1,1,0,1,2.94,2,96.11,0,3,3.2,36.82,0,1
2659,15,0,0,2,4.31,0,0,3,0,0,0,1,3.09,1,100.0,0,1,1.8,41.21,0,2
2660,18,0,0,1,0.5,27,1,4,1,1,0,1,2.74,2,85.0,0,3,4.4,35.28,0,1
2661,17,1,1,4,15.09,17,0,2,0,0,0,0,3.04,1,90.56,2,0,1.2,36.39,0,2
2662,17,1,1,4,2.91,11,0,3,1,1,1,1,2.3,3,93.89,0,4,1.8,39.57,0,1
2663,18,0,0,3,17.38,17,0,1,0,0,0,1,2.83,2,90.56,2,1,0.6,34.28,0,1
2664,17,0,2,3,12.87,27,0,3,1,1,1,0,3.45,1,85.0,1,3,1.8,29.86,0,2
2665,17,0,3,3,4.59,23,0,1,1,0,0,0,2.77,2,87.22,0,1,0.6,51.58,1,1
2666,16,1,2,2,3.15,11,1,3,0,0,0,1,3.5,0,93.89,0,1,3.8,34.68,0,3
2667,18,0,0,2,12.55,19,0,2,1,1,0,0,3.0,1,89.44,1,2,1.2,35.05,0,2
2668,15,0,2,3,18.02,8,1,4,1,0,0,0,3.55,0,95.56,2,1,4.4,12.65,0,3
2669,17,1,0,3,14.37,1,0,2,1,1,0,1,3.94,0,99.44,1,3,1.2,24.43,0,3
2670,18,1,0,0,6.97,13,0,0,1,1,0,0,2.29,3,92.78,1,2,0.0,48.09,0,1
2671,16,0,0,2,11.75,3,0,2,0,0,0,1,2.77,2,98.33,1,1,1.2,36.02,0,1
2672,15,1,2,1,6.22,28,0,3,1,1,0,0,3.38,1,84.44,1,2,1.8,41.04,0,2
2673,18,0,0,1,19.98,28,1,3,1,1,1,0,3.49,1,84.44,2,3,3.8,11.97,0,2
2674,15,1,0,4,14.98,14,1,4,1,0,0,1,3.2,1,92.22,1,2,4.4,16.0,0,2
2675,15,0,0,0,12.29,30,1,3,0,0,1,0,2.39,3,83.33,1,1,3.8,29.72,0,1
2676,15,0,3,1,8.47,16,0,2,0,0,0,1,2.15,3,91.11,1,1,1.2,44.19,0,1
2677,17,0,1,2,12.36,18,0,2,1,0,1,0,2.65,2,90.0,1,2,1.2,35.97,0,1
2678,17,0,0,3,6.83,5,1,0,0,0,0,1,3.37,1,97.22,1,1,2.0,37.42,0,2
2679,16,1,1,2,0.58,8,1,4,0,1,0,1,1.89,4,95.56,0,2,4.4,36.1,0,0
2680,16,1,1,1,7.9,26,0,4,0,1,1,0,3.21,1,85.56,1,2,2.4,36.24,0,2
2681,18,1,2,1,18.61,16,0,2,1,0,0,1,3.3,1,91.11,2,2,1.2,26.14,0,2
2682,16,1,0,1,12.53,14,1,3,0,1,0,1,2.54,2,92.22,1,2,3.8,23.44,0,1
2683,15,0,3,2,1.68,4,1,3,1,1,0,1,3.05,1,97.78,0,3,3.8,31.28,0,2
2684,15,0,0,1,17.7,27,0,3,1,0,1,0,2.56,2,85.0,2,2,1.8,28.54,0,1
2685,17,1,2,4,5.38,17,0,3,0,0,0,1,2.35,3,90.56,1,1,1.8,45.02,0,1
2686,15,1,0,2,4.88,22,1,1,1,1,0,0,2.78,2,87.78,0,2,2.6,39.41,0,1
2687,18,1,0,1,5.94,3,0,4,1,0,0,1,3.27,1,98.33,1,2,2.4,34.08,0,2
2688,15,1,0,3,11.54,20,0,2,0,1,0,0,3.16,1,88.89,1,1,1.2,38.61,0,2
2689,15,1,1,2,10.89,23,0,2,0,0,1,0,1.77,4,87.22,1,1,1.2,43.48,0,0
2690,18,0,0,3,9.83,1,0,2,0,1,1,0,2.86,2,99.44,1,2,1.2,35.3,0,1
2691,16,0,2,1,14.35,18,1,2,1,1,0,0,3.27,1,90.0,1,2,3.2,22.84,0,2
2692,16,0,0,2,6.33,26,0,3,0,0,0,0,3.04,1,85.56,1,0,1.8,46.36,0,2
2693,18,1,2,3,15.64,4,1,3,1,0,1,0,3.53,0,97.78,2,2,3.8,15.13,0,3
2694,17,1,2,4,3.51,25,0,2,1,1,0,1,3.14,1,86.11,0,3,1.2,44.67,0,2
2695,15,1,1,1,15.65,3,1,3,1,1,0,0,3.41,1,98.33,2,2,3.8,15.22,0,2
2696,18,1,2,2,13.28,4,0,2,1,1,0,0,3.33,1,97.78,1,2,1.2,30.4,0,2
2697,15,0,2,2,13.66,18,0,4,0,1,0,1,2.57,2,90.0,1,2,2.4,29.09,0,1
2698,17,0,0,4,9.63,12,1,1,0,0,0,0,3.33,1,93.33,1,0,2.6,35.15,0,2
2699,15,1,2,4,13.34,15,0,2,0,0,0,0,2.28,3,91.67,1,0,1.2,40.09,0,1
2700,18,0,0,1,1.6,11,0,1,1,1,1,1,2.07,3,93.89,0,4,0.6,47.24,0,1
2701,15,0,1,1,17.03,8,0,2,1,0,1,0,2.66,2,95.56,2,2,1.2,28.16,0,1
2702,16,1,2,2,1.11,23,0,2,1,0,0,0,3.26,1,87.22,0,1,1.2,51.98,1,2
2703,17,1,0,1,2.97,15,0,4,0,1,1,0,2.55,2,91.67,0,2,2.4,41.92,0,1
2704,17,1,0,2,11.54,13,1,0,0,1,1,0,3.1,1,92.78,1,2,2.0,31.26,0,2
2705,17,1,1,1,14.79,21,0,2,1,0,0,1,3.05,1,88.33,1,2,1.2,32.52,0,2
2706,18,1,2,3,1.53,30,0,3,1,0,0,0,2.7,2,83.33,0,1,1.8,51.49,1,1
2707,17,1,3,4,18.42,29,0,1,0,1,1,1,2.32,3,83.89,2,3,0.6,31.59,0,1
2708,16,0,1,4,19.47,0,0,3,1,0,1,1,3.67,0,100.0,2,3,1.8,15.81,0,3
2709,18,0,2,2,12.12,19,1,4,0,0,0,0,2.55,2,89.44,1,0,4.4,27.17,0,1
2710,16,1,3,2,9.62,22,1,3,0,1,0,0,2.05,3,87.78,1,1,3.8,32.35,0,1
2711,15,0,0,4,14.83,25,0,2,1,0,0,0,3.68,0,86.11,1,1,1.2,34.17,0,3
2712,15,1,0,1,6.57,20,0,2,1,0,1,1,2.48,3,88.89,1,3,1.2,41.52,0,1
2713,15,1,2,3,9.87,3,0,1,0,0,0,1,2.85,2,98.33,1,1,0.6,40.89,0,1
2714,15,1,2,2,18.32,8,0,1,1,0,0,0,3.56,0,95.56,2,1,0.6,29.53,0,3
2715,16,1,3,1,19.11,23,0,0,1,1,1,1,3.16,1,87.22,2,4,0.0,27.69,0,2
2716,18,0,1,2,18.54,30,0,4,1,0,0,0,2.6,2,83.33,2,1,2.4,27.75,0,1
2717,18,1,0,1,5.25,18,0,2,1,0,0,1,2.76,2,90.0,1,2,1.2,44.58,0,1
2718,17,0,1,3,4.65,13,0,2,0,1,1,1,3.07,1,92.78,0,3,1.2,41.08,0,2
2719,16,1,0,1,5.95,21,0,2,0,1,0,0,1.91,4,88.33,1,1,1.2,48.92,0,0
2720,15,1,0,2,8.83,11,0,2,1,1,0,0,2.5,2,93.89,1,2,1.2,39.4,0,1
2721,16,1,2,1,6.28,29,1,2,1,1,1,0,2.48,3,83.89,1,3,3.2,34.54,0,1
2722,17,0,0,4,7.48,29,0,4,0,1,0,0,2.79,2,83.89,1,1,2.4,40.9,0,1
2723,17,1,2,2,12.41,27,0,2,1,0,0,1,3.36,1,85.0,1,2,1.2,35.88,0,2
2724,16,1,1,2,15.25,3,0,4,1,1,1,1,3.04,1,98.33,2,4,2.4,18.01,0,2
2725,16,1,1,2,14.71,6,1,3,1,0,0,1,4.0,0,96.67,1,2,3.8,15.51,0,3
2726,16,0,0,2,16.29,16,0,4,1,1,0,0,3.38,1,91.11,2,2,2.4,23.39,0,2
2727,18,0,0,1,0.64,0,0,0,1,0,0,0,1.84,4,100.0,0,1,0.0,57.1,1,0
2728,15,0,0,3,0.95,13,0,1,0,1,0,1,2.79,2,92.78,0,2,0.6,51.64,1,1
2729,16,1,3,1,15.79,14,1,2,1,0,1,0,3.84,0,92.22,2,2,3.2,18.84,0,3
2730,16,0,2,1,10.66,11,1,4,0,0,1,1,3.09,1,93.89,1,2,4.4,21.09,0,2
2731,16,1,1,3,11.56,11,0,3,1,1,0,0,2.71,2,93.89,1,2,1.8,32.73,0,1
2732,17,0,0,1,1.05,5,1,3,1,1,0,0,2.68,2,97.22,0,2,3.8,35.69,0,1
2733,17,0,3,2,5.11,25,1,0,0,0,0,0,2.76,2,86.11,1,0,2.0,47.48,0,1
2734,18,1,0,2,12.77,26,1,2,0,1,0,0,2.17,3,85.56,1,1,3.2,31.62,0,1
2735,15,0,0,2,17.18,28,1,2,0,0,1,0,3.82,0,84.44,2,1,3.2,22.38,0,3
2736,18,1,1,3,18.34,12,0,2,1,1,1,0,3.74,0,93.33,2,3,1.2,22.1,0,3
2737,15,1,3,3,10.01,15,1,2,0,1,0,0,3.38,1,91.67,1,1,3.2,29.91,0,2
2738,17,0,0,3,10.91,13,0,2,0,1,0,0,2.36,3,92.78,1,1,1.2,40.03,0,1
2739,17,1,0,3,16.66,6,0,3,1,1,0,0,4.0,0,96.67,2,2,1.8,22.16,0,3
2740,17,1,3,1,10.75,28,0,4,0,1,1,1,3.42,1,84.44,1,3,2.4,30.05,0,2
2741,18,0,0,2,10.34,24,0,3,0,0,0,1,3.5,0,86.67,1,1,1.8,37.31,0,3
2742,16,0,0,2,18.1,30,0,3,1,0,0,1,3.06,1,83.33,2,2,1.8,27.38,0,2
2743,16,1,1,2,15.8,15,1,4,1,0,1,0,3.33,1,91.67,2,2,4.4,14.84,0,2
2744,17,0,3,4,18.18,22,0,1,0,0,1,1,3.13,1,87.78,2,2,0.6,31.0,0,2
2745,16,1,1,3,4.36,8,0,0,1,1,0,0,2.99,2,95.56,0,2,0.0,48.63,0,1
2746,16,1,3,1,10.49,25,0,3,1,1,0,0,3.39,1,86.11,1,2,1.8,35.09,0,2
2747,18,0,2,0,16.85,13,0,2,1,0,0,1,2.31,3,92.78,2,2,1.2,30.23,0,1
2748,15,0,0,0,2.22,24,1,2,1,1,0,0,2.7,2,86.67,0,2,3.2,40.6,0,1
2749,17,0,3,1,15.89,29,1,2,1,1,1,0,3.18,1,83.89,2,3,3.2,20.78,0,2
2750,17,0,1,1,3.66,29,0,2,1,1,0,0,2.96,2,83.89,0,2,1.2,48.21,0,1
2751,18,1,0,2,16.16,23,1,2,0,1,0,1,2.9,2,87.22,2,2,3.2,22.48,0,1
2752,18,1,1,4,12.24,6,0,2,1,0,0,0,3.21,1,96.67,1,1,1.2,34.89,0,2
2753,16,0,0,3,3.86,11,1,2,1,1,1,0,2.96,2,93.89,0,3,3.2,32.87,0,1
2754,17,0,0,1,9.47,2,0,2,1,1,0,1,3.21,1,98.89,1,3,1.2,32.57,0,2
2755,15,1,0,2,13.64,26,1,4,1,0,0,0,2.78,2,85.56,1,1,4.4,23.55,0,1
2756,18,1,1,2,12.68,13,0,4,0,1,1,0,3.46,1,92.78,1,2,2.4,27.12,0,2
2757,15,1,2,3,8.54,18,1,3,0,0,1,0,3.25,1,90.0,1,1,3.8,29.93,0,2
2758,15,1,1,3,17.99,10,0,4,0,0,0,0,2.59,2,94.44,2,0,2.4,27.07,0,1
2759,17,0,3,4,10.39,4,0,2,0,1,0,0,2.57,2,97.78,1,1,1.2,38.41,0,1
2760,17,1,0,2,10.12,22,1,3,1,1,0,1,2.93,2,87.78,1,3,3.8,24.53,0,1
2761,18,1,0,3,1.25,12,0,2,1,1,0,0,4.0,0,93.33,0,2,1.2,45.32,0,3
2762,17,0,0,1,18.44,27,1,3,1,1,1,1,2.98,2,85.0,2,4,3.8,12.48,0,1
2763,17,1,0,2,3.54,9,1,2,1,0,1,0,2.46,3,95.0,0,2,3.2,36.63,0,1
2764,17,1,0,1,10.57,6,0,3,0,1,0,0,2.69,2,96.67,1,1,1.8,35.55,0,1
2765,15,0,2,2,16.07,16,0,1,1,0,1,0,3.2,1,91.11,2,2,0.6,32.3,0,2
2766,18,0,3,3,4.31,15,1,2,1,0,1,0,3.74,0,91.67,0,2,3.2,33.63,0,3
2767,16,0,3,1,10.55,7,1,3,1,1,0,0,2.88,2,96.11,1,2,3.8,23.7,0,1
2768,15,1,0,1,4.81,16,0,3,0,0,1,0,2.83,2,91.11,0,1,1.8,44.34,0,1
2769,17,1,3,0,15.19,12,0,2,0,1,0,1,2.69,2,93.33,2,2,1.2,31.17,0,1
2770,15,0,0,0,11.29,29,0,3,0,1,0,1,2.97,2,83.89,1,2,1.8,35.92,0,1
2771,17,0,0,0,17.12,10,0,1,1,0,1,1,2.72,2,94.44,2,3,0.6,28.52,0,1
2772,17,1,3,1,17.89,19,0,3,0,0,0,0,3.37,1,89.44,2,0,1.8,29.73,0,2
2773,15,0,1,1,12.97,17,1,0,1,0,0,0,1.52,4,90.56,1,1,2.0,36.7,0,0
2774,18,0,0,1,14.51,4,1,3,1,0,0,1,3.66,0,97.78,1,2,3.8,16.22,0,3
2775,17,0,1,4,10.98,5,1,2,1,0,1,0,3.18,1,97.22,1,2,3.2,24.75,0,2
2776,18,1,0,2,7.69,19,0,4,0,1,1,0,3.15,1,89.44,1,2,2.4,35.3,0,2
2777,16,1,2,1,12.96,13,0,2,1,1,1,0,2.89,2,92.78,1,3,1.2,31.15,0,1
2778,17,1,1,2,18.17,11,1,2,1,0,0,0,2.61,2,93.89,2,1,3.2,20.86,0,1
2779,18,1,3,4,8.33,28,1,2,0,0,0,0,2.85,2,84.44,1,0,3.2,38.36,0,1
2780,18,1,0,3,6.29,3,1,2,1,0,0,0,3.49,1,98.33,1,1,3.2,31.95,0,2
2781,16,1,0,1,7.77,6,0,1,1,0,0,1,2.9,2,96.67,1,2,0.6,41.48,0,1
2782,18,0,1,2,8.71,10,0,3,0,0,0,0,2.16,3,94.44,1,0,1.8,42.48,0,1
2783,18,1,1,3,1.47,19,0,2,1,0,0,0,2.66,2,89.44,0,1,1.2,52.25,1,1
2784,16,1,0,3,9.97,1,0,2,0,1,1,1,3.37,1,99.44,1,3,1.2,31.35,0,2
2785,17,0,2,3,9.89,3,1,0,1,0,1,0,2.84,2,98.33,1,2,2.0,32.03,0,1
2786,18,1,3,4,11.77,6,0,1,1,0,1,1,1.55,4,96.67,1,3,0.6,37.35,0,0
2787,18,1,3,4,7.26,0,1,3,0,1,1,0,3.06,1,100.0,1,2,3.8,26.0,0,2
2788,18,0,2,2,12.26,14,0,4,0,1,0,1,2.39,3,92.22,1,2,2.4,30.51,0,1
2789,15,0,3,2,17.56,19,0,2,0,0,0,1,2.85,2,89.44,2,1,1.2,31.67,0,1
2790,16,0,1,3,19.11,21,1,1,1,1,1,0,2.45,3,88.33,2,3,2.6,19.75,0,1
2791,15,1,2,3,11.67,23,0,1,0,1,0,1,2.04,3,87.22,1,2,0.6,42.06,0,1
2792,16,0,0,0,0.85,7,1,4,1,1,0,1,3.32,1,96.11,0,3,4.4,29.5,0,2
2793,17,1,0,4,19.38,28,1,3,0,1,0,0,3.2,1,84.44,2,1,3.8,18.45,0,2
2794,17,1,0,1,14.12,24,1,4,0,0,0,1,3.22,1,86.67,1,1,4.4,21.47,0,2
2795,18,1,1,2,6.72,4,0,1,0,1,0,0,2.52,2,97.78,1,1,0.6,45.85,0,1
2796,16,1,0,4,2.94,13,0,4,0,1,1,0,2.67,2,92.78,0,2,2.4,41.27,0,1
2797,17,0,3,1,2.87,17,0,3,0,1,1,1,2.32,3,90.56,0,3,1.8,43.23,0,1
2798,16,0,0,2,3.35,2,1,4,1,1,1,1,2.95,2,98.89,0,4,4.4,23.83,0,1
2799,17,1,0,1,0.91,1,0,0,1,0,0,0,2.35,3,99.44,0,1,0.0,55.68,1,1
2800,15,0,1,2,18.04,24,0,3,1,1,0,0,2.43,3,86.67,2,2,1.8,27.86,0,1
2801,17,1,0,1,10.82,21,0,2,0,1,0,0,2.29,3,88.33,1,1,1.2,41.88,0,1
2802,15,1,0,2,14.0,15,0,3,1,1,0,0,3.07,1,91.67,1,2,1.8,29.56,0,2
2803,17,1,0,2,16.56,13,1,2,1,0,0,0,2.62,2,92.78,2,1,3.2,23.23,0,1
2804,18,0,1,4,15.83,15,0,3,1,1,1,0,3.31,1,91.67,2,3,1.8,24.17,0,2
2805,15,1,1,4,17.65,10,0,4,0,1,0,1,2.54,2,94.44,2,2,2.4,22.62,0,1
2806,17,1,2,1,19.35,27,0,3,0,0,1,0,2.99,2,85.0,2,1,1.8,27.91,0,1
2807,18,0,2,3,8.78,16,1,3,1,0,0,0,2.97,2,91.11,1,1,3.8,29.94,0,1
2808,15,0,1,1,19.01,2,1,3,1,1,0,0,3.58,0,98.89,2,2,3.8,10.4,0,3
2809,18,0,0,0,14.47,22,0,3,1,1,0,1,2.96,2,87.78,1,3,1.8,28.11,0,1
2810,16,0,0,1,1.41,22,0,2,0,1,1,0,1.91,4,87.78,0,2,1.2,52.28,1,0
2811,16,1,2,4,13.64,4,0,2,0,1,1,0,3.2,1,97.78,1,2,1.2,30.27,0,2
2812,15,0,0,4,13.73,2,0,3,1,0,1,0,2.72,2,98.89,1,2,1.8,28.24,0,1
2813,17,1,0,1,18.12,28,0,1,1,1,1,1,2.51,2,84.44,2,4,0.6,28.79,0,1
2814,15,0,2,1,7.46,14,0,3,1,1,1,0,3.27,1,92.22,1,3,1.8,34.54,0,2
2815,18,0,1,1,11.7,22,1,3,0,1,1,1,2.43,3,87.78,1,3,3.8,23.8,0,1
2816,17,0,0,2,0.24,4,1,2,1,0,0,1,2.86,2,97.78,0,2,3.2,38.78,0,1
2817,16,0,0,2,6.64,21,0,4,0,1,0,0,2.34,3,88.33,1,1,2.4,41.53,0,1
2818,17,0,3,1,1.24,2,0,2,0,1,1,1,2.93,2,98.89,0,3,1.2,43.56,0,1
2819,16,0,3,3,10.44,5,0,1,1,0,1,0,3.41,1,97.22,1,2,0.6,36.67,0,2
2820,17,1,2,2,16.35,22,0,2,1,0,1,0,2.61,2,87.78,2,2,1.2,31.86,0,1
2821,17,0,1,4,4.13,13,0,4,0,1,0,0,3.02,1,92.78,0,1,2.4,41.41,0,2
2822,17,0,1,3,10.55,23,1,4,1,1,1,1,2.97,2,87.22,1,4,4.4,18.86,0,1
2823,18,0,3,2,4.08,1,0,2,1,1,1,0,2.42,3,99.44,0,3,1.2,41.09,0,1
2824,18,0,3,3,2.41,17,1,1,1,1,0,1,2.9,2,90.56,0,3,2.6,38.72,0,1
2825,15,1,0,3,10.22,29,0,2,0,1,0,1,2.87,2,83.89,1,2,1.2,40.23,0,1
2826,15,0,2,1,1.58,5,1,3,0,1,1,1,2.46,3,97.22,0,3,3.8,33.08,0,1
2827,16,0,0,2,11.75,23,1,3,1,0,0,0,3.34,1,87.22,1,1,3.8,26.66,0,2
2828,18,0,0,4,0.63,4,1,3,1,0,0,1,3.71,0,97.78,0,2,3.8,33.44,0,3
2829,16,0,2,1,2.13,13,0,3,1,0,0,0,2.19,3,92.78,0,1,1.8,48.71,0,1
2830,15,1,1,0,11.0,16,1,3,0,0,0,1,3.6,0,91.11,1,1,3.8,25.59,0,3
2831,16,0,3,2,11.83,10,0,2,1,0,1,0,2.93,2,94.44,1,2,1.2,34.38,0,1
2832,15,1,0,3,0.58,0,1,2,1,1,0,0,2.98,2,100.0,0,2,3.2,37.28,0,1
2833,18,0,1,3,11.47,9,0,3,1,1,0,1,3.92,0,95.0,1,3,1.8,26.93,0,3
2834,17,1,3,4,16.77,8,0,3,1,1,0,0,3.68,0,95.56,2,2,1.8,23.21,0,3
2835,18,1,3,2,14.45,19,0,1,1,0,1,0,2.46,3,89.44,1,2,0.6,36.76,0,1
2836,16,0,0,1,2.62,11,0,2,0,0,1,1,2.38,3,93.89,0,2,1.2,47.46,0,1
2837,16,0,0,2,11.85,25,0,3,1,0,0,1,2.92,2,86.11,1,2,1.8,34.57,0,1
2838,18,1,1,3,13.45,0,1,1,1,1,1,1,3.47,1,100.0,1,4,2.6,17.69,0,2
2839,18,1,0,1,0.74,26,0,3,1,0,1,1,2.42,3,85.56,0,3,1.8,47.4,0,1
2840,15,0,3,1,17.11,23,1,3,1,0,0,1,2.67,2,87.22,2,2,3.8,19.14,0,1
2841,16,1,3,0,18.13,17,0,1,0,0,1,1,2.52,2,90.56,2,2,0.6,31.61,0,1
2842,16,1,0,2,17.01,11,0,3,1,1,1,0,3.13,1,93.89,2,3,1.8,22.37,0,2
2843,18,1,0,4,16.49,1,0,1,1,1,1,0,2.45,3,99.44,2,3,0.6,28.23,0,1
2844,17,0,0,3,14.9,0,0,2,0,0,1,0,3.45,1,100.0,1,1,1.2,29.8,0,2
2845,16,1,3,4,12.67,0,0,2,1,0,0,1,3.35,1,100.0,1,2,1.2,30.33,0,2
2846,17,1,0,1,13.57,24,0,3,1,0,1,1,2.32,3,86.67,1,3,1.8,31.22,0,1
2847,18,1,1,4,16.13,28,0,3,0,0,0,1,3.13,1,84.44,2,1,1.8,31.78,0,2
2848,18,0,1,3,13.25,0,1,1,0,1,1,0,2.4,3,100.0,1,2,2.6,25.62,0,1
2849,15,0,1,2,6.55,21,0,3,0,0,1,0,2.85,2,88.33,1,1,1.8,43.09,0,1
2850,16,1,0,4,7.52,11,1,0,0,0,0,0,3.3,1,93.89,1,0,2.0,40.4,0,2
2851,17,0,0,1,17.94,6,1,2,0,0,1,1,3.45,1,96.67,2,2,3.2,15.57,0,2
2852,15,1,3,4,0.34,3,1,2,1,1,0,1,3.33,1,98.33,0,3,3.2,34.79,0,2
2853,16,0,3,4,13.98,20,1,3,0,1,1,0,3.47,1,88.89,1,2,3.8,20.47,0,2
2854,15,0,2,3,19.1,19,0,2,1,0,0,1,3.21,1,89.44,2,2,1.2,26.34,0,2
2855,18,1,0,2,14.12,3,1,0,0,1,0,1,3.08,1,98.33,1,2,2.0,26.14,0,2
2856,16,0,0,1,19.88,25,0,2,1,0,0,0,2.65,2,86.11,2,1,1.2,30.43,0,1
2857,15,0,1,2,13.75,14,0,1,0,1,0,1,3.41,1,92.22,1,2,0.6,34.28,0,2
2858,15,0,0,2,0.69,30,0,4,1,0,0,1,2.77,2,83.33,0,2,2.4,47.14,0,1
2859,17,1,3,3,16.54,0,1,1,0,0,1,1,3.93,0,100.0,2,2,2.6,17.68,0,3
2860,15,0,1,3,5.69,5,1,2,0,1,0,1,3.55,0,97.22,1,2,3.2,30.44,0,3
2861,16,0,0,4,8.92,13,0,2,0,1,0,0,2.3,3,92.78,1,1,1.2,42.67,0,1
2862,16,1,3,0,6.24,25,0,3,1,1,0,1,2.21,3,86.11,1,3,1.8,40.85,0,1
2863,17,0,3,3,5.37,13,1,3,0,1,1,0,2.07,3,92.78,1,2,3.8,33.37,0,1
2864,16,0,0,4,8.63,9,1,2,1,0,1,0,2.34,3,95.0,1,2,3.2,30.57,0,1
2865,18,0,1,3,7.58,6,0,0,0,0,0,1,1.86,4,96.67,1,1,0.0,49.54,0,0
2866,16,0,0,1,12.67,22,0,3,0,1,0,0,1.62,4,87.78,1,1,1.8,38.71,0,0
2867,16,0,0,1,16.26,23,1,1,0,0,0,1,2.7,2,87.22,2,1,2.6,28.08,0,1
2868,15,1,0,0,5.94,22,1,3,1,1,0,0,3.29,1,87.78,1,2,3.8,31.35,0,2
2869,15,1,1,3,4.27,21,0,3,0,0,0,1,2.83,2,88.33,0,1,1.8,45.99,0,1
2870,16,0,3,3,13.34,11,1,2,0,0,0,1,3.47,1,93.89,1,1,3.2,24.74,0,2
2871,17,0,1,4,13.41,30,0,2,1,1,0,0,2.76,2,83.33,1,2,1.2,36.72,0,1
2872,15,0,0,2,18.02,23,1,0,0,0,0,0,2.89,2,87.22,2,0,2.0,30.63,0,1
2873,17,1,1,2,0.32,18,0,3,1,0,0,0,2.95,2,90.0,0,1,1.8,50.04,1,1
2874,16,1,0,3,17.06,8,0,3,0,1,1,1,3.16,1,95.56,2,3,1.8,21.65,0,2
2875,16,0,3,3,10.42,2,1,2,1,0,1,1,3.31,1,98.89,1,3,3.2,22.04,0,2
2876,18,0,1,4,12.43,3,0,2,1,1,0,0,2.96,2,98.33,1,2,1.2,32.19,0,1
2877,15,1,0,3,1.83,12,1,3,0,0,0,1,2.29,3,93.33,0,1,3.8,39.55,0,1
2878,16,0,0,2,8.65,9,1,2,0,1,0,0,2.93,2,95.0,1,1,3.2,31.57,0,1
2879,18,1,2,3,4.55,13,1,1,1,0,1,1,2.26,3,92.78,0,3,2.6,36.87,0,1
2880,15,1,0,4,5.08,5,0,2,1,0,1,0,3.38,1,97.22,1,2,1.2,40.72,0,2
2881,16,0,2,2,10.08,27,1,3,1,1,1,0,3.1,1,85.0,1,3,3.8,25.13,0,2
2882,16,1,0,1,16.25,29,1,2,1,1,0,0,3.57,0,83.89,2,2,3.2,21.86,0,3
2883,15,0,0,1,14.88,27,1,1,0,0,1,0,2.33,3,85.0,1,1,2.6,31.51,0,1
2884,15,0,1,0,11.82,7,0,3,1,0,0,1,2.27,3,96.11,1,2,1.8,32.73,0,1
2885,15,0,3,3,10.79,18,0,2,1,1,1,0,2.08,3,90.0,1,3,1.2,36.86,0,1
2886,16,0,3,1,8.55,28,0,2,1,0,0,0,3.26,1,84.44,1,1,1.2,43.65,0,2
2887,16,0,0,1,19.45,9,0,3,1,0,0,1,2.96,2,95.0,2,2,1.8,21.86,0,1
2888,18,0,0,1,11.2,21,1,2,1,0,0,0,2.06,3,88.33,1,1,3.2,32.89,0,1
2889,17,1,0,2,5.08,4,0,3,1,1,0,0,3.17,1,97.78,1,2,1.8,38.32,0,2
2890,15,1,1,2,4.6,4,1,2,1,0,0,1,2.83,2,97.78,0,2,3.2,33.41,0,1
2891,16,1,1,3,12.23,4,0,3,0,0,0,0,2.64,2,97.78,1,0,1.8,35.71,0,1
2892,16,1,3,1,10.46,8,0,3,0,0,0,1,3.67,0,95.56,1,1,1.8,33.62,0,3
2893,15,0,3,1,0.15,28,0,3,0,1,1,0,2.29,3,84.44,0,2,1.8,51.35,1,1
2894,17,1,0,2,16.6,22,0,3,1,0,0,1,3.21,1,87.78,2,2,1.8,27.32,0,2
2895,15,1,1,2,14.08,27,0,2,1,1,1,0,2.94,2,85.0,1,3,1.2,32.35,0,1
2896,17,1,3,1,13.24,8,0,1,0,0,1,0,4.0,0,95.56,1,1,0.6,34.78,0,3
2897,16,0,2,1,1.38,14,1,0,0,0,0,1,2.43,3,92.22,0,1,2.0,48.33,0,1
2898,17,1,0,4,7.24,8,0,4,0,1,0,0,2.57,2,95.56,1,1,2.4,37.67,0,1
2899,18,0,0,3,18.71,28,1,4,0,1,0,0,2.79,2,84.44,2,1,4.4,17.58,0,1
2900,16,1,1,1,17.25,13,1,1,1,0,0,1,3.53,0,92.78,2,2,2.6,20.32,0,3
2901,18,0,0,1,5.71,5,0,2,1,1,1,0,2.96,2,97.22,1,3,1.2,38.48,0,1
2902,15,0,0,4,3.14,29,1,1,1,1,0,0,2.33,3,83.89,0,2,2.6,44.07,0,1
2903,15,1,0,3,8.98,21,1,4,1,1,1,1,3.25,1,88.33,1,4,4.4,19.73,0,2
2904,15,0,1,2,7.12,19,0,2,1,0,0,0,3.3,1,89.44,1,1,1.2,43.59,0,2
2905,17,0,0,3,13.64,7,0,2,1,0,1,0,3.9,0,96.11,1,2,1.2,29.11,0,3
2906,16,1,0,3,19.33,29,1,1,1,0,0,0,3.08,1,83.89,2,1,2.6,24.46,0,2
2907,15,1,0,3,7.26,1,1,2,1,0,1,0,3.73,0,99.44,1,2,3.2,27.25,0,3
2908,15,1,2,2,1.24,4,0,2,1,1,1,0,2.08,3,97.78,0,3,1.2,46.07,0,1
2909,16,0,3,2,17.95,16,0,2,1,1,0,1,3.32,1,91.11,2,3,1.2,24.42,0,2
2910,15,0,1,0,0.76,9,0,2,0,1,0,1,2.48,3,95.0,0,2,1.2,49.15,0,1
2911,18,0,1,4,19.06,13,0,2,1,0,0,1,2.59,2,92.78,2,2,1.2,26.77,0,1
2912,16,1,3,3,13.29,17,0,1,0,1,1,1,2.38,3,90.56,1,3,0.6,35.51,0,1
2913,16,0,0,1,18.83,0,1,2,0,1,0,0,2.94,2,100.0,2,1,3.2,17.07,0,1
2914,16,0,0,4,3.99,21,0,4,0,0,0,0,2.9,2,88.33,0,0,2.4,45.94,0,1
2915,18,0,0,4,0.81,1,0,3,0,0,0,0,2.37,3,99.44,0,0,1.8,50.08,1,1
2916,16,0,0,4,9.76,27,1,3,1,1,0,1,3.3,1,85.0,1,3,3.8,25.03,0,2
2917,18,0,0,4,9.01,3,0,2,0,1,0,1,3.56,0,98.33,1,2,1.2,34.97,0,3
2918,16,0,3,4,6.63,12,0,3,1,0,0,0,2.86,2,93.33,1,1,1.8,41.22,0,1
2919,17,0,1,1,19.15,15,1,2,0,0,0,1,3.0,1,91.67,2,1,3.2,19.43,0,2
2920,15,1,1,3,16.45,4,1,1,1,1,0,1,3.37,1,97.78,2,3,2.6,17.47,0,2
2921,17,1,3,3,13.23,22,1,2,1,1,0,1,2.74,2,87.78,1,3,3.2,23.84,0,1
2922,15,1,0,1,3.26,9,0,1,0,1,0,0,3.31,1,95.0,0,1,0.6,49.17,0,2
2923,18,0,0,1,14.69,16,0,1,1,1,0,0,1.73,4,91.11,1,2,0.6,37.7,0,0
2924,17,0,1,4,14.54,27,0,0,1,0,0,1,2.47,3,85.0,1,2,0.0,40.9,0,1
2925,16,1,1,1,8.5,10,1,2,1,0,1,1,2.19,3,94.44,1,3,3.2,28.8,0,1
2926,15,0,0,4,18.5,4,0,2,1,1,0,1,3.61,0,97.78,2,3,1.2,20.67,0,3
2927,15,1,1,0,3.34,14,1,3,1,1,0,1,2.91,2,92.22,0,3,3.8,31.5,0,1
2928,17,0,1,0,5.35,3,1,2,0,1,0,0,3.29,1,98.33,1,1,3.2,33.63,0,2
2929,18,0,2,2,1.26,6,0,4,1,1,0,0,2.96,2,96.67,0,2,2.4,41.28,0,1
2930,17,1,1,1,15.91,29,1,1,1,1,0,1,2.96,2,83.89,2,3,2.6,24.03,0,1
2931,18,1,0,3,12.44,9,1,2,0,1,1,0,2.72,2,95.0,1,2,3.2,24.85,0,1
2932,18,1,0,2,6.3,22,0,4,1,0,0,0,2.79,2,87.78,1,1,2.4,41.02,0,1
2933,15,1,1,1,3.28,23,0,2,1,1,0,1,2.08,3,87.22,0,3,1.2,47.22,0,1
2934,17,1,0,1,0.8,3,1,3,0,0,1,1,3.25,1,98.33,0,2,3.8,34.19,0,2
2935,17,0,3,2,3.33,19,0,2,1,0,0,1,2.09,3,89.44,0,2,1.2,48.85,0,1
2936,18,0,1,1,9.07,25,0,2,1,0,0,0,2.28,3,86.11,1,1,1.2,44.87,0,1
2937,17,0,0,3,4.94,4,0,1,0,1,0,0,2.76,2,97.78,0,1,0.6,47.47,0,1
2938,16,1,2,2,5.18,4,0,4,1,1,0,1,3.8,0,97.78,1,3,2.4,31.39,0,3
2939,16,1,1,1,17.51,10,1,1,1,0,1,1,3.14,1,94.44,2,3,2.6,17.89,0,2
2940,17,1,0,2,10.3,18,0,2,0,1,0,1,3.77,0,90.0,1,2,1.2,35.75,0,3
2941,17,1,2,1,14.59,4,1,3,1,1,0,0,3.96,0,97.78,1,2,3.8,15.37,0,3
2942,18,1,3,1,0.71,20,0,2,1,1,0,0,2.28,3,88.89,0,2,1.2,51.85,1,1
2943,16,1,2,1,7.3,7,1,4,1,1,0,0,3.32,1,96.11,1,2,4.4,23.94,0,2
2944,16,0,0,4,9.58,6,1,0,0,0,1,0,3.29,1,96.67,1,1,2.0,34.37,0,2
2945,15,0,1,4,3.73,7,0,3,1,0,0,1,1.48,4,96.11,0,2,1.8,44.82,0,0
2946,18,0,2,3,2.4,12,0,2,1,0,1,0,1.85,4,93.33,0,2,1.2,49.25,0,0
2947,15,0,0,2,17.41,4,1,1,1,1,0,0,3.47,1,97.78,2,2,2.6,18.52,0,2
2948,16,0,0,1,18.79,27,0,3,1,1,1,0,3.13,1,85.0,2,3,1.8,23.26,0,2
2949,18,1,3,2,1.58,26,1,2,0,1,0,0,2.61,2,85.56,0,1,3.2,44.51,0,1
2950,17,1,0,3,6.98,17,1,2,0,0,0,1,2.31,3,90.56,1,1,3.2,36.76,0,1
2951,18,1,2,4,19.17,23,0,4,0,1,1,0,4.0,0,87.22,2,2,2.4,19.6,0,3
2952,17,1,1,1,1.66,8,1,2,1,1,0,0,3.09,1,95.56,0,2,3.2,37.21,0,2
2953,17,1,1,0,12.87,1,0,3,1,1,1,1,3.64,0,99.44,1,4,1.8,21.83,0,3
2954,18,1,0,3,19.44,15,0,3,1,1,0,1,3.65,0,91.67,2,3,1.8,18.81,0,3
2955,17,0,2,3,19.56,13,0,3,1,0,0,0,3.25,1,92.78,2,1,1.8,24.27,0,2
2956,15,1,0,3,9.42,16,0,4,0,0,1,0,2.99,2,91.11,1,1,2.4,35.45,0,1
2957,16,1,1,3,3.25,27,1,2,0,0,1,1,3.08,1,85.0,0,2,3.2,38.94,0,2
2958,17,1,2,4,4.04,5,0,3,0,0,1,1,2.73,2,97.22,0,2,1.8,40.92,0,1
2959,15,1,2,2,17.79,2,1,2,1,0,1,1,3.87,0,98.89,2,3,3.2,11.43,0,3
2960,17,0,3,4,18.23,16,1,3,1,0,0,0,3.38,1,91.11,2,1,3.8,17.1,0,2
2961,16,0,1,4,12.16,12,0,2,1,0,0,0,3.27,1,93.33,1,1,1.2,36.0,0,2
2962,15,1,0,3,15.32,5,0,4,1,1,1,0,3.41,1,97.22,2,3,2.4,19.89,0,2
2963,16,0,3,2,14.8,27,1,4,1,1,0,0,2.58,2,85.0,1,2,4.4,20.3,0,1
2964,16,0,1,1,13.24,7,1,3,0,0,1,0,3.08,1,96.11,1,1,3.8,22.34,0,2
2965,15,1,0,2,16.55,24,0,2,1,0,0,1,3.42,1,86.67,2,2,1.2,29.97,0,2
2966,15,1,0,2,13.71,28,1,3,0,1,0,1,3.22,1,84.44,1,2,3.8,22.99,0,2
2967,15,1,2,4,10.68,5,0,2,0,0,0,1,3.61,0,97.22,1,1,1.2,35.64,0,3
2968,18,1,0,1,4.74,27,0,0,1,0,0,1,2.74,2,85.0,0,2,0.0,52.48,1,1
2969,15,1,2,1,14.88,15,1,2,1,1,0,1,2.76,2,91.67,1,3,3.2,20.37,0,1
2970,15,0,1,3,9.47,5,0,2,0,0,0,0,2.17,3,97.22,1,0,1.2,43.26,0,1
2971,15,1,0,1,5.9,16,0,2,0,0,1,1,3.05,1,91.11,1,2,1.2,42.66,0,2
2972,15,1,1,2,16.04,20,1,2,0,0,0,0,2.88,2,88.89,2,0,3.2,27.09,0,1
2973,17,1,0,2,13.93,2,1,1,0,0,0,0,3.49,1,98.89,1,0,2.6,27.43,0,2
2974,18,0,1,3,18.75,22,1,2,1,1,1,1,3.85,0,87.78,2,4,3.2,11.67,0,3
2975,16,1,1,1,3.31,11,0,2,1,0,1,0,2.47,3,93.89,0,2,1.2,46.37,0,1
2976,15,1,1,4,12.98,24,0,2,1,1,0,0,2.44,3,86.67,1,2,1.2,36.89,0,1
2977,17,1,2,2,4.88,28,0,2,0,0,1,0,1.92,4,84.44,0,1,1.2,51.59,1,0
2978,17,0,2,4,18.07,26,1,3,0,1,0,0,3.11,1,85.56,2,1,3.8,19.92,0,2
2979,17,1,2,2,1.99,5,1,2,0,1,1,0,2.21,3,97.22,0,2,3.2,38.42,0,1
2980,16,1,0,1,13.12,20,1,4,1,0,1,0,3.22,1,88.89,1,2,4.4,19.44,0,2
2981,15,1,0,1,15.82,6,1,2,1,0,0,0,3.37,1,96.67,2,1,3.2,20.92,0,2
2982,18,0,1,0,7.1,10,0,1,0,0,1,0,2.81,2,94.44,1,1,0.6,45.82,0,1
2983,18,1,3,2,19.08,8,0,2,0,0,1,0,2.27,3,95.56,2,1,1.2,29.07,0,1
2984,17,1,2,1,17.01,15,0,3,0,0,0,1,3.57,0,91.67,2,1,1.8,27.05,0,3
2985,16,1,2,2,5.89,4,1,0,0,1,0,1,2.94,2,97.78,1,2,2.0,36.97,0,1
2986,16,0,0,2,0.15,14,0,4,0,1,1,0,2.5,2,92.22,0,2,2.4,45.38,0,1
2987,16,1,1,1,5.93,20,0,2,1,0,1,0,2.89,2,88.89,1,2,1.2,43.8,0,1
2988,18,1,1,1,5.63,25,0,2,1,1,1,1,2.84,2,86.11,1,4,1.2,40.27,0,1
2989,17,1,0,3,17.8,3,1,4,0,1,0,1,2.97,2,98.33,2,2,4.4,10.91,0,1
2990,15,0,0,4,19.34,4,1,2,0,0,0,0,3.39,1,97.78,2,0,3.2,18.58,0,2
2991,18,0,3,1,1.41,6,0,4,0,1,1,0,2.54,2,96.67,0,2,2.4,42.14,0,1
2992,17,1,0,1,9.43,2,1,4,0,1,1,0,3.04,1,98.89,1,2,4.4,21.0,0,2
2993,17,0,0,4,10.97,3,0,4,1,1,1,1,3.59,0,98.33,1,4,2.4,21.99,0,3
2994,15,0,0,0,1.86,24,0,3,1,0,1,0,1.99,4,86.67,0,2,1.8,49.18,0,0
2995,15,0,3,4,7.55,14,0,2,1,0,0,0,3.11,1,92.22,1,1,1.2,42.56,0,2
2996,15,1,1,0,6.34,27,1,2,1,1,1,0,2.12,3,85.0,1,3,3.2,34.98,0,1
2997,16,1,2,4,10.72,1,0,2,1,0,0,0,3.73,0,99.44,1,1,1.2,34.52,0,3
2998,15,0,3,2,13.22,23,0,4,0,1,0,1,2.57,2,87.22,1,2,2.4,30.61,0,1
2999,17,0,0,4,14.07,24,0,2,0,0,1,1,4.0,0,86.67,1,2,1.2,31.62,0,3
3000,15,0,1,2,2.74,4,0,1,0,0,0,1,3.11,1,97.78,0,1,0.6,49.35,0,2
3001,17,1,0,3,16.26,6,0,3,1,0,0,0,3.11,1,96.67,2,1,1.8,27.38,0,2
3002,18,1,0,1,13.57,21,0,2,1,0,0,0,2.24,3,88.33,1,1,1.2,38.57,0,1
3003,16,0,2,1,17.78,16,1,3,1,0,1,1,3.44,1,91.11,2,3,3.8,12.51,0,2
3004,18,0,2,3,8.99,30,1,4,1,1,0,0,3.38,1,83.33,1,2,4.4,26.15,0,2
3005,18,0,0,2,17.88,7,0,3,1,0,0,1,3.52,0,96.11,2,2,1.8,22.03,0,3
3006,17,0,0,4,17.32,8,1,3,1,0,0,1,3.14,1,95.56,2,2,3.8,14.78,0,2
3007,18,1,1,2,8.77,9,1,3,1,1,0,1,3.83,0,95.0,1,3,3.8,21.44,0,3
3008,17,0,0,4,7.62,10,1,3,1,0,1,0,3.29,1,94.44,1,2,3.8,26.92,0,2
3009,15,1,0,2,18.66,0,0,1,0,0,0,1,2.84,2,100.0,2,1,0.6,29.35,0,1
3010,15,0,0,4,14.3,14,0,2,0,1,0,0,4.0,0,92.22,1,1,1.2,31.89,0,3
3011,17,0,0,4,18.56,7,1,0,0,0,1,0,3.55,0,96.11,2,1,2.0,22.7,0,3
3012,15,0,2,2,15.94,18,1,3,1,0,1,1,3.35,1,90.0,2,3,3.8,15.43,0,2
3013,16,0,0,4,12.19,11,0,3,1,1,0,1,2.88,2,93.89,1,3,1.8,29.02,0,1
3014,18,0,0,3,2.32,5,0,2,0,0,0,0,2.76,2,97.22,0,0,1.2,50.72,1,1
3015,16,1,1,1,5.83,9,1,2,1,1,0,1,2.51,2,95.0,1,3,3.2,31.14,0,1
3016,18,0,3,3,19.38,23,0,2,1,0,1,0,3.04,1,87.22,2,2,1.2,27.19,0,2
3017,15,0,0,1,6.39,4,0,2,1,1,0,1,3.14,1,97.78,1,3,1.2,36.98,0,2
3018,16,0,0,3,1.87,23,0,2,1,1,0,1,1.57,4,87.22,0,3,1.2,50.26,1,0
3019,15,1,0,1,14.15,6,0,3,1,0,0,1,2.43,3,96.67,1,2,1.8,29.22,0,1
3020,18,1,2,1,14.68,6,0,3,0,0,1,0,2.61,2,96.67,1,1,1.8,30.61,0,1
3021,17,1,1,2,5.71,22,0,2,1,1,1,1,1.87,4,87.78,1,4,1.2,42.01,0,0
3022,17,1,2,2,5.95,24,0,3,0,1,1,0,2.21,3,86.67,1,2,1.8,43.52,0,1
3023,16,0,3,4,9.38,21,0,2,1,0,1,1,3.55,0,88.33,1,3,1.2,35.53,0,3
3024,15,0,2,4,0.44,21,0,4,0,0,1,0,3.26,1,88.33,0,1,2.4,46.98,0,2
3025,15,0,1,2,15.79,26,0,2,1,1,1,1,2.5,2,85.56,2,4,1.2,28.61,0,1
3026,16,1,1,1,6.34,8,0,4,1,0,0,1,3.2,1,95.56,1,2,2.4,34.72,0,2
3027,17,0,0,3,17.08,14,0,2,1,0,1,0,2.47,3,92.22,2,2,1.2,29.74,0,1
3028,18,0,3,2,16.05,5,0,2,1,1,1,1,4.0,0,97.22,2,4,1.2,20.46,0,3
3029,16,1,0,2,13.23,15,0,3,1,0,1,0,2.86,2,91.67,1,2,1.8,31.05,0,1
3030,18,1,0,2,6.5,6,0,2,0,0,1,1,1.85,4,96.67,1,2,1.2,42.96,0,0
3031,17,1,2,2,10.33,14,1,3,1,1,1,1,4.0,0,92.22,1,4,3.8,17.54,0,3
3032,15,0,0,2,8.9,22,0,2,0,1,0,0,2.48,3,87.78,1,1,1.2,44.0,0,1
3033,17,0,1,3,6.78,1,1,2,1,0,0,0,4.0,0,99.44,1,1,3.2,29.68,0,3
3034,16,1,1,2,16.96,28,0,3,1,1,0,1,3.32,1,84.44,2,3,1.8,25.26,0,2
3035,15,0,1,4,9.67,27,1,2,1,1,0,1,3.01,1,85.0,1,3,3.2,28.59,0,2
3036,16,1,2,2,16.65,7,0,1,1,0,1,1,2.13,3,96.11,2,3,0.6,30.0,0,1
3037,16,1,0,1,2.1,11,0,4,1,0,1,0,2.82,2,93.89,0,2,2.4,41.55,0,1
3038,17,0,1,4,2.82,10,0,4,1,1,1,0,2.2,3,94.44,0,3,2.4,39.51,0,1
3039,16,1,1,2,19.55,5,1,3,1,0,1,1,3.29,1,97.22,2,3,3.8,8.54,0,2
3040,17,1,2,1,11.76,19,0,3,0,0,0,0,2.83,2,89.44,1,0,1.8,38.74,0,1
3041,15,1,2,3,10.2,26,1,4,1,1,1,1,3.69,0,85.56,1,4,4.4,18.08,0,3
3042,17,0,0,2,10.46,12,0,3,0,1,1,0,2.63,2,93.33,1,2,1.8,34.5,0,1
3043,15,1,1,3,4.31,22,1,4,1,1,0,1,3.99,0,87.78,0,3,4.4,26.41,0,3
3044,17,1,0,2,14.37,15,1,2,1,1,0,0,2.29,3,91.67,1,2,3.2,24.68,0,1
3045,18,1,3,3,1.7,7,1,3,1,0,0,1,2.59,2,96.11,0,2,3.8,35.49,0,1
3046,18,1,0,1,11.47,16,1,1,1,1,1,0,2.96,2,91.11,1,3,2.6,27.06,0,1
3047,16,1,2,2,11.42,25,0,3,0,0,0,0,1.53,4,86.11,1,0,1.8,43.58,0,0
3048,17,1,0,4,18.28,28,0,3,0,0,0,0,2.33,3,84.44,2,0,1.8,33.59,0,1
3049,17,1,0,3,10.52,12,0,2,0,0,0,0,3.1,1,93.33,1,0,1.2,40.98,0,2
3050,15,0,1,1,2.74,3,0,3,1,1,1,1,3.36,1,98.33,0,4,1.8,35.58,0,2
3051,16,0,3,1,11.46,19,0,4,0,0,1,1,2.38,3,89.44,1,2,2.4,32.51,0,1
3052,17,1,1,2,1.83,9,0,4,1,1,1,0,2.61,2,95.0,0,3,2.4,39.53,0,1
3053,16,0,3,3,4.08,24,1,1,1,1,0,0,2.88,2,86.67,0,2,2.6,40.55,0,1
3054,18,0,1,3,0.62,28,0,3,1,0,0,1,1.61,4,84.44,0,2,1.8,52.46,1,0
3055,17,1,1,3,10.27,21,0,2,0,0,0,1,2.64,2,88.33,1,1,1.2,41.69,0,1
3056,17,0,0,2,1.69,19,0,3,0,0,0,1,2.46,3,89.44,0,1,1.8,49.75,0,1
3057,16,1,2,3,9.39,15,1,2,1,1,0,0,3.87,0,91.67,1,2,3.2,26.96,0,3
3058,17,1,0,2,18.66,28,0,1,1,1,0,1,3.02,1,84.44,2,3,0.6,29.34,0,2
3059,16,1,3,1,14.4,16,0,2,1,0,0,0,2.83,2,91.11,1,1,1.2,35.08,0,1
3060,17,1,3,2,1.55,7,1,2,0,1,0,1,3.26,1,96.11,0,2,3.2,36.73,0,2
3061,15,1,3,4,4.48,10,0,3,1,0,0,0,3.01,1,94.44,0,1,1.8,43.14,0,2
3062,16,0,1,3,13.47,24,1,1,1,1,0,1,2.42,3,86.67,1,3,2.6,27.46,0,1
3063,17,1,2,2,17.89,4,1,3,0,1,1,0,3.77,0,97.78,2,2,3.8,11.72,0,3
3064,18,0,2,3,0.66,20,0,4,1,0,1,0,3.11,1,88.89,0,2,2.4,44.38,0,2
3065,17,1,0,4,16.25,25,1,3,1,0,0,0,2.93,2,86.11,2,1,3.8,22.45,0,1
3066,18,1,1,2,11.24,15,1,2,0,1,1,1,3.11,1,91.67,1,3,3.2,24.05,0,2
3067,18,1,0,2,10.92,23,0,3,0,0,1,1,3.74,0,87.22,1,2,1.8,33.29,0,3
3068,15,0,1,4,19.16,7,0,0,1,0,0,1,3.22,1,96.11,2,2,0.0,29.36,0,2
3069,16,1,0,4,14.95,20,0,2,1,1,1,1,2.89,2,88.89,1,4,1.2,27.52,0,1
3070,17,1,0,2,17.0,15,1,4,0,0,0,1,2.75,2,91.67,2,1,4.4,17.29,0,1
3071,15,1,0,2,7.08,3,0,0,0,1,0,0,2.3,3,98.33,1,1,0.0,48.48,0,1
3072,17,1,1,2,11.09,5,1,4,1,0,0,0,3.32,1,97.22,1,1,4.4,21.31,0,2
3073,18,0,1,1,12.31,25,0,1,1,0,0,0,2.23,3,86.11,1,1,0.6,43.67,0,1
3074,16,1,0,4,6.43,20,1,1,1,1,1,0,3.13,1,88.89,1,3,2.6,33.71,0,2
3075,17,0,1,2,11.4,7,1,1,0,1,0,0,2.81,2,96.11,1,1,2.6,30.77,0,1
3076,17,1,0,4,4.73,8,0,3,0,1,1,1,4.0,0,95.56,0,3,1.8,34.96,0,3
3077,18,0,1,1,2.87,12,0,2,1,0,1,0,2.74,2,93.33,0,2,1.2,46.44,0,1
3078,17,0,1,2,7.48,16,1,1,0,1,1,0,2.01,3,91.11,1,2,2.6,36.92,0,1
3079,17,1,1,0,14.79,8,0,3,1,0,1,1,3.13,1,95.56,1,3,1.8,24.56,0,2
3080,18,1,2,3,18.32,12,1,4,0,0,0,1,3.2,1,93.33,2,1,4.4,13.93,0,2
3081,15,0,0,2,9.15,8,0,3,0,1,1,0,3.33,1,95.56,1,2,1.8,33.61,0,2
3082,18,1,2,3,12.86,5,1,1,1,0,0,1,3.17,1,97.22,1,2,2.6,25.15,0,2
3083,15,1,1,1,2.06,26,1,1,1,1,1,0,2.68,2,85.56,0,3,2.6,41.46,0,1
3084,16,1,1,1,18.09,9,0,3,1,1,1,0,4.0,0,95.0,2,3,1.8,18.46,0,3
3085,15,0,1,1,11.37,4,1,3,1,0,0,1,3.09,1,97.78,1,2,3.8,21.57,0,2
3086,15,1,0,1,15.61,6,0,4,1,1,1,1,3.61,0,96.67,2,4,2.4,16.72,0,3
3087,16,1,2,3,15.89,10,1,2,1,0,0,0,3.76,0,94.44,2,1,3.2,20.64,0,3
3088,15,1,1,2,5.13,23,0,1,0,1,0,0,2.6,2,87.22,1,1,0.6,51.33,1,1
3089,18,0,0,3,10.58,8,0,2,1,1,1,1,2.23,3,95.56,1,4,1.2,32.3,0,1
3090,15,1,0,2,19.21,24,1,3,0,0,0,1,3.47,1,86.67,2,1,3.8,17.21,0,2
3091,16,0,0,1,1.79,9,1,2,1,0,1,1,1.82,4,95.0,0,3,3.2,37.92,0,0
3092,18,1,3,1,13.66,10,0,4,1,1,0,1,3.95,0,94.44,1,3,2.4,21.59,0,3
3093,16,0,2,1,19.25,2,1,2,1,1,1,0,2.72,2,98.89,2,3,3.2,12.48,0,1
3094,16,1,0,3,6.01,28,1,2,1,0,1,0,3.66,0,84.44,1,2,3.2,34.24,0,3
3095,17,1,0,3,17.23,7,1,2,0,0,1,0,3.33,1,96.11,2,1,3.2,19.45,0,2
3096,17,0,1,1,18.67,16,0,1,1,1,1,0,3.34,1,91.11,2,3,0.6,26.2,0,2
3097,16,0,2,1,14.94,6,0,3,1,0,1,0,3.35,1,96.67,1,2,1.8,25.93,0,2
3098,16,0,0,4,4.63,11,0,3,1,1,0,0,3.39,1,93.89,0,2,1.8,39.69,0,2
3099,16,1,0,3,6.68,15,1,0,1,0,0,0,1.76,4,91.67,1,1,2.0,43.57,0,0
3100,17,1,3,3,0.72,14,0,2,0,1,0,1,2.31,3,92.22,0,2,1.2,50.59,1,1
3101,17,1,0,2,16.63,20,1,3,1,0,0,0,3.29,1,88.89,2,1,3.8,20.1,0,2
3102,15,1,0,1,16.99,28,1,3,1,1,1,1,3.01,1,84.44,2,4,3.8,14.41,0,2
3103,15,0,3,4,12.65,12,0,2,1,1,0,0,2.82,2,93.33,1,2,1.2,34.02,0,1
3104,16,1,1,3,7.05,17,0,3,1,1,0,1,2.94,2,90.56,1,3,1.8,36.46,0,1
3105,18,1,0,2,1.54,17,0,2,0,1,0,0,2.42,3,90.56,0,1,1.2,52.37,1,1
3106,18,1,0,3,15.06,23,1,3,1,1,0,0,4.0,0,87.22,2,2,3.8,18.38,0,3
3107,17,1,0,3,14.53,4,0,3,1,1,0,0,3.89,0,97.78,1,2,1.8,24.71,0,3
3108,17,1,0,1,18.25,13,1,1,1,0,0,0,3.78,0,92.78,2,1,2.6,20.95,0,3
3109,17,1,3,2,14.61,27,0,3,1,1,0,0,3.69,0,85.0,1,2,1.8,29.58,0,3
3110,16,1,1,1,16.57,10,1,2,1,1,1,1,3.44,1,94.44,2,4,3.2,13.09,0,2
3111,18,0,2,1,14.92,2,0,1,0,0,0,0,2.5,2,98.89,1,0,0.6,37.76,0,1
3112,15,1,3,3,12.61,16,0,2,1,0,0,1,2.76,2,91.11,1,2,1.2,34.99,0,1
3113,16,1,1,1,8.54,26,0,2,1,0,1,1,2.73,2,85.56,1,3,1.2,39.6,0,1
3114,15,1,0,3,18.04,22,1,3,1,0,0,1,3.24,1,87.78,2,2,3.8,16.35,0,2
3115,15,1,1,4,13.02,26,0,1,1,1,1,1,2.1,3,85.56,1,4,0.6,35.8,0,1
3116,16,0,3,1,7.97,11,1,3,1,1,1,0,3.19,1,93.89,1,3,3.8,24.43,0,2
3117,15,0,2,2,1.67,2,0,1,1,0,1,0,2.17,3,98.89,0,2,0.6,50.15,1,1
3118,18,0,0,3,5.81,22,1,2,1,0,1,0,3.75,0,87.78,1,2,3.2,33.09,0,3
3119,15,0,2,3,10.87,27,1,2,1,0,0,0,3.19,1,85.0,1,1,3.2,31.64,0,2
3120,18,0,1,3,5.51,1,1,2,1,0,0,1,3.03,1,99.44,1,2,3.2,31.19,0,2
3121,18,0,3,2,4.42,3,0,4,1,0,0,1,3.04,1,98.33,0,2,2.4,36.55,0,2
3122,18,1,0,2,10.55,17,0,3,1,1,0,0,3.72,0,90.56,1,2,1.8,32.63,0,3
3123,17,0,1,2,3.4,19,1,2,0,0,0,0,1.92,4,89.44,0,0,3.2,45.1,0,0
3124,15,0,3,4,16.01,20,0,4,0,0,0,0,2.83,2,88.89,2,0,2.4,30.89,0,1
3125,16,1,1,2,9.69,30,1,2,0,0,1,0,2.93,2,83.33,1,1,3.2,34.35,0,1
3126,16,0,1,4,11.48,13,1,2,1,1,0,0,2.09,3,92.78,1,2,3.2,28.41,0,1
3127,15,1,0,1,2.95,7,0,2,1,1,0,0,2.64,2,96.11,0,2,1.2,45.62,0,1
3128,17,1,0,4,6.49,1,0,4,1,0,0,0,2.95,2,99.44,1,1,2.4,36.3,0,1
3129,17,0,0,3,8.2,25,0,3,0,0,1,1,3.95,0,86.11,1,2,1.8,36.55,0,3
3130,18,1,3,2,16.16,18,0,3,0,1,1,0,2.91,2,90.0,2,2,1.8,27.84,0,1
3131,15,0,0,3,15.4,9,1,3,1,0,0,0,2.77,2,95.0,2,1,3.8,20.8,0,1
3132,15,0,1,1,4.46,27,1,3,1,1,1,1,2.24,3,85.0,0,4,3.8,31.8,0,1
3133,16,1,2,1,12.32,28,0,3,1,0,0,1,1.3800000000000003,4,84.44,1,2,1.8,38.41,0,0
3134,15,1,0,1,4.87,4,1,1,0,1,0,1,3.72,0,97.78,0,2,2.6,33.57,0,3
3135,17,0,1,1,19.76,10,0,1,1,0,0,1,3.06,1,94.44,2,2,0.6,26.87,0,2
3136,15,1,2,2,19.04,27,0,2,1,1,0,0,2.74,2,85.0,2,2,1.2,29.15,0,1
3137,16,1,3,3,11.27,27,0,4,1,1,1,0,3.33,1,85.0,1,3,2.4,29.43,0,2
3138,18,0,1,3,13.98,8,1,3,0,0,0,0,3.52,0,95.56,1,0,3.8,23.01,0,3
3139,16,0,2,1,16.03,15,1,3,0,0,1,1,3.13,1,91.67,2,2,3.8,17.78,0,2
3140,16,1,0,4,14.42,25,0,0,1,0,1,0,2.19,3,86.11,1,2,0.0,41.36,0,1
3141,18,0,3,3,14.0,26,0,2,1,1,1,0,2.52,2,85.56,1,3,1.2,33.3,0,1
3142,16,0,0,4,19.17,4,0,3,0,0,0,1,3.42,1,97.78,2,1,1.8,22.58,0,2
3143,16,0,2,3,11.93,14,1,2,1,0,0,0,3.37,1,92.22,1,1,3.2,27.34,0,2
3144,15,0,0,1,12.73,13,0,3,0,0,0,0,2.21,3,92.78,1,0,1.8,37.91,0,1
3145,15,0,3,2,16.99,8,0,1,1,1,0,0,2.97,2,95.56,2,2,0.6,30.16,0,1
3146,18,0,2,3,13.4,19,1,3,0,0,1,0,3.71,0,89.44,1,1,3.8,22.9,0,3
3147,15,0,2,0,14.66,25,0,3,0,1,0,0,2.08,3,86.11,1,1,1.8,35.65,0,1
3148,15,1,0,0,4.68,4,0,3,1,1,1,0,3.22,1,97.78,0,3,1.8,36.2,0,2
3149,16,0,1,1,7.43,14,0,2,0,1,0,1,2.05,3,92.22,1,2,1.2,42.86,0,1
3150,17,1,1,1,2.95,8,1,3,0,0,0,0,2.6,2,95.56,0,0,3.8,39.09,0,1
3151,15,1,2,2,10.12,3,1,2,1,0,1,0,2.16,3,98.33,1,2,3.2,27.99,0,1
3152,17,1,0,2,9.11,20,0,4,0,0,1,0,2.97,2,88.89,1,1,2.4,36.67,0,1
3153,15,0,3,1,19.94,20,0,2,1,0,0,0,2.51,2,88.89,2,1,1.2,29.73,0,1
3154,15,0,3,3,12.22,3,0,2,0,0,1,0,2.08,3,98.33,1,1,1.2,37.15,0,1
3155,18,1,0,2,15.73,19,0,3,1,1,0,0,3.02,1,89.44,2,2,1.8,28.3,0,2
3156,18,0,2,1,6.68,26,0,2,1,1,1,1,3.06,1,85.56,1,4,1.2,38.6,0,2
3157,18,1,1,0,16.63,20,0,3,0,0,0,0,3.01,1,88.89,2,0,1.8,32.39,0,2
3158,17,0,1,1,12.3,27,0,1,1,1,0,1,2.74,2,85.0,1,3,0.6,37.8,0,1
3159,16,0,0,2,13.94,21,1,2,1,0,1,1,3.37,1,88.33,1,3,3.2,21.19,0,2
3160,15,1,1,1,5.89,6,0,4,0,1,1,1,2.61,2,96.67,1,3,2.4,33.87,0,1
3161,15,1,2,2,10.97,14,1,4,1,0,0,1,3.2,1,92.22,1,2,4.4,21.01,0,2
3162,15,1,1,3,12.68,21,0,2,1,0,1,1,3.94,0,88.33,1,3,1.2,30.43,0,3
3163,17,0,1,2,11.78,30,0,0,0,0,0,1,2.49,3,83.33,1,1,0.0,47.38,0,1
3164,18,1,2,1,18.3,16,0,2,1,1,1,0,2.55,2,91.11,2,3,1.2,25.91,0,1
3165,16,0,2,2,17.97,30,0,2,0,0,1,1,2.92,2,83.33,2,2,1.2,30.62,0,1
3166,17,0,0,3,19.42,17,1,2,1,0,0,1,3.01,1,90.56,2,2,3.2,16.96,0,2
3167,18,0,3,4,13.35,6,1,2,0,0,1,0,3.24,1,96.67,1,1,3.2,24.33,0,2
3168,17,1,1,3,19.44,29,0,3,1,0,0,0,3.27,1,83.89,2,1,1.8,27.48,0,2
3169,16,1,0,2,16.65,18,1,0,0,1,0,0,2.62,2,90.0,2,1,2.0,29.55,0,1
3170,18,1,0,2,5.42,27,1,3,0,0,0,0,1.3800000000000003,4,85.0,1,0,3.8,42.75,0,0
3171,17,0,1,2,8.55,9,0,3,1,1,1,0,2.88,2,95.0,1,3,1.8,33.18,0,1
3172,16,0,3,4,4.77,26,0,3,0,1,1,0,2.91,2,85.56,0,2,1.8,43.63,0,1
3173,15,1,0,0,0.08,12,0,2,1,0,0,0,3.35,1,93.33,0,1,1.2,50.9,1,2
3174,16,0,2,4,3.76,1,1,3,0,1,0,1,3.74,0,99.44,0,2,3.8,28.87,0,3
3175,15,0,0,3,0.08,21,0,3,0,0,0,0,2.36,3,88.33,0,0,1.8,54.9,1,1
3176,17,1,1,3,14.4,26,0,3,1,0,0,1,3.09,1,85.56,1,2,1.8,31.15,0,2
3177,18,1,3,0,8.51,19,0,0,0,0,0,1,2.3,3,89.44,1,1,0.0,49.81,0,1
3178,18,1,2,3,6.25,27,0,0,1,1,0,0,2.85,2,85.0,1,2,0.0,50.31,1,1
3179,17,0,0,2,15.23,30,1,3,1,1,0,0,2.83,2,83.33,2,2,3.8,22.45,0,1
3180,18,0,1,1,16.65,10,0,3,1,1,0,1,3.48,1,94.44,2,3,1.8,21.75,0,2
3181,18,0,0,1,19.51,4,0,4,0,1,1,0,4.0,0,97.78,2,2,2.4,15.48,0,3
3182,15,0,1,4,12.84,30,1,2,1,1,0,1,4.0,0,83.33,1,3,3.2,22.74,0,3
3183,17,0,2,2,9.23,5,0,1,1,0,1,1,2.15,3,97.22,1,3,0.6,38.83,0,1
3184,16,1,2,2,6.11,2,0,2,0,0,0,0,1.97,4,98.89,1,0,1.2,47.37,0,0
3185,15,0,0,1,4.45,0,1,2,1,0,0,0,2.52,2,100.0,0,1,3.2,36.09,0,1
3186,17,0,3,3,4.26,2,1,2,1,1,1,0,3.07,1,98.89,0,3,3.2,30.34,0,2
3187,15,0,1,3,8.18,2,0,3,0,0,0,1,2.81,2,98.89,1,1,1.8,37.46,0,1
3188,16,1,0,3,19.84,21,0,3,1,1,1,0,3.72,0,88.33,2,3,1.8,19.3,0,3
3189,16,1,1,2,0.02,3,1,1,1,1,0,0,2.43,3,98.33,0,2,2.6,42.67,0,1
3190,17,1,1,2,3.94,6,1,3,0,1,0,0,2.44,3,96.67,0,1,3.8,35.37,0,1
3191,16,0,1,2,3.77,28,1,3,0,1,1,1,3.35,1,84.44,0,3,3.8,32.59,0,2
3192,15,1,1,1,14.34,14,1,3,1,1,1,1,3.42,1,92.22,1,4,3.8,13.98,0,2
3193,16,1,1,4,7.05,10,0,3,0,1,1,1,3.16,1,94.44,1,3,1.8,34.55,0,2
3194,15,1,0,2,9.15,17,1,3,0,1,0,1,2.41,3,90.56,1,2,3.8,28.57,0,1
3195,15,0,2,2,2.97,11,0,2,0,1,0,0,3.2,1,93.89,0,1,1.2,47.47,0,2
3196,16,1,1,2,8.1,3,1,3,0,0,1,0,3.04,1,98.33,1,1,3.8,28.09,0,2
3197,17,0,0,3,2.06,23,1,3,1,0,0,1,2.81,2,87.22,0,2,3.8,37.6,0,1
3198,18,0,2,1,10.66,10,0,2,0,1,0,0,3.0,1,94.44,1,1,1.2,38.17,0,2
3199,16,1,3,1,1.96,5,0,2,0,0,1,1,3.41,1,97.22,0,2,1.2,44.54,0,2
3200,15,0,3,3,15.81,25,0,2,0,1,1,0,3.05,1,86.11,2,2,1.2,32.02,0,2
3201,15,1,0,2,11.33,18,0,0,1,0,1,0,2.29,3,90.0,1,2,0.0,43.61,0,1
3202,16,0,0,3,14.48,25,0,3,1,1,1,0,2.89,2,86.11,1,3,1.8,28.85,0,1
3203,17,1,1,1,8.37,27,1,2,1,1,1,1,3.05,1,85.0,1,4,3.2,27.62,0,2
3204,17,1,0,3,7.63,17,0,1,1,1,0,0,3.53,0,90.56,1,2,0.6,42.21,0,3
3205,15,1,3,1,1.96,14,0,2,0,0,0,1,2.34,3,92.22,0,1,1.2,51.47,1,1
3206,15,0,0,0,10.48,2,1,1,0,0,1,0,2.73,2,98.89,1,1,2.6,31.15,0,1
3207,17,1,0,4,10.29,16,0,3,1,1,0,1,3.37,1,91.11,1,3,1.8,31.14,0,2
3208,18,0,1,2,9.36,0,1,3,0,1,0,1,2.82,2,100.0,1,2,3.8,23.98,0,1
3209,16,1,0,2,14.81,1,0,2,0,1,1,0,2.84,2,99.44,1,2,1.2,29.13,0,1
3210,15,0,2,1,16.65,29,0,4,0,1,1,0,2.85,2,83.89,2,2,2.4,26.79,0,1
3211,15,0,1,3,15.02,18,0,2,1,0,1,0,3.14,1,90.0,2,2,1.2,31.42,0,2
3212,17,1,0,2,2.88,28,1,3,1,0,0,0,3.11,1,84.44,0,1,3.8,39.3,0,2
3213,16,1,0,4,12.44,8,0,3,1,0,1,1,3.26,1,95.56,1,3,1.8,27.17,0,2
3214,17,1,1,4,1.61,7,0,2,1,1,1,1,2.92,2,96.11,0,4,1.2,41.59,0,1
3215,16,1,0,3,13.89,11,0,4,1,0,1,0,3.45,1,93.89,1,2,2.4,25.24,0,2
3216,16,1,1,2,7.64,30,1,3,1,0,0,0,1.92,4,83.33,1,1,3.8,36.71,0,0
3217,16,0,1,2,2.65,26,0,4,0,0,0,0,2.57,2,85.56,0,0,2.4,49.41,0,1
3218,15,1,2,3,17.24,26,1,2,0,1,0,1,3.8,0,85.56,2,2,3.2,19.46,0,3
3219,18,1,3,1,12.28,14,1,2,1,1,1,0,3.39,1,92.22,1,3,3.2,21.85,0,2
3220,17,0,3,2,7.09,24,0,3,0,0,1,1,2.64,2,86.67,1,2,1.8,41.02,0,1
3221,18,1,3,1,0.61,22,0,4,0,0,1,0,2.89,2,87.78,0,1,2.4,47.88,0,1
3222,17,1,0,1,10.75,6,0,4,0,0,0,0,2.4,3,96.67,1,0,2.4,35.82,0,1
3223,16,0,0,1,18.46,20,0,4,0,1,1,0,3.24,1,88.89,2,2,2.4,21.8,0,2
3224,15,1,0,2,11.93,15,1,3,0,0,1,0,3.03,1,91.67,1,1,3.8,25.66,0,2
3225,18,1,3,3,19.43,6,0,0,1,0,1,0,3.14,1,96.67,2,2,0.0,29.03,0,2
3226,15,1,3,2,2.73,19,0,2,0,1,1,0,2.37,3,89.44,0,2,1.2,48.9,0,1
3227,17,0,3,2,11.37,20,0,1,0,1,1,0,3.38,1,88.89,1,2,0.6,38.5,0,2
3228,15,1,0,1,15.96,11,0,1,1,0,0,0,2.62,2,93.89,2,1,0.6,35.41,0,1
3229,15,0,3,2,10.51,16,0,2,1,0,1,0,2.26,3,91.11,1,2,1.2,38.87,0,1
3230,18,1,1,1,1.82,10,1,1,1,0,0,0,1.94,4,94.44,0,1,2.6,45.5,0,0
3231,16,0,0,3,11.66,3,0,2,1,0,0,0,1.99,4,98.33,1,1,1.2,38.08,0,0
3232,15,1,1,4,12.23,18,0,4,0,1,1,1,3.19,1,90.0,1,3,2.4,26.83,0,2
3233,16,0,0,1,14.57,1,0,2,1,0,0,1,2.71,2,99.44,1,2,1.2,29.75,0,1
3234,17,0,1,1,15.22,1,0,1,1,1,0,0,2.39,3,99.44,2,2,0.6,32.47,0,1
3235,15,0,0,2,15.42,23,0,3,1,1,1,1,2.8,2,87.22,2,4,1.8,25.02,0,1
3236,18,0,1,4,13.27,16,1,3,1,0,1,0,3.53,0,91.11,1,2,3.8,20.43,0,3
3237,17,0,1,3,4.32,23,0,2,1,1,1,0,2.55,2,87.22,0,3,1.2,44.74,0,1
3238,17,0,3,4,8.08,8,1,2,1,0,1,1,3.21,1,95.56,1,3,3.2,26.38,0,2
3239,18,1,2,2,15.52,21,1,2,1,1,1,0,3.6,0,88.33,2,3,3.2,18.64,0,3
3240,15,1,1,4,19.07,0,0,2,1,1,1,0,3.81,0,100.0,2,3,1.2,18.68,0,3
3241,15,0,2,1,1.58,9,1,1,1,1,0,1,2.8,2,95.0,0,3,2.6,38.46,0,1
3242,17,0,3,1,10.71,27,0,3,1,1,0,1,2.18,3,85.0,1,3,1.8,35.73,0,1
3243,15,0,0,4,6.25,22,0,3,0,1,0,1,2.49,3,87.78,1,2,1.8,42.06,0,1
3244,16,0,1,4,4.51,14,0,3,1,0,0,0,2.84,2,92.22,0,1,1.8,44.3,0,1
3245,18,1,0,1,10.12,30,1,2,1,1,1,1,3.06,1,83.33,1,4,3.2,25.99,0,2
3246,16,0,0,1,12.12,20,0,2,0,0,0,1,2.87,2,88.89,1,1,1.2,38.61,0,1
3247,15,1,2,0,0.2,14,1,2,1,1,1,1,2.36,3,92.22,0,4,3.2,37.03,0,1
3248,17,1,3,1,15.6,24,0,2,1,1,1,0,2.97,2,86.67,2,3,1.2,29.79,0,1
3249,18,0,0,1,16.4,22,0,3,1,1,0,0,3.72,0,87.78,2,2,1.8,26.3,0,3
3250,15,0,2,4,19.31,20,0,4,1,0,0,0,3.32,1,88.89,2,1,2.4,23.04,0,2
3251,15,1,3,3,3.61,28,1,1,1,1,1,1,2.91,2,84.44,0,4,2.6,36.84,0,1
3252,17,1,3,3,11.89,1,0,4,1,1,1,1,3.16,1,99.44,1,4,2.4,21.52,0,2
3253,17,0,0,3,8.53,13,0,4,0,1,0,0,2.88,2,92.78,1,1,2.4,36.26,0,1
3254,16,0,3,2,6.7,3,0,1,0,1,1,1,2.02,3,98.33,1,3,0.6,41.93,0,1
3255,18,0,0,3,11.31,17,0,1,1,0,0,1,2.84,2,90.56,1,2,0.6,39.34,0,1
3256,18,1,1,2,15.65,8,0,2,1,0,0,1,1.68,4,95.56,2,2,1.2,32.34,0,0
3257,17,1,0,2,0.46,1,0,3,1,1,1,0,2.13,3,99.44,0,3,1.8,43.61,0,1
3258,16,0,0,2,19.39,1,0,1,0,0,0,0,3.31,1,99.44,2,0,0.6,29.96,0,2
3259,18,1,2,2,16.2,17,0,2,0,1,1,1,2.45,3,90.56,2,3,1.2,28.97,0,1
3260,17,1,1,3,15.02,16,0,4,1,0,1,1,2.14,3,91.11,2,3,2.4,25.58,0,1
3261,15,0,0,4,15.21,8,1,1,1,1,1,0,3.28,1,95.56,2,3,2.6,20.02,0,2
3262,18,0,0,2,7.78,7,0,2,1,0,0,1,2.11,3,96.11,1,2,1.2,40.91,0,1
3263,16,1,2,3,15.03,1,0,3,1,0,1,0,3.81,0,99.44,2,2,1.8,23.7,0,3
3264,16,1,0,1,7.74,1,1,4,0,1,0,0,3.44,1,99.44,1,1,4.4,24.42,0,2
3265,16,0,2,3,17.97,4,0,2,0,1,0,0,4.0,0,97.78,2,1,1.2,25.36,0,3
3266,15,0,0,2,3.54,11,1,1,1,0,0,0,2.95,2,93.89,0,1,2.6,41.02,0,1
3267,18,0,0,0,5.85,28,0,3,0,1,0,0,3.37,1,84.44,1,1,1.8,44.03,0,2
3268,18,0,0,2,11.03,29,1,3,0,1,1,0,2.33,3,83.89,1,2,3.8,28.75,0,1
3269,15,0,1,3,6.38,27,1,4,0,1,0,0,2.53,2,85.0,1,1,4.4,33.45,0,1
3270,18,1,0,1,8.48,15,1,1,0,0,0,0,2.88,2,91.67,1,0,2.6,38.3,0,1
3271,15,1,0,4,9.85,13,1,3,0,0,1,0,3.07,1,92.78,1,1,3.8,27.77,0,2
3272,15,1,3,1,17.13,19,0,2,1,0,1,1,2.96,2,89.44,2,3,1.2,26.93,0,1
3273,15,1,1,4,10.46,1,0,4,1,0,1,1,3.3,1,99.44,1,3,2.4,25.46,0,2
3274,16,0,0,3,7.25,23,1,2,0,1,1,1,2.72,2,87.22,1,3,3.2,31.57,0,1
3275,18,0,1,2,4.95,7,0,2,1,1,0,0,2.34,3,96.11,0,2,1.2,43.87,0,1
3276,15,0,3,2,8.17,28,1,1,0,1,0,0,2.22,3,84.44,1,1,2.6,40.37,0,1
3277,18,1,0,3,10.31,3,0,2,0,0,0,1,2.59,2,98.33,1,1,1.2,38.27,0,1
3278,16,1,0,3,14.92,29,1,2,1,0,1,1,2.42,3,83.89,1,3,3.2,23.89,0,1
3279,15,1,2,3,2.42,19,0,0,1,1,1,1,2.53,2,89.44,0,4,0.0,49.35,0,1
3280,17,0,1,2,4.43,8,0,2,1,1,0,1,2.44,3,95.56,0,3,1.2,41.96,0,1
3281,16,1,1,2,7.59,19,1,2,0,1,1,0,2.56,2,89.44,1,2,3.2,33.26,0,1
3282,17,0,0,4,7.21,30,0,3,0,0,0,1,3.33,1,83.33,1,1,1.8,42.82,0,2
3283,18,0,0,1,7.83,25,0,1,1,0,1,1,2.72,2,86.11,1,3,0.6,43.05,0,1
3284,18,0,1,2,15.87,26,0,3,0,1,1,1,3.27,1,85.56,2,3,1.8,26.36,0,2
3285,16,0,0,1,6.48,24,1,3,1,1,0,0,3.3,1,86.67,1,2,3.8,31.04,0,2
3286,18,0,1,3,10.04,18,1,2,0,1,1,0,3.77,0,90.0,1,2,3.2,26.98,0,3
3287,17,0,1,3,12.48,1,1,1,1,0,1,0,3.21,1,99.44,1,2,2.6,24.75,0,2
3288,15,1,0,1,4.64,30,0,3,1,1,0,0,2.58,2,83.33,0,2,1.8,45.4,0,1
3289,15,0,3,1,14.37,15,0,2,1,0,0,1,2.6,2,91.67,1,2,1.2,33.0,0,1
3290,15,0,2,0,10.94,10,0,1,1,0,0,1,2.31,3,94.44,1,2,0.6,39.77,0,1
3291,16,1,2,2,8.94,7,0,2,0,1,0,0,2.14,3,96.11,1,1,1.2,41.88,0,1
3292,18,0,0,2,16.2,11,0,2,0,1,0,0,2.49,3,93.89,2,1,1.2,32.71,0,1
3293,17,1,0,4,4.87,2,1,2,1,0,0,0,2.85,2,98.89,0,1,3.2,35.13,0,1
3294,18,1,1,2,17.66,12,0,4,0,1,0,0,3.27,1,93.33,2,1,2.4,23.68,0,2
3295,18,1,0,1,11.22,1,0,4,0,1,0,1,2.59,2,99.44,1,2,2.4,28.79,0,1
3296,18,0,3,4,12.18,12,0,4,0,1,1,0,2.67,2,93.33,1,2,2.4,29.53,0,1
3297,15,0,0,2,17.5,26,0,2,0,0,0,0,1.71,4,85.56,2,0,1.2,38.45,0,0
3298,17,1,1,2,16.35,7,0,4,1,0,0,1,2.9,2,96.11,2,2,2.4,22.76,0,1
3299,17,0,0,1,12.03,14,0,3,1,1,0,0,2.92,2,92.22,1,2,1.8,32.2,0,1
3300,18,0,1,2,15.06,23,0,3,1,1,0,0,2.89,2,87.22,2,2,1.8,30.24,0,1
3301,15,1,0,4,8.67,20,1,2,1,1,1,1,2.82,2,88.89,1,4,3.2,26.46,0,1
3302,15,1,1,2,10.95,8,0,1,1,0,0,1,2.74,2,95.56,1,2,0.6,38.29,0,1
3303,17,0,0,2,1.24,10,1,4,1,0,1,1,2.99,2,94.44,0,3,4.4,30.42,0,1
3304,15,1,3,3,1.8,21,0,2,0,0,0,0,3.12,1,88.33,0,0,1.2,53.58,1,2
3305,15,1,0,4,16.59,20,0,4,0,0,1,1,2.95,2,88.89,2,2,2.4,24.87,0,1
3306,15,1,3,1,1.19,27,0,2,0,0,1,0,2.23,3,85.0,0,1,1.2,55.23,1,1
3307,16,0,2,2,3.39,2,0,4,1,0,0,0,2.33,3,98.89,0,1,2.4,41.92,0,1
3308,18,0,0,4,15.92,6,0,2,1,1,1,1,3.48,1,96.67,2,4,1.2,22.11,0,2
3309,17,0,2,1,0.02,13,0,2,1,1,0,0,2.5,2,92.78,0,2,1.2,50.8,1,1
3310,17,1,0,3,5.65,14,1,3,0,1,0,1,2.72,2,92.22,1,2,3.8,31.59,0,1
3311,16,0,3,3,11.68,8,0,3,1,1,1,0,2.52,2,95.56,1,3,1.8,29.97,0,1
3312,18,1,1,3,11.91,19,0,3,1,1,0,0,3.08,1,89.44,1,2,1.8,32.93,0,2
3313,17,0,0,2,15.54,10,0,2,0,0,1,0,2.45,3,94.44,2,1,1.2,33.44,0,1
3314,15,0,0,2,10.12,6,0,1,0,0,0,1,3.12,1,96.67,1,1,0.6,40.49,0,2
3315,17,1,0,3,10.19,11,1,2,1,0,1,0,3.97,0,93.89,1,2,3.2,24.93,0,3
3316,15,0,3,1,14.51,18,0,2,1,1,1,1,3.44,1,90.0,1,4,1.2,26.31,0,2
3317,16,1,0,2,9.97,26,0,3,0,0,1,1,2.71,2,85.56,1,2,1.8,37.63,0,1
3318,15,0,2,1,12.17,17,0,1,0,0,0,1,2.98,2,90.56,1,1,0.6,40.41,0,1
3319,17,0,1,0,17.96,12,0,2,0,0,0,1,2.58,2,93.33,2,1,1.2,30.48,0,1
3320,17,1,3,4,8.03,10,0,4,1,1,1,0,2.45,3,94.44,1,3,2.4,32.37,0,1
3321,17,1,0,2,7.7,0,0,1,1,1,1,0,3.01,1,100.0,1,3,0.6,37.62,0,2
3322,16,1,1,4,0.07,5,1,3,1,0,0,0,2.72,2,97.22,0,1,3.8,39.31,0,1
3323,16,0,1,1,12.27,20,1,1,1,0,0,1,2.11,3,88.89,1,2,2.6,31.46,0,1
3324,18,0,2,2,0.6,1,0,1,1,0,0,1,1.87,4,99.44,0,2,0.6,52.04,1,0
3325,17,0,0,1,10.08,12,1,3,1,0,0,1,2.88,2,93.33,1,2,3.8,25.26,0,1
3326,15,1,0,3,16.08,12,0,2,0,0,0,0,3.5,0,93.33,2,0,1.2,33.03,0,3
3327,16,1,0,3,11.0,18,0,2,1,0,0,1,2.75,2,90.0,1,2,1.2,37.42,0,1
3328,17,1,2,1,5.39,8,1,4,1,1,0,0,2.95,2,95.56,1,2,4.4,27.44,0,1
3329,17,0,0,4,15.72,18,0,3,1,0,1,0,3.04,1,90.0,2,2,1.8,28.07,0,2
3330,16,0,1,1,5.39,22,0,4,1,1,1,1,2.24,3,87.78,1,4,2.4,36.03,0,1
3331,18,1,0,3,14.66,0,0,3,0,0,0,0,3.02,1,100.0,1,0,1.8,30.94,0,2
3332,16,0,3,4,12.21,22,1,2,1,1,0,0,3.62,0,87.78,1,2,3.2,25.42,0,3
3333,16,1,3,4,3.4,24,0,2,1,1,1,0,3.37,1,86.67,0,3,1.2,44.04,0,2
3334,15,0,1,4,18.1,27,1,3,0,1,0,0,3.62,0,85.0,2,1,3.8,18.8,0,3
3335,15,0,0,2,4.01,26,0,2,1,1,0,0,2.85,2,85.56,0,2,1.2,47.46,0,1
3336,18,1,0,1,19.79,7,0,1,0,1,1,0,3.83,0,96.11,2,2,0.6,24.32,0,3
3337,17,0,0,1,0.15,22,0,1,0,1,0,0,1.74,4,87.78,0,1,0.6,59.51,1,0
3338,16,0,0,2,5.27,25,0,2,1,0,0,1,3.88,0,86.11,1,2,1.2,43.12,0,3
3339,18,1,2,3,4.0,13,1,1,1,0,1,0,1.78,4,92.78,0,2,2.6,41.26,0,0
3340,15,1,1,1,0.28,23,1,2,0,0,0,1,2.34,3,87.22,0,1,3.2,46.23,0,1
3341,16,0,3,3,14.65,15,0,3,1,0,0,0,1.3800000000000003,4,91.67,1,1,1.8,35.47,0,0
3342,17,1,0,2,13.87,28,0,0,0,0,0,0,2.86,2,84.44,1,0,0.0,45.96,0,1
3343,15,0,2,2,15.85,3,0,3,0,0,0,0,2.59,2,98.33,2,0,1.8,31.12,0,1
3344,15,1,1,3,5.13,30,0,3,0,1,1,0,2.02,3,83.33,1,2,1.8,46.19,0,1
3345,15,0,1,2,8.89,17,0,1,0,1,1,0,3.35,1,90.56,1,2,0.6,41.09,0,2
3346,18,0,0,3,13.18,13,1,1,0,1,1,1,2.94,2,92.78,1,3,2.6,24.38,0,1
3347,17,1,1,1,8.8,29,0,0,1,0,1,0,2.66,2,83.89,1,2,0.0,47.99,0,1
3348,16,0,1,3,13.95,26,1,2,1,0,0,0,2.66,2,85.56,1,1,3.2,28.92,0,1
3349,18,0,2,1,12.68,8,1,3,1,0,0,0,2.66,2,95.56,1,1,3.8,24.28,0,1
3350,18,1,3,1,2.29,14,0,2,1,1,0,0,3.02,1,92.22,0,2,1.2,46.86,0,2
3351,18,1,0,3,15.62,2,1,2,1,1,0,1,3.47,1,98.89,2,3,3.2,15.14,0,2
3352,15,0,0,4,14.41,29,1,2,1,0,0,0,3.01,1,83.89,1,1,3.2,28.06,0,2
3353,17,1,1,1,13.12,26,1,3,1,1,1,0,2.6,2,85.56,1,3,3.8,22.38,0,1
3354,18,1,1,2,3.1,3,0,0,1,1,0,1,2.62,2,98.33,0,3,0.0,47.66,0,1
3355,16,0,0,2,5.36,22,0,3,1,0,0,1,2.34,3,87.78,1,2,1.8,43.55,0,1
3356,17,0,2,1,7.86,17,1,3,0,1,1,0,3.27,1,90.56,1,2,3.8,28.03,0,2
3357,16,1,3,3,5.6,13,0,2,0,0,0,0,2.74,2,92.78,1,0,1.2,48.22,0,1
3358,17,1,3,3,4.56,14,1,2,0,1,1,0,3.19,1,92.22,0,2,3.2,34.5,0,2
3359,16,1,0,1,16.11,7,0,0,1,1,0,1,2.75,2,96.11,2,3,0.0,31.85,0,1
3360,15,0,3,2,12.76,27,0,2,1,0,0,1,3.56,0,85.0,1,2,1.2,34.95,0,3
3361,18,0,2,3,11.31,9,1,1,1,0,1,1,3.05,1,95.0,1,3,2.6,25.67,0,2
3362,16,0,1,2,4.52,23,0,0,0,0,1,0,2.53,2,87.22,0,1,0.0,55.0,1,1
3363,17,0,1,3,18.36,11,1,2,1,0,0,1,3.57,0,93.89,2,2,3.2,15.72,0,3
3364,18,0,2,1,3.82,20,0,3,1,1,0,0,2.17,3,88.89,0,2,1.8,45.51,0,1
3365,18,0,1,3,15.9,8,0,4,1,1,0,0,3.09,1,95.56,2,2,2.4,23.04,0,2
3366,17,0,0,1,19.33,7,0,3,1,1,0,1,3.5,0,96.11,2,3,1.8,17.77,0,3
3367,16,1,1,3,14.54,16,1,2,0,1,1,0,2.33,3,91.11,1,2,3.2,24.57,0,1
3368,15,1,1,2,19.86,8,1,4,0,0,0,1,3.65,0,95.56,2,1,4.4,10.1,0,3
3369,15,0,0,1,13.02,12,1,2,0,0,0,1,2.3,3,93.33,1,1,3.2,28.26,0,1
3370,16,0,3,3,4.35,29,0,1,0,0,1,0,1.63,4,83.89,0,1,0.6,55.9,1,0
3371,18,0,2,1,4.08,13,0,2,0,0,1,1,2.09,3,92.78,0,2,1.2,46.75,0,1
3372,18,1,1,2,6.49,4,1,2,0,0,0,0,3.23,1,97.78,1,0,3.2,35.04,0,2
3373,18,0,0,2,0.14,8,0,2,1,1,0,1,4.0,0,95.56,0,3,1.2,43.42,0,3
3374,18,1,1,1,13.63,24,1,3,0,0,0,1,2.25,3,86.67,1,1,3.8,27.23,0,1
3375,16,1,0,4,5.37,25,1,1,1,1,1,0,2.75,2,86.11,1,3,2.6,36.96,0,1
3376,18,1,0,3,16.3,25,0,2,0,0,0,1,3.31,1,86.11,2,1,1.2,33.26,0,2
3377,17,1,1,1,7.18,15,1,2,0,0,0,1,3.06,1,91.67,1,1,3.2,34.25,0,2
3378,18,1,1,3,9.6,18,1,3,0,1,0,0,2.65,2,90.0,1,1,3.8,30.1,0,1
3379,15,0,1,2,19.31,23,1,4,1,1,0,0,3.54,0,87.22,2,2,4.4,11.49,0,3
3380,18,0,0,4,4.84,22,0,3,1,1,0,0,2.47,3,87.78,0,2,1.8,43.87,0,1
3381,16,1,1,2,14.43,30,1,2,1,1,0,0,2.74,2,83.33,1,2,3.2,26.4,0,1
3382,15,0,0,2,15.1,6,0,3,0,0,1,0,2.68,2,96.67,2,1,1.8,29.91,0,1
3383,16,1,3,2,4.42,11,0,2,1,1,0,1,3.29,1,93.89,0,3,1.2,40.43,0,2
3384,16,1,1,2,10.02,25,0,4,1,1,1,1,2.98,2,86.11,1,4,2.4,28.98,0,1
3385,15,0,2,2,7.0,1,0,3,0,1,0,0,2.86,2,99.44,1,1,1.8,38.61,0,1
3386,16,0,0,1,15.44,17,0,2,1,1,0,0,3.02,1,90.56,2,2,1.2,31.0,0,2
3387,16,0,0,3,12.45,17,0,3,0,0,0,0,2.95,2,90.56,1,0,1.8,37.18,0,1
3388,18,0,3,2,9.52,15,1,2,0,1,0,0,3.07,1,91.67,1,1,3.2,31.3,0,2
3389,17,0,0,4,15.59,28,0,1,1,1,0,1,3.16,1,84.44,2,3,0.6,32.83,0,2
3390,16,1,1,1,4.7,10,0,3,1,1,0,0,2.93,2,94.44,0,2,1.8,40.56,0,1
3391,16,0,1,3,15.07,1,0,2,1,1,0,0,2.8,2,99.44,2,2,1.2,28.9,0,1
3392,16,0,0,4,17.31,13,0,4,0,1,0,0,2.37,3,92.78,2,1,2.4,26.56,0,1
3393,18,0,2,3,17.57,3,0,2,0,0,1,0,3.59,0,98.33,2,1,1.2,26.69,0,3
3394,17,1,1,4,15.67,6,0,3,1,1,1,1,3.04,1,96.67,2,4,1.8,20.8,0,2
3395,15,0,0,3,8.16,1,1,3,0,1,0,1,3.82,0,99.44,1,2,3.8,23.17,0,3
3396,18,1,0,2,19.64,20,1,4,1,0,1,0,2.52,2,88.89,2,2,4.4,13.04,0,1
3397,18,0,0,3,7.59,13,0,2,1,1,1,1,2.41,3,92.78,1,4,1.2,36.56,0,1
3398,17,0,3,1,12.77,6,0,2,1,1,1,1,2.96,2,96.67,1,4,1.2,27.35,0,1
3399,17,1,2,2,3.22,8,0,3,0,0,0,0,2.83,2,95.56,0,0,1.8,47.27,0,1
3400,18,0,0,1,19.61,7,0,3,0,1,0,0,3.65,0,96.11,2,1,1.8,22.04,0,3
3401,15,0,0,3,14.08,8,0,2,1,1,0,0,3.59,0,95.56,1,2,1.2,29.52,0,3
3402,18,1,2,2,15.07,6,1,2,1,0,0,0,3.18,1,96.67,2,1,3.2,22.33,0,2
3403,17,0,1,2,1.32,18,0,4,0,1,0,1,3.06,1,90.0,0,2,2.4,43.29,0,2
3404,15,1,1,1,15.27,16,1,3,1,1,0,0,2.17,3,91.11,2,2,3.8,21.33,0,1
3405,17,1,0,4,15.49,25,0,3,1,0,0,1,2.78,2,86.11,2,2,1.8,30.37,0,1
3406,15,1,0,1,13.44,22,0,3,1,1,0,1,3.22,1,87.78,1,3,1.8,28.75,0,2
3407,16,1,2,0,5.84,12,0,2,1,0,1,0,2.68,2,93.33,1,2,1.2,42.88,0,1
3408,17,1,3,1,9.79,10,0,4,1,1,0,0,3.71,0,94.44,1,2,2.4,29.52,0,3
3409,17,0,0,4,2.21,21,0,3,1,0,0,0,2.19,3,88.33,0,1,1.8,50.17,1,1
3410,18,0,1,4,9.43,17,0,2,0,0,1,1,3.3,1,90.56,1,2,1.2,37.81,0,2
3411,17,0,1,3,4.88,16,0,1,1,0,0,0,2.36,3,91.11,0,1,0.6,50.88,1,1
3412,17,1,1,4,6.98,27,0,2,1,0,1,1,2.9,2,85.0,1,3,1.2,41.32,0,1
3413,16,1,0,1,3.25,15,0,3,1,0,1,0,2.22,3,91.67,0,2,1.8,45.12,0,1
3414,17,1,2,4,4.6,9,0,3,0,1,0,0,2.99,2,95.0,0,1,1.8,42.84,0,1
3415,16,1,1,1,1.53,3,0,4,1,0,0,1,3.33,1,98.33,0,2,2.4,39.44,0,2
3416,16,0,1,1,18.4,29,0,4,0,0,0,1,3.24,1,83.89,2,1,2.4,26.13,0,2
3417,16,0,0,1,10.61,3,0,1,0,0,1,0,2.93,2,98.33,1,1,0.6,39.77,0,1
3418,16,1,0,2,7.93,21,0,3,0,0,1,0,3.11,1,88.33,1,1,1.8,40.72,0,2
3419,15,1,0,3,10.7,10,1,3,1,0,0,0,3.47,1,94.44,1,1,3.8,25.12,0,2
3420,18,0,2,2,12.57,20,1,1,1,0,0,1,2.71,2,88.89,1,2,2.6,29.58,0,1
3421,15,1,0,4,18.44,24,1,2,1,1,0,0,3.21,1,86.67,2,2,3.2,19.05,0,2
3422,17,1,2,2,3.57,7,0,2,1,1,0,1,3.24,1,96.11,0,3,1.2,40.84,0,2
3423,15,1,0,1,5.91,8,0,1,1,1,1,0,3.65,0,95.56,1,3,0.6,39.81,0,3
3424,15,0,1,2,19.52,15,1,1,1,1,1,0,3.41,1,91.67,2,3,2.6,15.67,0,2
3425,17,0,1,3,7.42,9,0,3,0,1,0,1,2.38,3,95.0,1,2,1.8,38.34,0,1
3426,17,1,0,3,0.45,22,0,3,0,1,0,1,2.77,2,87.78,0,2,1.8,48.61,0,1
3427,17,0,0,2,2.95,8,0,3,1,0,0,1,3.74,0,95.56,0,2,1.8,40.33,0,3
3428,15,1,0,2,0.53,2,0,3,0,1,0,0,2.51,2,98.89,0,1,1.8,47.77,0,1
3429,15,1,2,1,19.8,24,1,1,1,0,1,1,2.29,3,86.67,2,3,2.6,19.87,0,1
3430,17,0,2,3,5.58,1,0,1,0,1,1,1,3.18,1,99.44,1,3,0.6,40.04,0,2
3431,18,1,0,4,18.47,8,0,2,1,0,0,1,3.26,1,95.56,2,2,1.2,24.86,0,2
3432,18,1,1,0,19.92,12,1,2,1,0,0,1,3.19,1,93.33,2,2,3.2,14.91,0,2
3433,16,0,0,4,12.0,5,0,4,0,1,1,0,3.17,1,97.22,1,2,2.4,27.14,0,2
3434,17,1,0,2,0.66,3,0,3,0,0,1,0,2.54,2,98.33,0,1,1.8,47.73,0,1
3435,16,1,0,1,1.63,27,1,2,0,0,0,0,2.09,3,85.0,0,0,3.2,48.44,0,1
3436,18,1,3,4,9.63,13,0,1,1,0,0,0,2.97,2,92.78,1,1,0.6,42.84,0,1
3437,16,0,0,2,8.12,27,1,3,0,1,0,1,3.14,1,85.0,1,2,3.8,29.98,0,2
3438,17,1,0,2,12.12,28,0,3,1,0,0,0,2.51,2,84.44,1,1,1.8,38.34,0,1
3439,17,0,0,1,8.78,10,1,3,1,1,0,0,3.68,0,94.44,1,2,3.8,24.5,0,3
3440,17,1,0,1,18.68,1,1,2,1,1,0,0,3.37,1,99.44,2,2,3.2,13.88,0,2
3441,15,1,1,3,10.69,28,0,2,0,0,1,0,3.01,1,84.44,1,1,1.2,41.6,0,2
3442,16,1,0,3,13.87,25,0,2,0,1,1,1,2.59,2,86.11,1,3,1.2,33.09,0,1
3443,18,1,0,4,17.93,2,0,3,1,1,0,1,3.49,1,98.89,2,3,1.8,18.57,0,2
3444,18,0,1,1,2.94,4,0,1,0,1,0,1,2.86,2,97.78,0,2,0.6,47.22,0,1
3445,18,0,0,1,4.59,24,1,2,1,0,1,1,2.59,2,86.67,0,3,3.2,35.41,0,1
3446,15,1,2,0,2.15,6,0,3,0,1,0,0,2.12,3,96.67,0,1,1.8,47.5,0,1
3447,15,1,1,2,2.79,10,0,2,1,1,1,1,3.39,1,94.44,0,4,1.2,39.53,0,2
3448,17,1,0,4,10.25,11,1,3,1,1,0,0,3.13,1,93.89,1,2,3.8,24.23,0,2
3449,18,1,2,3,6.42,28,0,1,1,0,0,1,1.46,4,84.44,1,2,0.6,51.04,1,0
3450,15,1,0,2,8.46,10,1,0,1,0,0,0,2.58,2,94.44,1,1,2.0,38.33,0,1
3451,17,1,1,4,19.65,18,0,4,0,0,1,1,4.0,0,90.0,2,2,2.4,18.03,0,3
3452,18,1,1,3,3.13,12,0,2,1,0,0,1,3.33,1,93.33,0,2,1.2,44.64,0,2
3453,16,1,0,0,10.82,3,0,1,0,0,1,1,2.98,2,98.33,1,2,0.6,36.88,0,1
3454,17,0,1,3,1.98,13,1,1,0,1,1,1,3.21,1,92.78,0,3,2.6,37.71,0,2
3455,15,0,3,2,6.37,11,0,4,0,0,1,0,3.61,0,93.89,1,1,2.4,36.74,0,3
3456,15,0,3,1,10.55,26,0,3,1,1,1,0,2.74,2,85.56,1,3,1.8,34.33,0,1
3457,17,1,1,1,18.93,1,0,4,1,0,0,0,3.86,0,99.44,2,1,2.4,18.47,0,3
3458,17,1,1,2,7.82,29,1,3,1,0,0,1,2.34,3,83.89,1,2,3.8,32.74,0,1
3459,15,1,0,2,1.3,7,0,3,1,0,0,0,2.23,3,96.11,0,1,1.8,48.48,0,1
3460,16,0,0,1,7.76,21,1,2,1,1,0,1,2.78,2,88.33,1,3,3.2,30.39,0,1
3461,18,1,1,1,2.91,18,0,3,1,1,0,0,2.97,2,90.0,0,2,1.8,44.26,0,1
3462,16,0,0,3,4.6,12,0,2,0,1,1,0,3.39,1,93.33,0,2,1.2,42.65,0,2
3463,17,1,3,4,12.36,20,0,3,0,0,1,0,2.88,2,88.89,1,1,1.8,35.56,0,1
3464,16,0,0,3,1.35,20,0,3,0,0,1,1,2.21,3,88.89,0,2,1.8,48.49,0,1
3465,15,0,0,1,9.29,27,1,3,0,1,0,0,3.81,0,85.0,1,1,3.8,29.34,0,3
3466,17,0,0,1,12.19,0,0,2,0,0,1,1,2.96,2,100.0,1,2,1.2,31.91,0,1
3467,18,1,2,1,8.44,28,1,3,0,0,1,0,2.19,3,84.44,1,1,3.8,34.65,0,1
3468,15,0,2,1,0.38,4,0,2,1,0,0,0,2.96,2,97.78,0,1,1.2,49.95,0,1
3469,15,1,1,2,19.71,21,1,2,1,1,0,0,4.0,0,88.33,2,2,3.2,14.9,0,3
3470,18,1,0,3,7.34,25,0,4,1,1,0,1,2.84,2,86.11,1,3,2.4,35.18,0,1
3471,18,1,2,3,15.57,25,1,2,1,0,0,1,3.01,1,86.11,2,2,3.2,23.33,0,2
3472,16,1,0,3,6.51,26,0,0,1,0,0,1,2.81,2,85.56,1,2,0.0,49.89,0,1
3473,17,1,3,1,9.5,10,1,3,0,0,1,0,3.49,1,94.44,1,1,3.8,26.57,0,2
3474,18,0,1,2,7.77,10,0,3,1,0,0,1,2.32,3,94.44,1,2,1.8,38.25,0,1
3475,18,1,0,3,6.85,12,0,4,0,1,1,1,3.74,0,93.33,1,3,2.4,31.01,0,3
3476,17,1,1,2,0.44,1,0,3,0,1,1,1,2.83,2,99.44,0,3,1.8,41.89,0,1
3477,18,1,2,1,7.2,18,1,0,0,0,0,0,2.61,2,90.0,1,0,2.0,43.88,0,1
3478,18,1,0,2,17.79,15,0,1,0,1,0,0,2.33,3,91.67,2,1,0.6,34.63,0,1
3479,16,1,3,1,13.81,25,1,1,1,1,1,1,2.64,2,86.11,1,4,2.6,24.18,0,1
3480,15,0,1,1,2.91,4,0,2,1,0,0,1,3.47,1,97.78,0,2,1.2,43.01,0,2
3481,15,0,0,3,11.82,13,1,3,0,0,0,0,3.68,0,92.78,1,0,3.8,26.28,0,3
3482,15,1,0,4,17.84,28,0,2,0,0,0,1,3.08,1,84.44,2,1,1.2,32.49,0,2
3483,15,0,1,1,14.0,18,0,2,0,0,1,0,1.54,4,90.0,1,1,1.2,39.2,0,0
3484,18,0,1,1,2.97,4,0,3,1,1,0,1,2.5,2,97.78,0,3,1.8,40.13,0,1
3485,17,1,1,3,17.36,20,0,2,0,0,0,0,3.12,1,88.89,2,0,1.2,33.93,0,2
3486,17,0,2,1,6.03,23,0,1,1,1,0,0,2.23,3,87.22,1,2,0.6,48.63,0,1
3487,16,1,1,2,9.08,25,0,3,0,1,1,1,3.04,1,86.11,1,3,1.8,35.23,0,2
3488,16,0,3,1,10.52,8,1,1,1,0,0,0,3.33,1,95.56,1,1,2.6,30.76,0,2
3489,18,0,1,1,17.01,23,1,3,0,0,1,0,3.69,0,87.22,2,1,3.8,19.21,0,3
3490,17,0,2,3,18.63,11,0,3,1,1,0,0,2.31,3,93.89,2,2,1.8,24.89,0,1
3491,17,1,0,3,18.59,15,0,4,0,1,1,0,3.03,1,91.67,2,2,2.4,21.19,0,2
3492,15,0,0,1,0.16,18,0,1,1,1,1,0,2.02,3,90.0,0,3,0.6,53.02,1,1
3493,18,0,0,2,18.44,14,0,2,0,0,0,1,2.72,2,92.22,2,1,1.2,29.92,0,1
3494,18,1,1,1,1.09,16,0,3,1,0,1,0,2.55,2,91.11,0,2,1.8,47.19,0,1
3495,15,1,3,1,5.32,29,1,2,0,1,1,0,2.67,2,83.89,1,2,3.2,37.77,0,1
3496,18,0,0,4,10.3,14,1,2,1,1,1,1,3.45,1,92.22,1,4,3.2,21.68,0,2
3497,18,1,0,3,9.6,2,0,0,0,0,0,0,2.47,3,98.89,1,0,0.0,47.21,0,1
3498,16,0,3,2,12.09,16,0,3,0,1,1,1,2.77,2,91.11,1,3,1.8,30.39,0,1
3499,17,0,0,3,9.59,12,0,4,0,0,0,0,3.05,1,93.33,1,0,2.4,36.81,0,2
3500,18,1,2,3,18.69,26,1,4,1,0,1,1,3.24,1,85.56,2,3,4.4,11.09,0,2
3501,16,1,1,3,4.81,8,0,3,0,0,0,0,2.58,2,95.56,0,0,1.8,45.91,0,1
3502,17,1,2,0,5.48,27,0,0,0,1,1,0,1.93,4,85.0,1,2,0.0,53.58,1,0
3503,15,0,0,1,18.41,12,1,3,0,0,0,1,3.11,1,93.33,2,1,3.8,16.77,0,2
3504,16,1,0,3,1.53,15,0,2,1,0,0,0,1.87,4,91.67,0,1,1.2,53.37,1,0
3505,16,0,1,2,12.19,18,0,4,0,1,1,0,2.31,3,90.0,1,2,2.4,31.58,0,1
3506,17,1,3,4,13.63,13,0,4,1,1,0,1,3.11,1,92.78,1,3,2.4,24.31,0,2
3507,15,0,1,3,10.11,7,1,4,1,0,0,0,3.3,1,96.11,1,1,4.4,22.97,0,2
3508,16,1,0,4,13.88,21,0,4,1,0,1,0,3.63,0,88.33,1,2,2.4,26.75,0,3
3509,18,0,1,1,3.46,18,1,2,0,0,0,0,1.83,4,90.0,0,0,3.2,45.05,0,0
3510,18,1,3,4,17.05,24,1,3,1,1,0,1,3.4,1,86.67,2,3,3.8,15.08,0,2
3511,18,0,2,2,2.8,23,1,4,0,0,1,0,3.47,1,87.22,0,1,4.4,34.8,0,2
3512,15,1,3,4,8.02,2,0,3,0,0,0,0,3.23,1,98.89,1,0,1.8,39.11,0,2
3513,16,1,0,1,1.51,22,1,3,0,0,0,0,2.26,3,87.78,0,0,3.8,44.47,0,1
3514,18,0,0,2,10.9,20,0,4,1,1,1,0,2.74,2,88.89,1,3,2.4,30.0,0,1
3515,15,1,1,3,13.39,17,0,3,0,1,1,0,3.88,0,90.56,1,2,1.8,28.68,0,3
3516,18,0,2,2,18.82,15,0,1,0,0,1,0,3.48,1,91.67,2,1,0.6,30.46,0,2
3517,17,0,0,2,14.79,13,0,1,1,0,1,1,2.58,2,92.78,1,3,0.6,32.36,0,1
3518,16,1,0,4,10.82,15,1,1,0,0,0,0,2.56,2,91.67,1,0,2.6,36.17,0,1
3519,16,0,2,2,18.65,23,1,2,1,0,0,0,3.21,1,87.22,2,1,3.2,21.09,0,2
3520,15,1,0,3,9.57,16,1,2,1,1,1,1,3.25,1,91.11,1,4,3.2,23.48,0,2
3521,15,1,0,1,11.22,19,1,3,0,1,1,0,3.65,0,89.44,1,2,3.8,23.27,0,3
3522,16,0,1,3,11.92,10,1,2,0,1,1,0,3.03,1,94.44,1,2,3.2,24.93,0,2
3523,18,1,1,3,8.2,12,1,4,0,1,1,0,2.41,3,93.33,1,2,4.4,26.06,0,1
3524,18,0,2,2,16.77,10,0,2,1,1,1,1,2.97,2,94.44,2,4,1.2,23.1,0,1
3525,17,0,0,0,3.7,27,0,4,1,0,0,1,2.25,3,85.0,0,2,2.4,44.09,0,1
3526,18,1,1,2,11.1,28,0,1,0,1,1,0,1.3800000000000003,4,84.44,1,2,0.6,45.39,0,0
3527,15,1,1,0,14.44,3,0,3,1,0,1,1,2.97,2,98.33,1,3,1.8,24.43,0,1
3528,15,0,1,0,18.08,28,0,3,1,1,0,1,3.26,1,84.44,2,3,1.8,24.01,0,2
3529,18,0,1,3,17.68,25,1,3,1,0,0,0,3.45,1,86.11,2,1,3.8,19.36,0,2
3530,15,1,0,1,10.17,13,1,2,1,0,1,0,2.78,2,92.78,1,2,3.2,28.32,0,1
3531,16,1,0,1,12.86,4,0,1,0,0,1,0,2.69,2,97.78,1,1,0.6,37.75,0,1
3532,16,1,0,3,7.88,3,0,2,0,0,1,0,2.71,2,98.33,1,1,1.2,41.0,0,1
3533,18,1,0,1,9.36,0,0,2,1,1,1,1,2.76,2,100.0,1,4,1.2,30.95,0,1
3534,16,0,1,2,18.13,13,0,2,1,1,0,1,3.46,1,92.78,2,3,1.2,23.26,0,2
3535,16,1,2,1,18.61,6,0,2,0,0,1,0,3.77,0,96.67,2,1,1.2,25.52,0,3
3536,17,0,2,2,17.91,9,1,3,0,0,1,0,3.67,0,95.0,2,1,3.8,15.41,0,3
3537,17,0,2,3,2.77,26,0,3,0,0,0,1,2.17,3,85.56,0,1,1.8,50.48,1,1
3538,16,1,0,3,17.0,1,0,4,1,0,1,0,3.0,1,99.44,2,2,2.4,20.54,0,2
3539,18,0,1,1,18.97,9,0,2,1,0,0,0,3.78,0,95.0,2,1,1.2,25.63,0,3
3540,17,1,0,1,7.22,2,0,1,1,0,0,0,2.84,2,98.89,1,1,0.6,44.04,0,1
3541,15,0,0,1,10.37,20,1,3,0,0,1,1,2.53,2,88.89,1,2,3.8,27.33,0,1
3542,15,1,0,2,15.58,7,1,2,0,1,1,0,3.27,1,96.11,2,2,3.2,19.17,0,2
3543,15,0,1,4,11.24,9,0,2,0,1,1,0,2.36,3,95.0,1,2,1.2,36.35,0,1
3544,18,0,3,1,19.87,7,1,3,1,0,1,0,2.77,2,96.11,2,2,3.8,12.33,0,1
3545,16,1,0,1,9.11,13,0,3,0,1,0,1,2.53,2,92.78,1,2,1.8,36.63,0,1
3546,15,1,0,1,14.28,17,1,4,0,0,0,0,3.52,0,90.56,1,0,4.4,21.65,0,3
3547,18,0,2,3,15.85,8,0,4,0,1,1,0,3.12,1,95.56,2,2,2.4,23.03,0,2
3548,17,0,0,3,9.88,21,1,4,1,1,0,1,3.42,1,88.33,1,3,4.4,20.68,0,2
3549,16,1,2,3,17.14,8,0,3,0,0,0,0,3.26,1,95.56,2,0,1.8,28.8,0,2
3550,17,0,2,4,10.92,29,0,4,1,0,1,1,2.18,3,83.89,1,3,2.4,33.13,0,1
3551,18,1,3,2,8.23,3,0,0,1,1,0,0,3.59,0,98.33,1,2,0.0,41.32,0,3
3552,15,0,1,1,2.16,2,0,3,0,0,1,0,2.21,3,98.89,0,1,1.8,46.48,0,1
3553,15,1,2,1,7.87,13,1,1,0,0,0,0,2.46,3,92.78,1,0,2.6,39.72,0,1
3554,18,0,1,3,14.68,13,0,3,1,1,1,0,2.86,2,92.78,1,3,1.8,26.35,0,1
3555,15,1,1,3,18.43,20,1,1,1,0,1,1,3.48,1,88.89,2,3,2.6,17.83,0,2
3556,16,1,1,2,5.03,15,0,2,1,0,0,1,2.36,3,91.67,1,2,1.2,45.27,0,1
3557,18,0,0,3,7.1,4,1,1,0,1,1,1,2.62,2,97.78,1,3,2.6,31.03,0,1
3558,17,1,1,3,3.08,19,1,2,1,1,0,1,3.21,1,89.44,0,3,3.2,34.78,0,2
3559,18,0,1,4,13.81,28,0,2,0,1,0,0,2.61,2,84.44,1,1,1.2,38.7,0,1
3560,16,1,2,2,19.2,22,0,0,1,0,1,1,3.11,1,87.78,2,3,0.0,30.0,0,2
3561,16,1,2,3,12.82,23,0,3,1,0,1,1,4.0,0,87.22,1,3,1.8,27.77,0,3
3562,18,1,2,1,12.34,14,1,4,1,1,1,1,2.96,2,92.22,1,4,4.4,14.9,0,1
3563,18,0,0,3,11.07,20,1,3,1,1,1,0,3.26,1,88.89,1,3,3.8,22.13,0,2
3564,15,1,2,4,1.77,30,0,3,1,1,0,0,1.91,4,83.33,0,2,1.8,50.67,1,0
3565,16,0,1,2,14.59,8,0,3,0,1,1,1,2.84,2,95.56,1,3,1.8,25.53,0,1
3566,18,1,3,3,12.04,6,1,4,1,1,1,0,3.53,0,96.67,1,3,4.4,14.79,0,3
3567,18,0,3,3,13.23,12,0,3,1,1,1,1,3.82,0,93.33,1,4,1.8,23.07,0,3
3568,16,0,0,1,17.98,28,1,3,0,0,0,0,2.14,3,84.44,2,0,3.8,25.35,0,1
3569,18,0,2,2,15.68,22,0,4,1,0,1,0,3.17,1,87.78,2,2,2.4,25.84,0,2
3570,15,1,0,1,15.62,7,0,2,1,0,1,1,2.48,3,96.11,2,3,1.2,27.68,0,1
3571,16,0,0,4,18.54,11,1,1,1,0,0,1,3.11,1,93.89,2,2,2.6,19.37,0,2
3572,15,1,1,3,19.8,3,0,3,0,0,0,1,3.06,1,98.33,2,1,1.8,22.5,0,2
3573,15,0,0,1,11.63,15,1,2,0,1,0,0,2.54,2,91.67,1,1,3.2,29.98,0,1
3574,15,0,2,1,2.18,25,0,2,1,1,1,1,2.53,2,86.11,0,4,1.2,45.36,0,1
3575,15,0,0,2,9.18,28,0,2,0,1,0,1,2.06,3,84.44,1,2,1.2,43.37,0,1
3576,16,0,0,2,15.75,28,1,3,1,0,1,1,1.3800000000000003,4,84.44,2,3,3.8,22.54,0,0
3577,15,1,1,0,0.55,5,0,4,1,0,0,1,2.56,2,97.22,0,2,2.4,42.98,0,1
3578,15,0,2,2,1.14,4,0,1,0,0,0,0,2.23,3,97.78,0,0,0.6,56.05,1,1
3579,18,0,3,2,1.34,0,1,2,1,1,1,0,2.78,2,100.0,0,3,3.2,34.33,0,1
3580,16,1,2,1,14.62,30,1,1,0,1,0,0,2.26,3,83.33,1,1,2.6,32.59,0,1
3581,16,0,2,3,10.02,13,1,3,1,1,1,1,3.41,1,92.78,1,4,3.8,19.2,0,2
3582,17,0,0,4,7.38,28,1,2,0,0,0,1,3.03,1,84.44,1,1,3.2,36.6,0,2
3583,16,0,0,3,2.11,8,0,2,1,0,0,0,2.09,3,95.56,0,1,1.2,50.74,1,1
3584,16,0,0,3,14.64,17,0,1,1,1,0,0,3.45,1,90.56,1,2,0.6,33.65,0,2
3585,17,1,1,1,6.42,5,0,2,0,0,1,0,3.13,1,97.22,1,1,1.2,42.17,0,2
3586,16,1,2,1,5.31,14,1,2,1,1,0,1,2.59,2,92.22,1,3,3.2,32.57,0,1
3587,16,0,1,1,13.05,30,1,3,1,0,1,0,2.73,2,83.33,1,2,3.8,25.42,0,1
3588,16,1,2,3,11.18,15,0,2,0,0,0,0,3.3,1,91.67,1,0,1.2,40.24,0,2
3589,16,1,1,4,7.25,7,1,3,1,0,0,1,2.96,2,96.11,1,2,3.8,27.63,0,1
3590,17,0,0,3,12.83,18,0,2,1,1,1,1,3.29,1,90.0,1,4,1.2,28.78,0,2
3591,16,1,0,4,5.42,4,0,2,1,0,0,0,3.09,1,97.78,1,1,1.2,43.32,0,2
3592,16,0,2,3,15.9,13,0,2,0,1,1,0,3.44,1,92.78,2,2,1.2,28.6,0,2
3593,17,1,2,2,4.59,6,0,3,1,1,1,1,3.23,1,96.67,0,4,1.8,34.17,0,2
3594,18,1,3,2,3.18,3,0,3,1,1,0,1,2.62,2,98.33,0,3,1.8,39.38,0,1
3595,15,1,0,1,15.65,29,0,4,1,0,0,0,2.85,2,83.89,2,1,2.4,30.54,0,1
3596,18,0,3,0,14.16,27,1,2,0,1,0,0,3.14,1,85.0,1,1,3.2,27.65,0,2
3597,17,1,0,3,3.65,20,0,0,1,1,0,0,2.83,2,88.89,0,2,0.0,52.25,1,1
3598,15,0,0,2,2.32,0,1,1,1,0,0,0,3.23,1,100.0,0,1,2.6,39.71,0,2
3599,17,0,3,2,16.77,3,0,2,1,1,1,1,3.1,1,98.33,2,4,1.2,21.42,0,2
3600,17,1,0,2,15.53,29,1,1,1,0,0,0,3.48,1,83.89,2,1,2.6,28.21,0,2
3601,16,0,2,1,6.55,13,1,1,0,0,0,0,2.89,2,92.78,1,0,2.6,40.3,0,1
3602,15,1,0,2,13.16,22,1,2,1,1,1,0,3.77,0,87.78,1,3,3.2,21.36,0,3
3603,16,0,1,2,2.48,15,0,3,0,1,1,0,2.1,3,91.67,0,2,1.8,46.38,0,1
3604,15,0,3,2,10.14,27,0,3,1,1,0,1,2.55,2,85.0,1,3,1.8,35.52,0,1
3605,17,1,0,3,0.37,25,0,2,1,0,0,1,2.36,3,86.11,0,2,1.2,53.04,1,1
3606,17,1,2,2,7.83,6,0,2,0,1,0,0,3.29,1,96.67,1,1,1.2,40.2,0,2
3607,18,1,0,3,1.5,9,0,3,0,1,0,0,2.4,3,95.0,0,1,1.8,48.19,0,1
3608,15,1,1,4,9.5,9,0,2,0,0,0,1,2.57,2,95.0,1,1,1.2,40.5,0,1
3609,16,0,0,4,8.43,3,0,3,0,1,1,0,3.61,0,98.33,1,2,1.8,32.84,0,3
3610,18,0,0,4,8.89,11,1,4,1,0,0,0,3.14,1,93.89,1,1,4.4,25.68,0,2
3611,18,0,0,1,0.91,5,0,4,0,0,1,0,3.1,1,97.22,0,1,2.4,43.68,0,2
3612,18,1,0,0,7.23,12,1,2,1,1,0,0,2.42,3,93.33,1,2,3.2,32.7,0,1
3613,16,0,3,1,15.13,20,0,3,1,1,1,0,3.24,1,88.89,2,3,1.8,26.19,0,2
3614,18,1,0,1,7.38,0,0,3,1,0,0,1,3.43,1,100.0,1,2,1.8,34.02,0,2
3615,16,0,0,4,14.3,7,0,2,0,1,0,1,3.78,0,96.11,1,2,1.2,28.58,0,3
3616,18,1,1,3,7.39,27,1,3,1,1,0,0,2.31,3,85.0,1,2,3.8,32.96,0,1
3617,16,0,0,1,8.46,22,1,2,1,1,0,1,2.17,3,87.78,1,3,3.2,31.23,0,1
3618,17,0,2,1,11.28,30,1,3,0,0,1,0,2.69,2,83.33,1,1,3.8,30.24,0,1
3619,17,1,3,1,19.01,15,0,2,0,0,1,0,3.56,0,91.67,2,1,1.2,27.3,0,3
3620,17,0,1,3,2.18,4,0,0,1,0,1,0,2.24,3,97.78,0,2,0.0,52.45,1,1
3621,17,1,3,3,0.66,28,0,3,1,1,0,1,1.96,4,84.44,0,3,1.8,49.04,0,0
3622,17,0,1,4,12.16,25,0,2,0,1,1,0,2.54,2,86.11,1,2,1.2,37.86,0,1
3623,18,0,0,4,18.98,25,1,1,1,0,0,1,3.13,1,86.11,2,2,2.6,21.49,0,2
3624,18,1,2,1,19.79,6,1,2,1,1,0,0,3.35,1,96.67,2,2,3.2,13.51,0,2
3625,18,1,1,2,9.68,30,0,1,1,1,0,1,2.05,3,83.33,1,3,0.6,43.38,0,1
3626,16,0,2,1,9.36,25,1,3,0,0,0,0,2.38,3,86.11,1,0,3.8,34.94,0,1
3627,16,0,3,2,12.9,2,0,2,0,1,0,1,3.04,1,98.89,1,2,1.2,31.21,0,2
3628,16,0,1,4,11.11,23,0,1,0,1,1,1,2.37,3,87.22,1,3,0.6,39.43,0,1
3629,16,0,3,2,12.68,20,0,2,0,1,0,0,2.23,3,88.89,1,1,1.2,39.51,0,1
3630,17,0,2,3,17.48,1,0,2,1,1,0,0,3.54,0,99.44,2,2,1.2,24.04,0,3
3631,17,0,1,2,14.93,1,1,3,1,1,0,0,3.09,1,99.44,1,2,3.8,16.54,0,2
3632,17,1,1,0,9.94,19,0,2,1,1,0,0,2.38,3,89.44,1,2,1.2,39.87,0,1
3633,15,1,0,1,9.24,22,1,3,1,1,1,1,2.72,2,87.78,1,4,3.8,23.65,0,1
3634,18,1,3,2,12.79,29,0,0,0,0,0,0,2.58,2,83.89,1,0,0.0,48.2,0,1
3635,16,0,2,3,9.11,9,0,2,0,0,0,0,2.91,2,95.0,1,0,1.2,42.63,0,1
3636,16,0,0,1,9.16,19,0,3,1,0,1,1,2.48,3,89.44,1,3,1.8,35.36,0,1
3637,17,0,0,3,0.33,8,1,0,1,0,0,0,2.63,2,95.56,0,1,2.0,47.98,0,1
3638,16,1,1,3,3.48,17,0,2,1,0,0,0,2.52,2,90.56,0,1,1.2,49.7,0,1
3639,16,1,0,2,9.77,5,1,2,1,1,1,0,3.86,0,97.22,1,3,3.2,22.07,0,3
3640,18,0,0,3,16.45,19,0,0,1,1,0,1,2.81,2,89.44,2,3,0.0,33.61,0,1
3641,17,0,1,2,5.57,5,0,2,1,1,1,0,2.47,3,97.22,1,3,1.2,39.88,0,1
3642,18,1,0,3,10.45,25,0,3,1,1,0,1,2.0,3,86.11,1,3,1.8,36.12,0,1
3643,15,1,1,3,6.9,24,0,2,1,0,0,0,3.07,1,86.67,1,1,1.2,45.41,0,2
3644,15,1,0,4,2.1,9,1,2,1,0,0,0,2.89,2,95.0,0,1,3.2,39.85,0,1
3645,15,0,0,2,19.17,27,0,4,1,0,1,1,3.16,1,85.0,2,3,2.4,19.98,0,2
3646,17,0,2,2,17.09,24,0,4,0,0,0,0,3.32,1,86.67,2,0,2.4,29.09,0,2
3647,16,0,1,1,1.57,8,0,1,0,1,1,1,2.23,3,95.56,0,3,0.6,48.79,0,1
3648,17,1,0,1,14.4,8,0,1,1,1,0,0,2.51,2,95.56,1,2,0.6,34.55,0,1
3649,17,1,0,3,6.95,2,1,2,0,0,1,0,3.15,1,98.89,1,1,3.2,31.78,0,2
3650,16,0,1,4,19.9,11,1,2,1,0,1,1,4.0,0,93.89,2,3,3.2,10.22,0,3
3651,18,0,0,2,6.05,10,1,1,1,0,0,0,2.48,3,94.44,1,1,2.6,38.87,0,1
3652,15,1,0,1,4.77,13,0,2,1,0,0,1,2.39,3,92.78,0,2,1.2,45.13,0,1
3653,18,0,0,1,11.36,24,0,1,0,0,1,1,2.98,2,86.67,1,2,0.6,40.29,0,1
3654,15,1,2,2,16.7,18,1,2,1,1,0,1,3.39,1,90.0,2,3,3.2,17.1,0,2
3655,17,1,2,1,3.85,9,0,2,1,1,1,1,2.5,2,95.0,0,4,1.2,40.23,0,1
3656,15,0,2,1,14.19,18,1,0,1,1,0,1,2.04,3,90.0,1,3,2.0,29.07,0,1
3657,17,1,2,3,1.23,4,1,2,0,1,0,0,2.81,2,97.78,0,1,3.2,40.17,0,1
3658,18,0,2,0,18.38,21,1,2,1,0,0,0,3.84,0,88.33,2,1,3.2,19.46,0,3
3659,17,1,1,2,1.62,8,0,3,1,1,0,0,2.56,2,95.56,0,2,1.8,44.95,0,1
3660,18,1,1,3,18.28,0,1,4,0,1,0,0,3.99,0,100.0,2,1,4.4,9.67,0,3
3661,16,0,0,1,9.82,14,1,4,0,1,0,1,2.51,2,92.22,1,2,4.4,24.17,0,1
3662,16,1,1,3,8.96,23,1,2,1,1,1,1,3.31,1,87.22,1,4,3.2,25.45,0,2
3663,16,0,2,3,19.47,29,0,3,0,0,0,1,3.35,1,83.89,2,1,1.8,27.24,0,2
3664,17,0,1,3,19.81,29,0,1,0,0,0,0,2.75,2,83.89,2,0,0.6,36.27,0,1
3665,16,1,0,2,13.0,3,0,2,0,1,1,1,3.71,0,98.33,1,3,1.2,27.1,0,3
3666,15,0,0,2,2.54,25,0,3,1,1,0,1,2.49,3,86.11,0,3,1.8,44.78,0,1
3667,18,0,1,3,10.12,6,0,3,1,1,1,1,4.0,0,96.67,1,4,1.8,25.33,0,3
3668,18,0,2,3,10.58,5,1,2,0,0,0,1,3.1,1,97.22,1,1,3.2,27.95,0,2
3669,15,0,3,2,10.29,14,0,1,1,0,1,0,2.58,2,92.22,1,2,0.6,40.68,0,1
3670,17,0,0,1,11.39,5,0,2,1,0,0,0,3.09,1,97.22,1,1,1.2,36.06,0,2
3671,17,0,2,1,0.37,6,0,3,0,0,0,0,2.08,3,96.67,0,0,1.8,52.32,1,1
3672,18,1,1,1,14.22,19,0,4,0,0,1,1,3.06,1,89.44,1,2,2.4,27.36,0,2
3673,16,0,3,2,14.25,21,1,2,0,0,0,0,2.5,2,88.33,1,0,3.2,30.48,0,1
3674,17,1,1,1,2.31,2,1,4,1,1,1,0,3.58,0,98.89,0,3,4.4,26.05,0,3
3675,17,1,1,2,11.4,20,0,1,1,1,0,1,3.15,1,88.89,1,3,0.6,36.54,0,2
3676,15,0,1,3,11.37,28,0,4,1,1,0,0,2.44,3,84.44,1,2,2.4,34.22,0,1
3677,15,1,2,1,13.65,28,0,3,1,0,0,1,2.48,3,84.44,1,2,1.8,34.0,0,1
3678,16,1,3,3,1.71,29,0,0,0,1,0,1,2.74,2,83.89,0,2,0.0,56.65,1,1
3679,17,0,0,3,12.53,30,0,2,0,1,0,1,3.64,0,83.33,1,2,1.2,35.62,0,3
3680,17,0,0,1,5.62,12,0,1,0,1,1,1,2.65,2,93.33,1,3,0.6,43.46,0,1
3681,15,0,3,3,10.14,1,1,4,0,0,1,1,3.8,0,99.44,1,2,4.4,18.02,0,3
3682,17,1,1,3,15.47,2,0,2,0,0,1,0,3.56,0,98.89,2,1,1.2,29.2,0,3
3683,18,1,1,2,14.11,12,0,3,1,1,0,1,3.43,1,93.33,1,3,1.8,25.44,0,2
3684,15,0,1,1,2.38,8,1,2,0,0,0,1,1.65,4,95.56,0,1,3.2,42.41,0,0
3685,16,0,0,2,11.82,21,1,4,1,0,0,0,2.57,2,88.33,1,1,4.4,25.38,0,1
3686,15,1,2,4,19.38,18,1,2,1,0,1,1,4.0,0,90.0,2,3,3.2,12.23,0,3
3687,17,1,2,3,3.14,17,1,2,0,0,0,1,2.38,3,90.56,0,1,3.2,41.38,0,1
3688,16,1,0,1,17.06,4,0,2,1,1,0,0,3.0,1,97.78,2,2,1.2,26.5,0,2
3689,15,1,0,3,14.05,9,0,2,1,1,0,1,4.0,0,95.0,1,3,1.2,26.23,0,3
3690,18,0,2,2,15.48,13,1,0,1,1,0,1,2.75,2,92.78,2,3,2.0,24.71,0,1
3691,18,1,0,2,5.64,20,1,3,1,1,1,0,2.93,2,88.89,1,3,3.8,29.74,0,1
3692,15,1,3,3,5.76,16,0,0,1,1,1,1,2.84,2,91.11,1,4,0.0,43.81,0,1
3693,18,1,0,2,18.12,2,0,2,1,0,1,0,3.8,0,98.89,2,2,1.2,22.78,0,3
3694,18,1,1,3,7.2,6,0,2,0,0,0,0,3.19,1,96.67,1,0,1.2,43.74,0,2
3695,18,0,3,3,1.26,8,1,2,1,0,0,0,2.62,2,95.56,0,1,3.2,41.38,0,1
3696,16,0,2,3,12.01,4,0,2,1,0,0,0,3.06,1,97.78,1,1,1.2,35.16,0,2
3697,18,1,1,1,2.5,3,1,3,1,1,0,0,2.87,2,98.33,0,2,3.8,33.01,0,1
3698,18,1,2,3,15.93,2,1,0,0,0,1,1,3.67,0,98.89,2,2,2.0,22.21,0,3
3699,18,0,0,4,12.83,25,1,2,1,0,0,0,2.91,2,86.11,1,1,3.2,29.5,0,1
3700,16,0,0,1,17.49,12,0,3,1,0,1,0,3.17,1,93.33,2,2,1.8,24.37,0,2
3701,15,1,3,2,15.7,8,0,1,0,1,1,0,2.75,2,95.56,2,2,0.6,32.33,0,1
3702,17,1,2,1,2.24,29,0,3,1,1,0,0,3.4,1,83.89,0,2,1.8,46.16,0,2
3703,18,0,1,3,7.62,22,1,1,0,1,0,0,2.31,3,87.78,1,1,2.6,39.66,0,1
3704,15,0,0,3,15.49,27,0,1,0,0,0,0,3.72,0,85.0,2,0,0.6,38.86,0,3
3705,18,0,0,1,8.35,6,0,3,0,1,0,0,2.82,2,96.67,1,1,1.8,38.0,0,1
3706,16,0,0,4,19.45,29,0,2,0,0,0,1,3.33,1,83.89,2,1,1.2,30.05,0,2
3707,15,0,1,1,14.71,28,0,2,0,0,0,0,2.66,2,84.44,1,0,1.2,39.95,0,1
3708,16,0,2,3,0.31,7,1,3,1,0,0,0,2.35,3,96.11,0,1,3.8,40.33,0,1
3709,18,1,1,2,17.6,9,1,1,1,0,1,0,2.92,2,95.0,2,2,2.6,20.63,0,1
3710,18,0,2,2,2.02,0,0,2,0,1,1,1,3.44,1,100.0,0,3,1.2,40.92,0,2
3711,16,0,0,1,2.81,26,1,4,1,0,0,0,2.14,3,85.56,0,1,4.4,38.69,0,1
3712,17,0,0,1,14.69,19,1,3,0,0,0,0,1.68,4,89.44,1,0,3.8,28.86,0,0
3713,16,0,0,3,17.3,28,1,0,1,0,0,1,1.91,4,84.44,2,2,2.0,29.96,0,0
3714,18,1,1,2,10.73,28,1,3,0,1,0,1,2.83,2,84.44,1,2,3.8,27.69,0,1
3715,16,1,0,1,5.78,20,1,1,0,1,1,0,2.15,3,88.89,1,2,2.6,39.47,0,1
3716,17,0,3,1,7.03,20,0,2,1,1,1,1,2.67,2,88.89,1,4,1.2,37.97,0,1
3717,16,1,0,1,6.86,0,0,3,1,1,0,0,3.29,1,100.0,1,2,1.8,35.02,0,2
3718,17,1,3,3,6.53,18,1,0,1,1,0,0,3.03,1,90.0,1,2,2.0,38.67,0,2
3719,17,1,1,3,4.86,1,0,1,1,0,0,1,3.07,1,99.44,0,2,0.6,43.72,0,2
3720,16,1,3,1,12.18,11,0,2,1,0,0,1,3.88,0,93.89,1,2,1.2,31.76,0,3
3721,16,1,1,2,18.01,22,0,4,0,1,1,1,3.85,0,87.78,2,3,2.4,18.73,0,3
3722,15,1,3,1,6.14,12,0,2,1,1,1,0,2.25,3,93.33,1,3,1.2,41.08,0,1
3723,18,0,0,4,3.73,13,0,1,1,1,1,0,3.04,1,92.78,0,3,0.6,45.04,0,2
3724,17,0,2,4,16.77,4,0,2,0,1,1,1,3.56,0,97.78,2,3,1.2,22.96,0,3
3725,15,0,3,3,14.84,2,0,2,0,1,0,0,2.61,2,98.89,1,1,1.2,32.36,0,1
3726,16,0,0,4,18.62,26,0,2,0,1,0,1,2.66,2,85.56,2,2,1.2,29.67,0,1
3727,18,0,0,3,3.31,23,1,4,0,1,0,0,2.01,3,87.22,0,1,4.4,37.81,0,1
3728,15,1,1,3,2.89,16,1,2,1,0,1,0,2.53,2,91.11,0,2,3.2,38.63,0,1
3729,17,0,3,2,10.83,0,0,2,1,0,0,0,3.37,1,100.0,1,1,1.2,35.08,0,2
3730,15,0,1,2,12.29,13,0,1,1,1,0,0,3.35,1,92.78,1,2,0.6,36.06,0,2
3731,17,1,1,1,9.6,5,1,3,1,0,0,0,4.0,0,97.22,1,1,3.8,24.2,0,3
3732,16,1,0,2,11.98,16,1,2,0,0,0,0,3.33,1,91.11,1,0,3.2,30.27,0,2
3733,18,0,0,3,3.61,3,0,3,0,0,0,0,3.12,1,98.33,0,0,1.8,45.09,0,2
3734,18,1,2,1,9.59,5,1,4,1,0,1,0,4.0,0,97.22,1,2,4.4,18.99,0,3
3735,18,1,0,1,13.16,0,1,0,1,1,1,0,3.88,0,100.0,1,3,2.0,22.26,0,3
3736,16,1,1,2,8.65,28,1,4,1,1,0,0,2.57,2,84.44,1,2,4.4,28.21,0,1
3737,17,1,3,1,13.59,8,0,2,1,1,0,0,2.89,2,95.56,1,2,1.2,31.89,0,1
3738,16,0,0,2,9.02,30,0,2,1,1,1,1,2.92,2,83.33,1,4,1.2,36.8,0,1
3739,18,1,2,4,6.67,3,0,3,1,0,0,0,2.39,3,98.33,1,1,1.8,40.59,0,1
3740,16,0,0,3,6.07,8,0,3,1,0,1,1,3.16,1,95.56,1,3,1.8,35.38,0,2
3741,16,0,1,3,8.22,8,0,3,1,1,0,0,3.22,1,95.56,1,2,1.8,35.05,0,2
3742,16,1,0,2,0.46,28,0,2,0,0,1,0,2.69,2,84.44,0,1,1.2,55.19,1,1
3743,17,1,2,2,13.37,21,1,4,1,1,1,1,3.57,0,88.33,1,4,4.4,13.45,0,3
3744,15,1,0,1,16.9,12,0,3,0,1,1,0,2.88,2,93.33,2,2,1.8,25.83,0,1
3745,15,0,1,4,7.09,22,0,2,1,0,0,0,2.91,2,87.78,1,1,1.2,45.18,0,1
3746,16,1,1,1,0.92,30,1,4,0,0,0,0,2.32,3,83.33,0,0,4.4,43.88,0,1
3747,15,1,0,1,19.74,28,0,4,1,0,0,1,3.41,1,84.44,2,2,2.4,21.34,0,2
3748,15,1,2,3,5.27,16,0,2,1,0,0,1,2.82,2,91.11,1,2,1.2,44.02,0,1
3749,16,1,0,1,2.53,20,0,3,0,0,0,1,3.01,1,88.89,0,1,1.8,47.52,0,2
3750,16,1,2,2,7.4,2,1,3,1,1,0,1,2.29,3,98.89,1,3,3.8,25.64,0,1
3751,18,0,0,0,14.77,25,1,3,0,1,0,0,2.21,3,86.11,1,1,3.8,26.1,0,1
3752,15,1,2,1,5.88,25,0,0,0,0,1,1,2.49,3,86.11,1,2,0.0,51.29,1,1
3753,17,1,0,1,11.49,28,1,3,1,1,0,0,2.17,3,84.44,1,2,3.8,28.39,0,1
3754,16,1,1,1,8.31,5,0,4,0,0,1,0,3.51,0,97.22,1,1,2.4,33.4,0,3
3755,18,0,0,3,2.36,19,1,2,1,0,0,0,3.23,1,89.44,0,1,3.2,40.63,0,2
3756,17,1,2,3,6.61,14,0,3,0,1,0,0,3.06,1,92.22,1,1,1.8,41.13,0,2
3757,15,0,0,2,14.5,28,0,2,1,1,0,1,2.56,2,84.44,1,3,1.2,32.97,0,1
3758,18,0,3,4,12.24,13,0,2,1,1,1,0,2.84,2,92.78,1,3,1.2,32.17,0,1
3759,16,1,3,1,2.4,12,0,1,1,1,0,0,2.98,2,93.33,0,2,0.6,49.16,0,1
3760,17,1,0,2,3.27,8,1,3,1,1,0,1,3.3,1,95.56,0,3,3.8,29.44,0,2
3761,16,1,1,1,12.81,22,0,2,0,1,0,1,2.27,3,87.78,1,2,1.2,37.13,0,1
3762,15,0,0,3,16.27,14,0,2,1,1,1,1,3.28,1,92.22,2,4,1.2,23.73,0,2
3763,17,0,0,2,6.99,13,1,2,1,1,0,0,3.65,0,92.78,1,2,3.2,30.12,0,3
3764,15,0,2,3,11.91,30,0,2,0,0,0,0,2.88,2,83.33,1,0,1.2,43.29,0,1
3765,15,0,2,3,3.41,3,0,2,1,1,0,0,2.7,2,98.33,0,2,1.2,44.12,0,1
3766,18,0,1,2,6.23,28,1,3,1,0,1,0,2.6,2,84.44,1,2,3.8,33.89,0,1
3767,16,0,0,3,0.41,10,1,3,1,0,0,1,2.73,2,94.44,0,2,3.8,37.34,0,1
3768,17,1,0,4,15.37,21,0,1,0,0,1,0,2.61,2,88.33,2,1,0.6,38.12,0,1
3769,15,1,0,1,8.02,1,0,2,0,1,0,0,2.3,3,99.44,1,1,1.2,41.47,0,1
3770,15,0,2,2,16.32,29,0,3,0,0,1,0,2.83,2,83.89,2,1,1.8,32.48,0,1
3771,17,1,1,3,14.17,15,0,1,0,0,1,0,2.08,3,91.67,1,1,0.6,39.78,0,1
3772,15,1,2,3,16.57,18,0,4,0,0,1,1,3.5,0,90.0,2,2,2.4,23.13,0,3
3773,18,0,0,1,5.71,30,0,2,1,1,0,1,2.25,3,83.33,1,3,1.2,45.12,0,1
3774,18,0,0,2,3.7,15,1,1,1,0,0,0,3.35,1,91.67,0,1,2.6,40.6,0,2
3775,18,1,0,2,19.44,26,0,2,1,1,1,1,2.41,3,85.56,2,4,1.2,24.27,0,1
3776,18,0,0,2,14.35,6,1,2,1,1,1,0,3.17,1,96.67,1,3,3.2,18.26,0,2
3777,15,0,0,1,16.68,10,0,0,0,0,1,1,2.91,2,94.44,2,2,0.0,33.82,0,1
3778,17,1,2,4,0.26,11,0,0,0,1,0,0,1.97,4,93.89,0,1,0.0,59.39,1,0
3779,17,0,3,3,7.09,3,0,1,1,0,0,0,3.12,1,98.33,1,1,0.6,43.69,0,2
3780,17,1,1,2,14.86,29,0,2,1,0,0,0,2.09,3,83.89,1,1,1.2,38.88,0,1
3781,17,1,1,3,1.56,15,0,2,1,1,0,0,2.85,2,91.67,0,2,1.2,48.39,0,1
3782,16,1,0,4,11.35,27,1,4,1,1,0,0,3.78,0,85.0,1,2,4.4,21.61,0,3
3783,17,1,3,1,8.58,25,1,3,0,0,0,1,3.04,1,86.11,1,1,3.8,31.76,0,2
3784,16,1,0,1,0.35,15,1,3,1,1,0,1,2.54,2,91.67,0,3,3.8,36.36,0,1
3785,16,0,3,2,4.72,6,0,3,1,0,1,1,3.5,0,96.67,0,3,1.8,35.83,0,3
3786,18,0,1,3,5.7,24,0,2,0,1,1,0,3.75,0,86.67,1,2,1.2,42.71,0,3
3787,16,0,0,0,2.24,29,1,3,1,1,0,0,2.62,2,83.89,0,2,3.8,39.02,0,1
3788,15,0,3,4,12.63,12,0,2,0,0,1,1,2.69,2,93.33,1,2,1.2,34.37,0,1
3789,16,1,0,2,4.85,4,1,2,1,1,1,0,3.07,1,97.78,0,3,3.2,29.99,0,2
3790,18,1,1,2,5.55,29,1,2,1,0,1,0,2.0,3,83.89,1,2,3.2,39.16,0,1
3791,16,0,1,1,17.96,0,1,3,1,1,0,0,3.99,0,100.0,2,2,3.8,10.3,0,3
3792,15,1,0,1,9.34,4,0,3,1,1,1,1,3.2,1,97.78,1,4,1.8,27.92,0,2
3793,15,0,1,3,7.84,21,1,2,1,1,1,1,2.63,2,88.33,1,4,3.2,28.16,0,1
3794,15,0,2,4,14.48,13,1,1,1,0,1,1,3.41,1,92.78,1,3,2.6,21.58,0,2
3795,18,0,2,2,18.19,10,0,2,1,0,0,1,2.84,2,94.44,2,2,1.2,26.65,0,1
3796,18,1,0,4,0.5,1,1,2,1,1,0,1,2.97,2,99.44,0,3,3.2,35.1,0,1
3797,17,1,3,3,8.96,23,0,4,0,1,1,1,2.87,2,87.22,1,3,2.4,32.69,0,1
3798,18,1,0,2,12.22,28,0,2,1,1,1,1,3.59,0,84.44,1,4,1.2,30.74,0,3
3799,15,1,0,3,6.37,17,1,0,0,1,1,1,2.19,3,90.56,1,3,2.0,38.28,0,1
3800,15,0,0,2,15.45,14,0,1,0,1,1,0,3.27,1,92.22,2,2,0.6,32.51,0,2
3801,18,1,0,2,19.43,13,0,2,0,0,0,0,2.67,2,92.78,2,0,1.2,31.11,0,1
3802,16,1,0,1,18.87,24,0,1,1,0,0,1,3.63,0,86.67,2,2,0.6,29.28,0,3
3803,18,1,3,3,5.32,29,0,4,1,1,1,1,2.24,3,83.89,1,4,2.4,37.48,0,1
3804,18,0,0,1,4.53,12,0,4,1,0,0,0,2.34,3,93.33,0,1,2.4,42.41,0,1
3805,15,0,0,3,19.15,1,1,4,1,1,0,0,4.0,0,99.44,2,2,4.4,6.26,0,3
3806,17,1,0,3,9.17,18,0,3,0,0,1,1,2.85,2,90.0,1,2,1.8,36.73,0,1
3807,15,1,2,1,4.17,7,1,3,1,1,0,0,3.37,1,96.11,0,2,3.8,30.45,0,2
3808,17,1,3,2,14.14,26,1,4,1,1,0,1,3.66,0,85.56,1,3,4.4,15.73,0,3
3809,15,1,0,2,5.69,21,0,4,1,0,0,1,2.84,2,88.33,1,2,2.4,38.96,0,1
3810,18,0,0,2,5.34,16,0,4,1,1,1,0,3.35,1,91.11,1,3,2.4,34.65,0,2
3811,15,1,0,1,17.58,14,0,4,0,1,1,1,2.16,3,92.22,2,3,2.4,21.94,0,1
3812,15,1,0,2,3.25,19,1,3,1,0,1,1,3.0,1,89.44,0,3,3.8,32.36,0,2
3813,15,1,0,1,1.29,20,0,0,1,1,1,0,2.23,3,88.89,0,3,0.0,54.2,1,1
3814,18,0,1,1,5.38,13,0,2,1,0,0,0,3.4,1,92.78,1,1,1.2,44.35,0,2
3815,18,0,0,0,12.14,26,1,3,0,1,0,1,1.71,4,85.56,1,2,3.8,28.33,0,0
3816,18,1,1,1,2.46,2,1,2,1,0,0,0,2.54,2,98.89,0,1,3.2,38.92,0,1
3817,18,1,0,3,9.43,16,1,3,1,1,0,0,2.39,3,91.11,1,2,3.8,28.08,0,1
3818,17,1,3,4,12.55,2,1,3,0,0,0,1,3.49,1,98.89,1,1,3.8,21.2,0,2
3819,17,1,3,2,16.97,12,0,3,1,1,0,0,3.23,1,93.33,2,2,1.8,24.87,0,2
3820,16,1,1,2,4.6,24,1,0,1,1,0,0,2.53,2,86.67,0,2,2.0,43.5,0,1
3821,18,0,0,1,16.35,17,0,2,1,1,0,0,3.28,1,90.56,2,2,1.2,29.21,0,2
3822,17,0,0,2,4.7,0,0,2,0,1,0,0,3.44,1,100.0,0,1,1.2,42.57,0,2
3823,15,0,1,1,13.54,6,0,2,0,0,0,0,3.12,1,96.67,1,0,1.2,35.99,0,2
3824,18,1,2,3,8.61,28,0,3,0,1,0,0,1.98,4,84.44,1,1,1.8,44.05,0,0
3825,16,0,1,4,2.29,22,0,1,0,0,0,1,2.21,3,87.78,0,1,0.6,55.66,1,1
3826,16,0,3,1,14.29,4,0,0,1,0,0,1,3.23,1,97.78,1,2,0.0,34.84,0,2
3827,16,0,3,3,4.36,1,0,2,1,0,0,0,3.04,1,99.44,0,1,1.2,44.19,0,2
3828,15,1,0,0,3.53,29,0,3,1,1,0,0,2.06,3,83.89,0,2,1.8,47.89,0,1
3829,17,1,1,2,7.17,16,1,0,1,1,0,0,3.23,1,91.11,1,2,2.0,36.98,0,2
3830,15,0,0,1,13.07,28,0,3,1,1,0,0,2.98,2,84.44,1,2,1.8,33.48,0,1
3831,18,1,0,2,4.68,20,0,2,1,0,1,1,3.12,1,88.89,0,3,1.2,42.28,0,2
3832,16,0,1,1,3.67,9,1,1,0,0,0,1,2.93,2,95.0,0,1,2.6,40.52,0,1
3833,15,0,0,2,0.2,3,0,3,1,1,0,0,2.47,3,98.33,0,2,1.8,45.98,0,1
3834,15,0,3,2,9.43,8,1,4,0,1,0,0,3.91,0,95.56,1,1,4.4,22.49,0,3
3835,17,0,0,2,8.57,20,1,2,1,0,1,1,3.2,1,88.89,1,3,3.2,28.13,0,2
3836,17,1,1,3,4.68,10,0,3,1,1,1,0,3.17,1,94.44,0,3,1.8,37.49,0,2
3837,16,1,1,4,1.07,25,1,3,1,1,0,0,3.19,1,86.11,0,2,3.8,38.28,0,2
3838,15,1,2,2,8.59,11,1,3,1,1,0,1,2.95,2,93.89,1,3,3.8,24.25,0,1
3839,15,1,0,1,15.76,11,0,1,1,0,0,0,3.15,1,93.89,2,1,0.6,34.34,0,2
3840,17,0,3,1,14.31,17,1,3,1,1,0,0,3.0,1,90.56,1,2,3.8,20.64,0,2
3841,15,1,1,4,17.22,3,1,4,0,1,0,0,3.19,1,98.33,2,1,4.4,13.58,0,2
3842,15,0,1,2,0.19,28,0,3,0,0,1,0,1.72,4,84.44,0,1,1.8,55.23,1,0
3843,15,1,0,2,19.33,27,1,3,1,0,1,0,2.05,3,85.0,2,2,3.8,18.69,0,1
3844,17,1,1,1,6.83,8,0,2,0,1,0,1,2.98,2,95.56,1,2,1.2,40.11,0,1
3845,16,1,2,2,19.81,7,1,2,1,0,0,0,2.93,2,96.11,2,1,3.2,17.23,0,1
3846,18,0,1,1,5.05,18,1,3,1,0,0,0,2.53,2,90.0,1,1,3.8,36.09,0,1
3847,16,0,2,4,9.43,23,1,2,1,0,0,0,2.49,3,87.22,1,1,3.2,34.42,0,1
3848,18,0,1,4,7.08,12,0,4,1,1,1,0,2.29,3,93.33,1,3,2.4,34.35,0,1
3849,15,0,0,1,7.12,1,0,4,1,0,0,1,3.59,0,99.44,1,2,2.4,31.41,0,3
3850,16,1,0,2,16.85,18,1,3,1,0,0,0,4.0,0,90.0,2,1,3.8,17.66,0,3
3851,18,0,0,1,14.93,13,1,4,1,0,1,1,2.33,3,92.78,1,3,4.4,15.54,0,1
3852,17,0,2,2,19.84,4,1,2,0,0,0,1,3.55,0,97.78,2,1,3.2,15.06,0,3
3853,17,1,2,4,12.27,26,1,4,1,1,0,0,2.48,3,85.56,1,2,4.4,23.52,0,1
3854,16,1,0,2,9.27,27,0,2,0,0,1,1,2.99,2,85.0,1,2,1.2,40.73,0,1
3855,16,0,1,2,1.8,29,1,1,0,1,0,0,3.12,1,83.89,0,1,2.6,46.27,0,2
3856,15,1,1,1,19.93,25,0,3,1,0,0,0,3.27,1,86.11,2,1,1.8,26.09,0,2
3857,16,0,1,3,11.03,9,0,2,1,1,1,0,2.54,2,95.0,1,3,1.2,33.66,0,1
3858,15,1,0,3,14.01,23,0,4,1,1,1,0,2.64,2,87.22,1,3,2.4,26.95,0,1
3859,15,0,0,2,8.13,16,1,2,0,0,0,0,2.62,2,91.11,1,0,3.2,36.85,0,1
3860,17,0,0,1,10.95,19,1,4,1,1,0,1,3.38,1,89.44,1,3,4.4,19.06,0,2
3861,17,0,0,2,18.85,15,0,1,0,1,0,1,2.84,2,91.67,2,2,0.6,29.53,0,1
3862,18,0,0,4,3.33,16,0,3,1,1,0,0,3.14,1,91.11,0,2,1.8,42.92,0,2
3863,17,0,0,2,5.85,0,1,3,1,0,0,1,3.18,1,100.0,1,2,3.8,27.46,0,2
3864,17,1,1,2,3.04,27,0,3,0,1,1,0,2.47,3,85.0,0,2,1.8,47.09,0,1
3865,16,0,0,2,15.84,20,0,2,1,1,0,1,2.95,2,88.89,2,3,1.2,28.76,0,1
3866,17,0,3,3,1.24,21,0,3,1,1,0,1,2.61,2,88.33,0,3,1.8,45.33,0,1
3867,18,0,0,2,1.63,14,1,2,1,1,0,0,1.98,4,92.22,0,2,3.2,41.19,0,0
3868,16,0,0,1,5.97,16,1,3,0,1,0,1,2.38,3,91.11,1,2,3.8,32.43,0,1
3869,18,0,0,2,10.28,10,0,3,1,0,1,1,3.82,0,94.44,1,3,1.8,28.86,0,3
3870,17,1,0,3,8.13,21,0,1,1,0,0,0,2.84,2,88.33,1,1,0.6,46.59,0,1
3871,18,1,2,3,0.9,4,0,1,1,0,0,0,3.61,0,97.78,0,1,0.6,50.4,1,3
3872,16,0,0,4,19.15,3,0,2,1,1,0,0,2.89,2,98.33,2,2,1.2,23.97,0,1
3873,15,1,3,2,19.06,25,0,4,1,0,0,0,2.98,2,86.11,2,1,2.4,25.18,0,1
3874,18,0,3,1,5.59,20,1,2,1,0,0,1,2.61,2,88.89,1,2,3.2,35.83,0,1
3875,18,1,1,4,14.63,23,1,3,1,1,1,1,2.64,2,87.22,1,4,3.8,17.31,0,1
3876,16,1,1,2,11.57,8,1,3,1,0,1,1,2.37,3,95.56,1,3,3.8,21.39,0,1
3877,16,0,2,3,4.75,26,1,4,1,0,0,0,2.32,3,85.56,0,1,4.4,35.82,0,1
3878,18,1,0,3,5.24,15,0,2,1,0,0,0,3.23,1,91.67,1,1,1.2,45.34,0,2
3879,17,1,1,2,9.82,29,0,1,0,0,0,0,2.2,3,83.89,1,0,0.6,50.14,1,1
3880,18,0,0,1,8.38,11,0,3,1,0,1,1,2.72,2,93.89,1,3,1.8,34.18,0,1
3881,16,0,0,3,5.82,17,0,3,1,1,0,1,2.81,2,90.56,1,3,1.8,38.32,0,1
3882,15,1,1,3,16.15,21,0,2,0,1,0,1,2.99,2,88.33,2,2,1.2,30.97,0,1
3883,15,1,1,2,9.63,2,0,2,1,0,0,1,2.86,2,98.89,1,2,1.2,35.75,0,1
3884,17,1,3,2,13.1,14,0,1,1,1,0,0,2.62,2,92.22,1,2,0.6,37.07,0,1
3885,18,0,0,1,3.79,17,0,2,1,1,0,0,2.76,2,90.56,0,2,1.2,46.21,0,1
3886,15,1,2,1,10.67,11,0,3,1,0,1,0,3.72,0,93.89,1,2,1.8,31.32,0,3
3887,18,1,0,2,6.36,29,0,3,1,0,0,1,2.24,3,83.89,1,2,1.8,43.91,0,1
3888,16,1,0,2,10.53,12,0,2,1,1,1,1,2.15,3,93.33,1,4,1.2,33.34,0,1
3889,15,0,0,4,15.62,0,0,2,0,1,1,0,2.98,2,100.0,2,2,1.2,27.57,0,1
3890,17,0,1,3,15.38,3,1,1,1,0,1,1,3.23,1,98.33,2,3,2.6,18.97,0,2
3891,16,0,0,3,7.08,7,0,3,1,1,0,1,2.09,3,96.11,1,3,1.8,36.6,0,1
3892,17,0,1,2,13.89,18,1,3,1,1,0,0,3.12,1,90.0,1,2,3.8,21.06,0,2
3893,16,1,2,1,18.83,20,0,0,1,0,1,1,3.05,1,88.89,2,3,0.0,30.23,0,2
3894,15,0,1,4,12.51,29,0,2,1,0,0,0,2.19,3,83.89,1,1,1.2,41.57,0,1
3895,17,1,1,2,2.97,25,0,1,0,0,1,0,2.21,3,86.11,0,1,0.6,55.4,1,1
3896,17,1,2,1,13.59,20,0,4,0,0,0,1,3.22,1,88.89,1,1,2.4,30.44,0,2
3897,16,1,2,2,2.1,4,0,3,1,1,1,1,2.89,2,97.78,0,4,1.8,37.75,0,1
3898,17,1,1,4,17.44,10,1,2,0,0,1,0,3.37,1,94.44,2,1,3.2,19.68,0,2
3899,16,0,0,4,10.33,24,0,2,1,1,0,0,2.71,2,86.67,1,2,1.2,39.52,0,1
3900,16,0,3,0,7.7,30,0,4,0,1,1,0,2.59,2,83.33,1,2,2.4,38.83,0,1
3901,16,0,1,4,1.14,23,0,3,1,0,0,0,3.38,1,87.22,0,1,1.8,48.92,0,2
3902,16,0,0,1,7.62,23,0,1,0,0,0,0,2.72,2,87.22,1,0,0.6,50.42,1,1
3903,15,0,0,0,18.06,28,1,2,1,1,1,0,1.84,4,84.44,2,3,3.2,21.23,0,0
3904,16,1,2,3,0.42,28,1,3,1,1,0,0,2.7,2,84.44,0,2,3.8,40.9,0,1
3905,18,0,0,4,9.49,16,0,2,1,1,0,0,3.75,0,91.11,1,2,1.2,36.42,0,3
3906,17,0,3,2,18.62,16,0,2,1,1,0,1,3.05,1,91.11,2,3,1.2,24.26,0,2
3907,18,0,0,2,7.9,1,0,4,1,0,0,1,2.23,3,99.44,1,2,2.4,33.84,0,1
3908,15,0,2,3,8.56,29,0,4,1,1,0,0,2.22,3,83.89,1,2,2.4,38.48,0,1
3909,18,1,0,3,11.57,23,0,4,0,1,0,0,2.83,2,87.22,1,1,2.4,34.53,0,1
3910,17,1,1,4,9.26,25,0,1,1,0,0,0,2.22,3,86.11,1,1,0.6,47.51,0,1
3911,18,1,3,2,3.37,0,0,2,1,0,0,0,3.67,0,100.0,0,1,1.2,43.66,0,3
3912,15,1,1,4,0.37,30,0,2,1,0,1,1,1.9,4,83.33,0,3,1.2,52.67,1,0
3913,16,1,1,4,12.2,3,0,3,1,0,1,0,3.21,1,98.33,1,2,1.8,29.13,0,2
3914,18,0,0,1,18.42,8,0,3,1,1,0,0,3.15,1,95.56,2,2,1.8,22.47,0,2
3915,15,1,0,3,2.13,1,0,3,0,1,1,0,3.74,0,99.44,0,2,1.8,40.0,0,3
3916,15,1,0,2,4.22,2,0,4,0,0,1,0,2.95,2,98.89,0,1,2.4,39.33,0,1
3917,17,1,2,2,7.4,26,0,3,1,1,0,0,3.2,1,85.56,1,2,1.8,39.62,0,2
3918,17,0,0,3,16.17,5,0,2,1,0,1,1,3.07,1,97.22,2,3,1.2,25.13,0,2
3919,18,0,0,1,5.39,12,0,2,0,1,1,0,2.62,2,93.33,1,2,1.2,43.59,0,1
3920,16,1,1,2,17.64,14,0,2,0,1,1,0,2.82,2,92.22,2,2,1.2,28.17,0,1
3921,15,0,1,4,1.1,10,1,2,0,1,1,1,2.07,3,94.44,0,3,3.2,38.35,0,1
3922,18,0,2,1,18.82,9,0,2,1,0,1,1,3.6,0,95.0,2,3,1.2,21.27,0,3
3923,15,1,0,2,11.21,2,1,3,0,0,0,0,3.58,0,98.89,1,0,3.8,25.15,0,3
3924,15,0,0,4,13.18,30,0,0,1,0,0,0,2.55,2,83.33,1,1,0.0,45.48,0,1
3925,16,0,3,2,7.35,30,1,3,0,0,0,1,2.45,3,83.33,1,1,3.8,35.75,0,1
3926,16,0,0,2,15.64,19,0,3,1,1,0,0,2.33,3,89.44,2,2,1.8,30.14,0,1
3927,18,1,3,2,3.33,8,1,1,0,0,0,0,2.5,2,95.56,0,0,2.6,44.32,0,1
3928,16,1,3,2,0.98,24,1,1,0,1,0,0,2.46,3,86.67,0,1,2.6,47.97,0,1
3929,16,1,2,3,7.91,9,0,2,1,1,0,0,3.06,1,95.0,1,2,1.2,38.76,0,2
3930,18,0,0,3,17.07,20,0,2,1,0,0,0,3.15,1,88.89,2,1,1.2,31.72,0,2
3931,16,1,2,2,15.1,22,0,3,1,0,0,1,2.43,3,87.78,2,2,1.8,31.15,0,1
3932,17,0,2,3,10.34,24,1,3,0,1,1,1,2.52,2,86.67,1,3,3.8,25.67,0,1
3933,15,0,1,2,11.44,23,0,3,1,0,0,1,2.74,2,87.22,1,2,1.8,35.14,0,1
3934,15,0,0,2,2.6,26,0,2,0,0,0,0,2.21,3,85.56,0,0,1.2,55.82,1,1
3935,15,1,0,3,16.81,22,0,2,1,1,0,1,3.27,1,87.78,2,3,1.2,27.13,0,2
3936,15,1,0,3,15.74,11,0,3,0,1,1,1,2.46,3,93.89,2,3,1.8,25.63,0,1
3937,18,1,1,2,13.13,7,0,1,0,1,1,1,3.25,1,96.11,1,3,0.6,31.6,0,2
3938,15,1,1,1,9.32,20,0,2,0,1,0,0,2.65,2,88.89,1,1,1.2,42.66,0,1
3939,15,0,0,1,19.29,20,0,4,1,1,0,1,2.76,2,88.89,2,3,2.4,19.47,0,1
3940,15,1,1,1,17.58,20,0,2,1,0,1,0,3.02,1,88.89,2,2,1.2,28.91,0,2
3941,15,0,0,1,12.89,16,1,3,1,0,1,1,3.35,1,91.11,1,3,3.8,18.85,0,2
3942,17,1,1,3,7.44,21,1,2,1,1,0,0,1.88,4,88.33,1,2,3.2,35.54,0,0
3943,15,1,3,0,12.36,4,0,0,0,1,1,0,3.77,0,97.78,1,2,0.0,35.9,0,3
3944,17,1,0,3,11.51,23,1,2,0,1,0,0,2.86,2,87.22,1,1,3.2,30.89,0,1
3945,18,0,0,1,7.88,7,0,4,0,1,0,0,3.19,1,96.11,1,1,2.4,35.13,0,2
3946,16,0,0,2,6.13,17,0,3,0,1,1,1,2.99,2,90.56,1,3,1.8,37.48,0,1
3947,15,0,1,2,8.14,10,1,2,0,0,0,0,3.02,1,94.44,1,0,3.2,34.68,0,2
3948,16,0,2,1,11.48,21,1,4,0,1,1,1,2.75,2,88.33,1,3,4.4,20.36,0,1
3949,16,0,3,4,8.56,27,1,2,1,0,0,1,2.86,2,85.0,1,2,3.2,32.85,0,1
3950,18,1,0,1,5.27,26,0,0,1,1,0,0,2.3,3,85.56,1,2,0.0,52.72,1,1
3951,16,0,3,2,15.22,9,0,0,1,1,0,1,3.05,1,95.0,2,3,0.0,32.6,0,2
3952,17,0,0,3,10.63,25,0,2,1,1,0,1,3.49,1,86.11,1,3,1.2,34.89,0,2
3953,16,0,1,3,1.35,14,0,2,1,0,0,0,2.47,3,92.22,0,1,1.2,51.91,1,1
3954,16,0,0,1,7.37,5,0,1,1,0,0,1,2.32,3,97.22,1,2,0.6,43.23,0,1
3955,16,1,3,2,17.7,18,0,4,0,1,0,0,3.09,1,90.0,2,1,2.4,25.24,0,2
3956,15,0,1,3,15.1,16,0,3,1,0,0,1,2.67,2,91.11,2,2,1.8,29.38,0,1
3957,15,1,2,4,6.46,22,0,3,1,0,0,0,2.19,3,87.78,1,1,1.8,45.05,0,1
3958,17,1,2,4,18.76,9,0,3,1,0,1,1,2.95,2,95.0,2,3,1.8,20.24,0,1
3959,17,1,0,2,1.53,4,0,3,1,0,1,0,2.15,3,97.78,0,2,1.8,45.31,0,1
3960,15,0,0,4,19.22,27,0,2,1,0,0,1,2.29,3,85.0,2,2,1.2,30.05,0,1
3961,17,1,3,0,4.91,15,0,3,1,0,0,0,3.35,1,91.67,0,1,1.8,42.72,0,2
3962,15,0,0,0,0.18,11,0,4,1,1,1,0,3.22,1,93.89,0,3,2.4,40.45,0,2
3963,18,0,0,3,8.68,25,1,3,0,1,1,1,2.88,2,86.11,1,3,3.8,27.04,0,1
3964,16,0,1,1,7.18,20,0,2,1,1,0,1,2.08,3,88.89,1,3,1.2,41.76,0,1
3965,16,0,1,1,10.78,26,1,2,1,0,0,1,1.8,4,85.56,1,2,3.2,32.53,0,0
3966,17,0,0,1,15.94,23,0,4,1,0,1,0,2.77,2,87.22,2,2,2.4,26.71,0,1
3967,15,1,0,2,16.85,27,0,1,0,0,0,1,3.0,1,85.0,2,1,0.6,36.46,0,2
3968,15,1,0,3,8.02,4,0,3,1,1,0,1,3.02,1,97.78,1,3,1.8,32.52,0,2
3969,17,0,1,3,8.6,20,0,2,0,0,1,0,3.18,1,88.89,1,1,1.2,42.23,0,2
3970,15,1,3,1,2.96,0,0,2,1,1,0,0,2.61,2,100.0,0,2,1.2,44.32,0,1
3971,18,0,3,2,0.95,1,0,3,1,0,0,1,2.74,2,99.44,0,2,1.8,43.98,0,1
3972,16,1,1,4,12.82,4,0,1,0,0,1,1,3.35,1,97.78,1,2,0.6,33.65,0,2
3973,17,1,0,3,1.29,22,0,2,1,0,0,1,1.85,4,87.78,0,2,1.2,52.58,1,0
3974,17,1,3,2,14.68,18,1,0,1,1,1,1,3.02,1,90.0,1,4,2.0,23.51,0,2
3975,15,1,1,4,10.78,27,0,3,0,0,1,1,2.87,2,85.0,1,2,1.8,36.42,0,1
3976,17,1,0,3,3.97,14,0,1,0,1,0,1,2.52,2,92.22,0,2,0.6,48.73,0,1
3977,18,0,3,1,10.79,0,1,1,1,1,0,1,3.79,0,100.0,1,3,2.6,22.72,0,3
3978,15,0,2,0,3.66,10,1,3,1,0,0,1,3.19,1,94.44,0,2,3.8,32.12,0,2
3979,15,1,2,1,8.77,27,1,2,0,1,1,1,1.9,4,85.0,1,3,3.2,32.49,0,0
3980,15,0,2,3,15.99,17,0,2,1,0,0,0,2.75,2,90.56,2,1,1.2,33.49,0,1
3981,15,1,0,1,9.24,2,1,3,1,0,0,1,2.82,2,98.89,1,2,3.8,24.52,0,1
3982,18,0,0,2,2.97,27,1,2,0,0,1,0,2.49,3,85.0,0,1,3.2,43.27,0,1
3983,15,1,2,1,14.48,8,0,2,0,0,1,0,2.46,3,95.56,1,1,1.2,34.35,0,1
3984,17,1,0,4,3.74,23,0,4,0,0,0,1,2.21,3,87.22,0,1,2.4,45.86,0,1
3985,18,1,1,2,14.77,30,1,3,1,0,1,1,2.84,2,83.33,1,3,3.8,20.5,0,1
3986,16,0,2,4,9.59,3,1,1,1,0,0,0,3.18,1,98.33,1,1,2.6,31.33,0,2
3987,16,0,2,4,9.07,23,0,3,0,1,1,0,2.41,3,87.22,1,2,1.8,38.93,0,1
3988,17,1,1,0,17.03,12,0,1,1,0,1,0,2.38,3,93.33,2,2,0.6,32.37,0,1
3989,17,1,2,2,14.17,8,1,2,1,0,0,1,2.38,3,95.56,1,2,3.2,23.35,0,1
3990,18,0,2,0,0.66,2,0,4,1,1,1,0,3.02,1,98.89,0,3,2.4,38.6,0,2
3991,16,0,2,4,5.92,15,0,2,0,1,1,0,2.6,2,91.67,1,2,1.2,43.56,0,1
3992,16,0,0,2,17.42,21,1,4,0,1,1,0,2.89,2,88.33,2,2,4.4,15.08,0,1
3993,16,0,0,1,0.37,7,1,1,1,1,1,0,3.16,1,96.11,0,3,2.6,38.68,0,2
3994,16,0,0,1,10.91,25,1,2,1,1,0,1,1.5,4,86.11,1,3,3.2,30.43,0,0
3995,16,1,0,2,14.56,6,0,2,1,1,0,0,3.33,1,96.67,1,2,1.2,29.19,0,2
3996,15,0,0,4,12.44,24,0,2,1,0,0,1,3.52,0,86.67,1,2,1.2,34.86,0,3
3997,17,1,0,3,15.21,22,1,3,0,0,1,0,2.02,3,87.78,2,1,3.8,25.44,0,1
3998,15,1,1,4,14.51,16,0,3,0,1,0,0,2.07,3,91.11,1,1,1.8,34.12,0,1
3999,16,0,3,2,13.84,24,1,3,1,1,1,1,2.29,3,86.67,1,4,3.8,19.37,0,1
4000,18,0,0,0,16.43,27,0,3,1,1,1,0,2.16,3,85.0,2,3,1.8,28.63,0,1
4001,18,1,2,4,12.91,15,0,3,1,1,0,1,3.57,0,91.67,1,3,1.8,27.17,0,3
4002,16,0,2,0,8.05,20,0,4,0,1,0,1,2.58,2,88.89,1,2,2.4,36.47,0,1
4003,16,1,0,4,9.44,21,0,2,1,0,0,1,3.8,0,88.33,1,2,1.2,37.33,0,3
4004,18,0,3,2,14.33,17,0,3,1,0,0,1,2.76,2,90.56,1,2,1.8,30.31,0,1
4005,15,0,1,0,17.53,15,0,2,1,1,1,0,2.77,2,91.67,2,3,1.2,26.12,0,1
4006,15,0,0,3,5.44,14,0,3,1,1,0,0,3.49,1,92.22,1,2,1.8,39.02,0,2
4007,16,1,2,4,6.84,1,0,4,0,0,1,0,1.9,4,99.44,1,1,2.4,38.49,0,0
4008,15,0,0,4,18.61,28,1,0,1,1,0,1,2.98,2,84.44,2,3,2.0,23.14,0,1
4009,18,1,2,1,11.57,19,0,2,0,1,0,1,2.99,2,89.44,1,2,1.2,36.3,0,1
4010,15,0,0,1,3.58,3,1,4,1,1,0,0,3.65,0,98.33,0,2,4.4,26.98,0,3
4011,16,1,2,2,13.27,4,0,2,1,0,1,0,3.51,0,97.78,1,2,1.2,29.96,0,3
4012,18,0,1,3,19.82,6,0,4,1,0,0,1,3.53,0,96.67,2,2,2.4,16.66,0,3
4013,15,1,1,3,16.47,28,0,1,0,0,1,0,3.34,1,84.44,2,1,0.6,36.28,0,2
4014,17,1,0,1,14.91,26,1,3,1,1,0,1,3.62,0,85.56,1,3,3.8,17.59,0,3
4015,18,1,2,4,4.16,27,0,4,1,0,0,1,3.03,1,85.0,0,2,2.4,41.57,0,2
4016,18,1,2,3,17.52,14,0,2,1,0,0,0,2.52,2,92.22,2,1,1.2,31.57,0,1
4017,17,1,1,3,10.52,16,0,2,0,1,0,0,2.9,2,91.11,1,1,1.2,39.76,0,1
4018,17,1,1,2,17.79,9,1,1,1,1,0,0,3.58,0,95.0,2,2,2.6,18.74,0,3
4019,18,0,1,2,6.6,19,1,0,0,1,0,0,2.48,3,89.44,1,1,2.0,42.66,0,1
4020,17,1,3,4,1.24,28,0,2,0,1,0,1,2.81,2,84.44,0,2,1.2,51.42,1,1
4021,16,1,1,2,9.52,8,0,3,1,1,0,1,2.97,2,95.56,1,3,1.8,31.55,0,1
4022,16,1,2,4,5.4,15,1,4,0,0,0,0,2.75,2,91.67,1,0,4.4,34.29,0,1
4023,16,0,2,4,14.3,23,0,3,1,1,0,0,3.02,1,87.22,1,2,1.8,30.87,0,2
4024,18,0,1,3,19.14,2,0,3,1,0,1,0,2.69,2,98.89,2,2,1.8,21.56,0,1
4025,17,0,0,2,13.82,21,0,3,0,0,0,1,2.97,2,88.33,1,1,1.8,33.7,0,1
4026,17,1,1,0,17.74,26,1,3,1,0,0,1,2.58,2,85.56,2,2,3.8,19.16,0,1
4027,15,0,2,0,9.06,8,1,3,0,0,1,0,3.28,1,95.56,1,1,3.8,27.26,0,2
4028,15,0,0,1,15.43,7,0,2,1,1,0,1,2.48,3,96.11,2,3,1.2,27.92,0,1
4029,17,1,1,1,16.86,22,0,2,0,1,0,0,3.74,0,87.78,2,1,1.2,30.9,0,3
4030,17,1,2,1,14.22,6,1,1,0,0,0,1,2.54,2,96.67,1,1,2.6,27.72,0,1
4031,17,0,0,2,10.16,16,0,3,0,0,1,1,3.29,1,91.11,1,2,1.8,34.0,0,2
4032,18,1,1,2,12.52,30,0,0,0,0,0,1,2.36,3,83.33,1,1,0.0,46.78,0,1
4033,17,1,0,2,14.01,4,0,2,0,1,0,1,3.34,1,97.78,1,2,1.2,29.46,0,2
4034,15,1,0,1,5.06,6,1,2,1,0,0,1,3.29,1,96.67,1,2,3.2,32.07,0,2
4035,18,1,2,0,16.19,29,0,4,1,1,0,0,2.67,2,83.89,2,2,2.4,27.82,0,1
4036,17,0,0,3,19.01,12,1,3,0,0,1,1,3.27,1,93.33,2,2,3.8,13.12,0,2
4037,15,1,0,2,9.3,17,0,2,0,0,1,1,2.66,2,90.56,1,2,1.2,39.57,0,1
4038,18,0,3,2,14.02,30,0,3,1,1,0,0,1.75,4,83.33,1,2,1.8,35.75,0,0
4039,17,0,0,3,14.74,21,0,4,1,1,0,0,3.44,1,88.33,1,2,2.4,26.15,0,2
4040,17,0,3,3,13.24,13,1,2,1,1,0,1,3.16,1,92.78,1,3,3.2,21.03,0,2
4041,17,0,3,2,10.94,17,0,2,1,1,1,0,2.65,2,90.56,1,3,1.2,35.05,0,1
4042,18,1,0,3,17.63,2,0,3,1,0,0,0,3.24,1,98.89,2,1,1.8,24.57,0,2
4043,15,1,0,4,8.98,16,0,2,0,1,1,0,2.64,2,91.11,1,2,1.2,39.83,0,1
4044,15,1,2,3,1.22,18,1,4,0,1,0,0,1.84,4,90.0,0,1,4.4,39.88,0,0
4045,16,0,1,2,16.89,30,1,3,1,0,1,1,2.75,2,83.33,2,3,3.8,18.07,0,1
4046,17,0,0,3,13.48,6,0,3,0,1,0,0,3.13,1,96.67,1,1,1.8,30.81,0,2
4047,16,0,2,1,16.99,20,0,3,1,0,0,1,2.51,2,88.89,2,2,1.8,28.19,0,1
4048,16,1,0,2,2.77,3,0,4,1,1,0,1,3.02,1,98.33,0,3,2.4,36.16,0,2
4049,15,0,3,4,0.62,14,0,2,1,0,1,1,3.13,1,92.22,0,3,1.2,46.17,0,2
4050,18,1,0,2,18.69,30,1,2,0,1,0,1,2.62,2,83.33,2,2,3.2,21.38,0,1
4051,18,1,0,4,2.95,28,0,2,1,0,0,0,1.76,4,84.44,0,1,1.2,54.4,1,0
4052,15,1,0,2,16.19,27,0,3,0,0,1,0,2.83,2,85.0,2,1,1.8,32.26,0,1
4053,18,1,3,4,16.46,23,0,3,1,1,1,1,3.27,1,87.22,2,4,1.8,22.54,0,2
4054,16,0,2,2,14.17,7,0,3,0,0,1,0,3.95,0,96.11,1,1,1.8,28.09,0,3
4055,17,1,2,0,2.63,15,0,3,1,1,0,1,2.37,3,91.67,0,3,1.8,43.02,0,1
4056,15,0,0,2,13.35,0,0,2,1,0,1,1,3.18,1,100.0,1,3,1.2,27.41,0,2
4057,17,1,0,1,17.78,24,1,0,0,1,1,1,3.43,1,86.67,2,3,2.0,22.27,0,2
4058,18,0,0,0,8.51,15,0,2,0,0,1,1,2.23,3,91.67,1,2,1.2,41.25,0,1
4059,17,0,1,3,8.27,29,0,3,0,1,1,0,2.93,2,83.89,1,2,1.8,39.79,0,1
4060,18,1,1,1,8.86,24,0,3,1,1,0,0,2.91,2,86.67,1,2,1.8,38.13,0,1
4061,18,1,1,3,1.65,1,1,3,1,1,0,0,3.41,1,99.44,0,2,3.8,32.34,0,2
4062,16,1,0,1,17.84,1,0,1,0,1,0,1,2.81,2,99.44,2,2,0.6,28.14,0,1
4063,18,0,3,1,17.38,7,0,1,0,1,1,0,2.53,2,96.11,2,2,0.6,30.58,0,1
4064,16,1,0,4,19.96,11,0,4,1,0,0,1,3.24,1,93.89,2,2,2.4,18.18,0,2
4065,16,1,3,2,11.7,10,0,1,0,1,0,0,2.82,2,94.44,1,1,0.6,40.04,0,1
4066,16,0,0,3,15.02,5,1,2,1,1,1,1,2.67,2,97.22,2,4,3.2,15.98,0,1
4067,15,1,1,3,4.05,18,1,1,0,1,0,0,2.96,2,90.0,0,1,2.6,41.72,0,1
4068,15,0,0,2,13.35,27,1,3,1,1,1,0,3.35,1,85.0,1,3,3.8,20.41,0,2
4069,18,1,1,4,12.99,17,0,2,0,0,1,1,2.32,3,90.56,1,2,1.2,35.81,0,1
4070,16,0,1,3,18.02,4,0,2,0,0,0,1,3.66,0,97.78,2,1,1.2,26.15,0,3
4071,15,0,1,2,16.62,14,0,3,1,0,1,0,2.47,3,92.22,2,2,1.8,27.59,0,1
4072,16,1,1,4,18.77,7,0,2,0,0,0,1,2.86,2,96.11,2,1,1.2,27.79,0,1
4073,17,0,2,1,17.38,5,0,1,1,0,0,0,3.01,1,97.22,2,1,0.6,31.5,0,2
4074,17,1,2,2,17.37,11,1,3,1,1,1,1,3.37,1,93.89,2,4,3.8,9.73,0,2
4075,17,1,2,4,1.27,18,0,3,0,0,1,1,3.38,1,90.0,0,2,1.8,45.28,0,2
4076,18,0,0,3,16.92,11,0,2,1,1,0,1,3.43,1,93.89,2,3,1.2,24.46,0,2
4077,16,1,1,3,12.15,11,0,1,0,0,0,0,2.98,2,93.89,1,0,0.6,41.77,0,1
4078,17,0,1,3,7.61,8,0,1,1,1,1,1,2.55,2,95.56,1,4,0.6,37.94,0,1
4079,15,0,0,3,1.13,23,0,2,1,0,0,0,2.22,3,87.22,0,1,1.2,54.56,1,1
4080,17,0,1,4,13.55,9,0,3,0,0,0,0,2.63,2,95.0,1,0,1.8,35.06,0,1
4081,17,0,0,1,6.56,21,1,2,1,1,1,0,2.5,2,88.33,1,3,3.2,32.59,0,1
4082,17,0,0,1,9.36,16,1,2,1,0,0,0,3.71,0,91.11,1,1,3.2,30.09,0,3
4083,18,0,0,2,13.63,17,0,1,1,0,0,0,2.7,2,90.56,1,1,0.6,39.29,0,1
4084,15,0,0,3,18.24,15,0,2,1,1,0,1,3.17,1,91.67,2,3,1.2,24.24,0,2
4085,16,0,2,1,16.51,3,0,0,1,0,1,0,2.74,2,98.33,2,2,0.0,33.1,0,1
4086,15,1,2,0,9.01,17,1,4,1,1,0,1,2.5,2,90.56,1,3,4.4,23.29,0,1
4087,16,1,3,2,7.76,2,1,3,0,1,0,0,3.23,1,98.89,1,1,3.8,27.84,0,2
4088,18,0,2,4,4.8,15,0,2,1,1,1,0,2.87,2,91.67,0,3,1.2,41.79,0,1
4089,18,1,0,3,7.45,13,1,4,1,0,0,0,3.67,0,92.78,1,1,4.4,26.54,0,3
4090,18,1,3,2,2.22,23,0,1,1,1,0,1,2.18,3,87.22,0,3,0.6,51.02,1,1
4091,18,1,3,1,19.42,8,1,1,1,1,0,1,2.98,2,95.56,2,3,2.6,15.51,0,1
4092,16,1,1,2,11.48,5,0,4,0,1,1,1,2.79,2,97.22,1,3,2.4,26.24,0,1
4093,17,1,1,1,2.56,3,0,2,1,0,0,1,2.87,2,98.33,0,2,1.2,44.75,0,1
4094,16,1,3,1,7.06,26,1,4,0,1,0,0,3.3,1,85.56,1,1,4.4,30.48,0,2
4095,15,0,1,4,10.94,1,0,3,1,1,0,0,3.75,0,99.44,1,2,1.8,28.96,0,3
4096,18,1,3,4,10.66,22,1,4,1,0,0,0,3.93,0,87.78,1,1,4.4,23.63,0,3
4097,18,1,0,1,0.71,9,0,3,0,1,1,0,2.06,3,95.0,0,2,1.8,47.53,0,1
4098,15,1,0,1,19.02,10,0,1,1,0,0,1,3.15,1,94.44,2,2,0.6,27.57,0,2
4099,16,1,1,2,5.51,6,1,4,0,0,1,0,3.34,1,96.67,1,1,4.4,28.43,0,2
4100,17,0,1,2,0.32,25,0,1,0,0,1,0,1.55,4,86.11,0,1,0.6,60.36,1,0
4101,17,0,2,1,1.53,24,0,3,1,0,1,1,2.97,2,86.67,0,3,1.8,44.65,0,1
4102,15,0,3,2,11.6,4,0,2,1,0,0,0,1.85,4,97.78,1,1,1.2,38.7,0,0
4103,17,0,0,1,2.76,25,1,3,0,0,0,1,2.48,3,86.11,0,1,3.8,40.44,0,1
4104,16,1,0,3,0.83,3,1,3,0,0,1,1,2.22,3,98.33,0,2,3.8,36.72,0,1
4105,16,0,2,3,7.59,25,0,3,0,0,0,0,4.0,0,86.11,1,0,1.8,42.19,0,3
4106,15,0,1,3,12.46,5,0,3,1,0,1,1,3.12,1,97.22,1,3,1.8,26.92,0,2
4107,16,0,0,2,2.24,27,0,3,0,0,0,0,2.91,2,85.0,0,0,1.8,51.99,1,1
4108,18,0,1,4,6.27,1,0,2,1,1,0,0,3.05,1,99.44,1,2,1.2,39.28,0,2
4109,15,1,2,4,8.36,1,1,4,1,1,0,1,3.06,1,99.44,1,3,4.4,19.6,0,2
4110,16,0,2,1,3.19,15,1,3,1,1,0,0,3.36,1,91.67,0,2,3.8,33.26,0,2
4111,15,1,1,1,10.12,27,0,3,1,0,1,0,2.61,2,85.0,1,2,1.8,37.89,0,1
4112,17,0,0,2,1.7,24,0,4,1,0,1,1,2.03,3,86.67,0,3,2.4,44.06,0,1
4113,16,1,3,1,0.93,22,1,1,0,0,1,0,2.14,3,87.78,0,1,2.6,48.45,0,1
4114,18,1,2,2,10.4,22,0,2,0,0,1,0,2.17,3,87.78,1,1,1.2,42.9,0,1
4115,16,0,1,2,4.96,12,1,3,1,1,0,1,2.93,2,93.33,0,3,3.8,29.04,0,1
4116,15,0,0,2,1.91,20,0,1,1,1,0,1,2.32,3,88.89,0,3,0.6,50.47,1,1
4117,15,0,2,2,8.48,6,1,2,1,0,1,1,2.98,2,96.67,1,3,3.2,26.07,0,1
4118,16,0,0,2,18.3,24,0,4,1,0,0,1,3.25,1,86.67,2,2,2.4,22.76,0,2
4119,18,1,0,4,14.48,25,1,0,1,1,1,0,4.0,0,86.11,1,3,2.0,25.17,0,3
4120,18,1,1,1,16.31,4,0,4,0,1,1,0,3.28,1,97.78,2,2,2.4,21.28,0,2
4121,18,0,0,3,17.44,24,0,4,0,0,1,1,2.63,2,86.67,2,2,2.4,25.38,0,1
4122,15,0,1,0,19.45,16,0,2,1,0,1,1,4.0,0,91.11,2,3,1.2,20.84,0,3
4123,16,1,0,1,15.26,12,1,3,1,1,1,0,3.92,0,93.33,2,3,3.8,13.69,0,3
4124,17,0,2,2,12.17,14,0,1,1,0,0,1,3.07,1,92.22,1,2,0.6,37.11,0,2
4125,15,1,0,1,7.31,27,1,3,1,1,0,0,2.78,2,85.0,1,2,3.8,31.89,0,1
4126,18,0,0,0,3.63,2,1,2,1,0,0,0,3.08,1,98.89,0,1,3.2,36.11,0,2
4127,16,1,0,1,13.73,22,0,4,1,0,0,0,1.68,4,87.78,1,1,2.4,34.51,0,0
4128,18,1,3,2,19.9,3,1,2,0,0,1,1,2.6,2,98.33,2,2,3.2,14.66,0,1
4129,17,1,3,3,9.35,14,1,3,0,0,0,0,3.46,1,92.22,1,0,3.8,30.11,0,2
4130,18,1,0,1,14.47,17,0,3,1,1,1,1,3.68,0,90.56,1,4,1.8,22.83,0,3
4131,18,1,2,3,9.9,27,0,2,1,0,0,0,1.72,4,85.0,1,1,1.2,45.62,0,0
4132,17,0,1,1,8.64,29,1,3,0,0,0,0,2.22,3,83.89,1,0,3.8,37.02,0,1
4133,16,1,3,3,8.21,2,1,4,1,1,0,0,2.99,2,98.89,1,2,4.4,22.65,0,1
4134,15,0,0,2,10.09,6,1,3,1,0,1,0,2.71,2,96.67,1,2,3.8,24.51,0,1
4135,16,1,2,3,7.34,7,1,3,0,0,1,0,3.27,1,96.11,1,1,3.8,29.24,0,2
4136,17,1,0,4,14.98,10,0,2,0,0,0,0,3.43,1,94.44,1,0,1.2,34.19,0,2
4137,18,0,0,4,17.49,24,1,3,1,0,1,0,2.65,2,86.67,2,2,3.8,18.91,0,1
4138,16,0,3,0,17.66,21,0,0,1,1,0,0,1.93,4,88.33,2,2,0.0,37.18,0,0
4139,15,0,1,4,4.55,25,0,2,1,0,1,0,2.01,3,86.11,0,2,1.2,48.69,0,1
4140,17,0,0,1,17.92,8,0,3,0,1,1,0,2.91,2,95.56,2,2,1.8,23.7,0,1
4141,16,1,0,4,6.83,19,0,3,1,1,1,1,3.67,0,89.44,1,4,1.8,32.8,0,3
4142,15,0,2,1,6.19,11,0,1,0,1,0,1,2.68,2,93.89,1,2,0.6,44.97,0,1
4143,17,1,1,2,14.54,4,0,2,1,1,0,1,4.0,0,97.78,1,3,1.2,24.65,0,3
4144,15,0,0,1,6.09,0,0,3,0,0,1,0,3.35,1,100.0,1,1,1.8,38.33,0,2
4145,17,0,3,1,1.06,13,0,1,1,1,0,1,2.2,3,92.78,0,3,0.6,50.47,1,1
4146,18,1,0,3,7.47,24,1,2,1,1,1,1,2.9,2,86.67,1,4,3.2,28.53,0,1
4147,16,1,0,4,14.43,24,0,2,1,1,0,0,2.6,2,86.67,1,2,1.2,34.67,0,1
4148,15,0,3,3,6.54,24,0,2,1,1,1,1,2.12,3,86.67,1,4,1.2,40.74,0,1
4149,17,1,0,3,12.59,2,1,4,1,0,0,1,3.28,1,98.89,1,2,4.4,16.45,0,2
4150,15,1,0,3,13.2,28,0,4,1,0,0,0,3.23,1,84.44,1,1,2.4,32.46,0,2
4151,15,1,1,1,14.67,14,0,2,0,0,1,0,2.57,2,92.22,1,1,1.2,35.01,0,1
4152,16,1,2,0,17.94,9,1,2,0,1,0,0,3.0,1,95.0,2,1,3.2,19.78,0,2
4153,18,1,0,0,8.65,25,0,4,1,1,0,0,2.35,3,86.11,1,2,2.4,37.26,0,1
4154,15,1,3,2,3.33,9,0,4,1,1,0,0,3.56,0,95.0,0,2,2.4,37.78,0,3
4155,17,1,2,1,6.38,23,0,1,0,1,1,1,2.39,3,87.22,1,3,0.6,45.3,0,1
4156,17,1,0,1,8.64,2,1,3,1,0,0,0,2.97,2,98.89,1,1,3.8,27.39,0,1
4157,18,0,2,1,14.28,28,1,2,0,0,1,0,2.62,2,84.44,1,1,3.2,29.0,0,1
4158,17,1,0,1,0.26,5,0,2,0,1,1,0,2.84,2,97.22,0,2,1.2,48.09,0,1
4159,18,0,1,4,6.32,4,1,0,0,1,0,1,3.03,1,97.78,1,2,2.0,36.21,0,2
4160,17,1,2,1,15.6,23,1,4,1,1,0,1,3.56,0,87.22,2,3,4.4,13.57,0,3
4161,16,1,3,2,13.42,18,0,3,1,0,0,1,2.72,2,90.0,1,2,1.8,31.74,0,1
4162,15,1,0,2,14.63,13,0,2,0,0,1,1,3.84,0,92.78,1,2,1.2,29.18,0,3
4163,16,1,1,2,16.24,16,1,3,0,0,0,0,2.75,2,91.11,2,0,3.8,23.66,0,1
4164,15,0,1,1,15.66,11,0,2,0,0,0,1,2.99,2,93.89,2,1,1.2,32.13,0,1
4165,15,0,0,2,13.64,8,0,1,0,0,1,0,3.14,1,95.56,1,1,0.6,36.43,0,2
4166,15,1,0,1,8.79,25,0,2,1,0,0,1,2.54,2,86.11,1,2,1.2,42.07,0,1
4167,16,0,0,2,19.67,24,0,3,0,0,0,1,2.95,2,86.67,2,1,1.8,27.02,0,1
4168,15,1,2,1,11.38,2,0,1,0,0,1,1,2.49,3,98.89,1,2,0.6,37.21,0,1
4169,16,1,1,2,4.06,17,0,2,0,1,1,0,2.95,2,90.56,0,2,1.2,45.4,0,1
4170,18,0,0,3,5.86,3,0,2,0,1,0,1,3.03,1,98.33,1,2,1.2,40.23,0,2
4171,17,0,2,2,13.87,13,1,3,1,0,1,0,3.17,1,92.78,1,2,3.8,19.99,0,2
4172,17,1,2,2,18.49,23,0,2,1,0,1,0,1.93,4,87.22,2,2,1.2,31.08,0,0
4173,15,1,1,2,3.57,5,0,0,0,1,0,1,2.94,2,97.22,0,2,0.0,49.16,0,1
4174,16,0,0,3,1.65,25,1,2,0,1,0,1,2.94,2,86.11,0,2,3.2,40.9,0,1
4175,17,1,1,1,17.63,14,1,2,1,1,1,1,1.78,4,92.22,2,4,3.2,16.69,0,0
4176,16,0,0,3,18.31,30,0,3,1,1,1,0,3.23,1,83.33,2,3,1.8,24.19,0,2
4177,16,1,0,3,5.53,16,0,4,0,0,1,1,2.76,2,91.11,1,2,2.4,38.39,0,1
4178,15,1,2,2,7.55,30,0,2,0,1,0,1,1.66,4,83.33,1,2,1.2,46.79,0,0
4179,17,0,0,1,13.2,23,1,3,0,1,0,0,2.41,3,87.22,1,1,3.8,27.18,0,1
4180,15,0,0,2,6.6,4,0,1,1,1,0,1,2.23,3,97.78,1,3,0.6,41.72,0,1
4181,15,0,0,1,17.54,28,0,1,0,1,0,1,2.22,3,84.44,2,2,0.6,35.24,0,1
4182,17,1,0,0,2.15,5,1,2,0,0,0,0,3.04,1,97.22,0,0,3.2,41.14,0,2
4183,17,1,0,1,0.76,20,0,3,0,0,1,0,2.78,2,88.89,0,1,1.8,50.31,1,1
4184,18,1,3,1,4.17,25,1,4,1,0,0,1,3.03,1,86.11,0,2,4.4,32.07,0,2
4185,18,1,0,2,5.72,4,1,3,0,0,0,0,2.92,2,97.78,1,0,3.8,34.05,0,1
4186,16,0,0,3,2.26,18,0,0,1,1,1,1,3.82,0,90.0,0,4,0.0,46.12,0,3
4187,17,1,0,1,1.31,13,0,3,1,1,0,0,1.41,4,92.78,0,2,1.8,49.18,0,0
4188,18,1,3,4,15.11,3,0,3,1,1,0,1,2.82,2,98.33,2,3,1.8,23.97,0,1
4189,16,1,1,4,3.29,4,1,2,1,0,0,1,3.19,1,97.78,0,2,3.2,34.14,0,2
4190,16,0,0,4,18.28,10,1,4,1,1,0,1,3.18,1,94.44,2,3,4.4,8.65,0,2
4191,16,1,3,3,7.36,26,1,0,1,0,1,0,2.46,3,85.56,1,2,2.0,40.61,0,1
4192,18,1,0,2,13.41,1,0,3,1,0,1,1,3.24,1,99.44,1,3,1.8,24.65,0,2
4193,17,0,0,1,4.51,21,1,2,1,1,0,1,2.54,2,88.33,0,3,3.2,35.05,0,1
4194,15,1,0,2,4.81,1,0,3,1,0,1,0,2.29,3,99.44,0,2,1.8,40.28,0,1
4195,16,1,0,2,11.49,19,0,3,1,1,0,1,3.28,1,89.44,1,3,1.8,30.45,0,2
4196,18,0,0,3,11.21,11,0,2,0,0,0,0,3.31,1,93.89,1,0,1.2,39.4,0,2
4197,18,1,2,4,15.37,15,1,4,0,0,0,0,4.0,0,91.67,2,0,4.4,18.7,0,3
4198,15,1,0,2,15.16,16,1,1,0,1,1,0,2.05,3,91.11,2,2,2.6,27.22,0,1
4199,15,1,1,2,13.41,3,0,1,0,0,0,1,3.37,1,98.33,1,1,0.6,35.17,0,2
4200,18,0,0,1,8.98,13,1,4,0,0,0,0,2.58,2,92.78,1,0,4.4,29.85,0,1
4201,17,1,0,0,17.81,6,0,1,0,0,1,1,2.91,2,96.67,2,2,0.6,28.9,0,1
4202,15,1,1,2,12.45,14,0,2,1,0,0,0,2.53,2,92.22,1,1,1.2,37.88,0,1
4203,18,0,3,2,19.8,29,0,3,0,0,1,1,2.41,3,83.89,2,2,1.8,26.68,0,1
4204,15,0,0,3,16.39,15,1,3,1,1,0,0,3.55,0,91.67,2,2,3.8,16.28,0,3
4205,17,1,2,2,0.89,7,0,4,1,1,0,0,3.7,0,96.11,0,2,2.4,40.09,0,3
4206,16,1,0,4,6.41,1,0,3,1,1,1,1,4.0,0,99.44,1,4,1.8,29.0,0,3
4207,15,1,0,3,11.44,18,1,3,1,0,0,0,3.55,0,90.0,1,1,3.8,25.55,0,3
4208,17,1,0,3,14.43,0,1,4,1,1,1,0,2.98,2,100.0,1,3,4.4,12.01,0,1
4209,18,0,0,1,11.01,30,1,3,0,1,0,1,2.69,2,83.33,1,2,3.8,28.07,0,1
4210,15,1,0,4,15.72,22,0,2,0,1,0,0,2.87,2,87.78,2,1,1.2,34.5,0,1
4211,15,0,0,3,5.65,3,1,3,1,1,0,0,3.43,1,98.33,1,2,3.8,27.67,0,2
4212,18,0,2,1,3.68,26,0,1,0,1,1,1,2.73,2,85.56,0,3,0.6,48.4,0,1
4213,16,1,0,1,1.08,25,0,1,1,1,0,0,2.05,3,86.11,0,2,0.6,55.66,1,1
4214,18,1,1,4,11.47,23,0,3,0,1,1,1,3.53,0,87.22,1,3,1.8,30.63,0,3
4215,15,0,0,0,13.77,20,1,4,1,0,1,0,4.0,0,88.89,1,2,4.4,16.68,0,3
4216,18,0,1,2,6.52,24,0,2,1,0,1,1,2.77,2,86.67,1,3,1.2,41.64,0,1
4217,17,1,1,2,12.27,21,0,1,1,1,1,0,2.42,3,88.33,1,3,0.6,37.47,0,1
4218,18,0,0,3,1.04,10,0,2,0,0,0,1,3.22,1,94.44,0,1,1.2,49.64,0,2
4219,15,1,0,3,1.99,9,0,2,1,0,1,0,3.31,1,95.0,0,2,1.2,45.53,0,2
4220,18,1,2,2,14.04,17,0,2,1,1,0,1,3.24,1,90.56,1,3,1.2,29.7,0,2
4221,16,0,3,2,7.36,0,0,3,1,0,1,0,3.06,1,100.0,1,2,1.8,34.97,0,2
4222,18,0,0,4,13.43,16,1,1,1,0,0,0,3.72,0,91.11,1,1,2.6,27.71,0,3
4223,16,1,0,3,16.63,15,0,2,0,0,1,1,2.53,2,91.67,2,2,1.2,30.35,0,1
4224,17,0,3,4,17.05,11,1,4,1,0,1,1,3.44,1,93.89,2,3,4.4,9.73,0,2
4225,16,1,0,2,3.44,27,1,3,0,1,1,1,3.64,0,85.0,0,3,3.8,32.08,0,3
4226,18,1,1,1,9.73,29,1,1,0,1,0,0,2.55,2,83.89,1,1,2.6,37.78,0,1
4227,15,1,0,2,14.68,29,0,2,1,1,1,0,2.72,2,83.89,1,3,1.2,32.53,0,1
4228,16,0,0,3,15.48,15,1,1,1,0,0,0,3.15,1,91.67,2,1,2.6,26.37,0,2
4229,17,1,1,1,15.69,8,0,4,1,0,1,1,2.73,2,95.56,2,3,2.4,21.71,0,1
4230,16,1,1,1,4.56,16,0,2,1,0,0,0,2.0,3,91.11,0,1,1.2,49.46,0,1
4231,16,1,0,0,3.85,2,1,4,1,0,1,1,2.82,2,98.89,0,3,4.4,26.03,0,1
4232,16,1,1,2,11.8,27,1,3,1,1,0,1,2.8,2,85.0,1,3,3.8,23.73,0,1
4233,17,1,2,3,14.82,17,0,3,1,0,1,1,3.62,0,90.56,1,3,1.8,25.05,0,3
4234,18,1,1,0,6.38,14,0,2,1,0,0,0,2.73,2,92.22,1,1,1.2,44.97,0,1
4235,16,1,0,3,2.09,14,1,4,0,0,1,0,3.7,0,92.22,0,1,4.4,33.36,0,3
4236,16,1,1,4,14.33,30,1,1,0,0,0,0,3.05,1,83.33,1,0,2.6,33.48,0,2
4237,15,1,2,1,5.99,15,0,1,0,1,1,0,3.01,1,91.67,1,2,0.6,45.18,0,2
4238,17,1,2,3,3.33,27,0,2,1,0,0,1,2.8,2,85.0,0,2,1.2,48.63,0,1
4239,16,1,1,4,2.95,19,0,3,1,0,1,1,3.55,0,89.44,0,3,1.8,40.45,0,3
4240,17,0,0,4,6.3,0,1,2,1,0,0,0,3.21,1,100.0,1,1,3.2,32.05,0,2
4241,16,1,2,1,11.85,30,0,4,1,0,0,0,2.72,2,83.33,1,1,2.4,35.81,0,1
4242,18,1,2,1,7.17,0,1,1,0,0,1,1,2.47,3,100.0,1,2,2.6,33.04,0,1
4243,18,1,0,1,0.41,3,1,3,1,1,1,1,3.43,1,98.33,0,4,3.8,29.22,0,2
4244,16,0,1,3,1.94,28,1,1,1,1,1,0,2.29,3,84.44,0,3,2.6,42.98,0,1
4245,18,1,0,3,5.81,12,1,2,1,0,0,0,3.28,1,93.33,1,1,3.2,34.83,0,2
4246,16,0,2,3,13.19,29,0,2,1,0,1,1,2.82,2,83.89,1,3,1.2,34.15,0,1
4247,18,1,0,2,1.97,3,0,4,0,1,1,0,2.38,3,98.33,0,2,2.4,41.26,0,1
4248,15,1,1,1,11.21,22,0,0,1,1,0,1,2.59,2,87.78,1,3,0.0,41.29,0,1
4249,15,0,3,2,2.4,7,0,3,1,0,0,0,2.58,2,96.11,0,1,1.8,46.23,0,1
4250,15,1,2,2,4.23,12,0,2,1,0,0,0,1.97,4,93.33,0,1,1.2,49.17,0,0
4251,17,0,3,3,3.44,23,0,3,1,0,0,1,2.8,2,87.22,0,2,1.8,44.99,0,1
4252,17,0,3,2,1.34,7,1,2,0,1,0,0,3.7,0,96.11,0,1,3.2,38.39,0,3
4253,15,1,0,2,13.43,13,1,1,1,1,1,0,2.53,2,92.78,1,3,2.6,25.1,0,1
4254,17,1,1,1,9.27,29,0,3,0,1,0,1,1.3800000000000003,4,83.89,1,2,1.8,42.42,0,0
4255,18,1,1,1,16.62,27,0,2,0,0,1,1,3.73,0,85.0,2,2,1.2,29.7,0,3
4256,16,1,3,1,1.98,29,0,2,1,1,0,0,1.51,4,83.89,0,2,1.2,53.93,1,0
4257,16,0,0,1,2.89,24,1,1,0,1,0,0,3.36,1,86.67,0,1,2.6,43.33,0,2
4258,16,0,3,2,6.13,0,0,3,1,0,0,0,3.66,0,100.0,1,1,1.8,37.51,0,3
4259,15,1,1,0,15.32,8,1,2,0,1,1,1,3.17,1,95.56,2,3,3.2,17.43,0,2
4260,17,0,2,1,6.12,25,1,1,0,1,0,0,2.22,3,86.11,1,1,2.6,42.34,0,1
4261,18,0,0,3,8.17,23,1,3,1,0,0,0,3.44,1,87.22,1,1,3.8,30.89,0,2
4262,18,1,0,2,6.03,0,1,1,0,0,0,1,3.08,1,100.0,1,1,2.6,35.44,0,2
4263,15,0,2,3,1.6,6,1,3,0,0,0,0,3.89,0,96.67,0,0,3.8,37.17,0,3
4264,18,0,0,3,18.79,24,1,3,0,1,1,1,3.44,1,86.67,2,3,3.8,12.81,0,2
4265,18,1,2,2,10.97,19,0,4,0,1,1,0,3.79,0,89.44,1,2,2.4,29.6,0,3
4266,18,0,0,4,15.76,12,0,1,0,0,0,0,3.37,1,93.33,2,0,0.6,36.48,0,2
4267,18,1,2,0,13.17,14,1,3,0,0,0,1,3.66,0,92.22,1,1,3.8,22.34,0,3
4268,17,0,0,3,10.29,28,0,2,1,1,1,1,2.87,2,84.44,1,4,1.2,34.95,0,1
4269,18,1,1,4,1.79,8,0,2,0,0,0,0,2.73,2,95.56,0,0,1.2,52.04,1,1
4270,16,0,2,4,12.85,15,1,2,0,0,1,1,2.91,2,91.67,1,2,3.2,25.03,0,1
4271,15,0,0,1,3.11,16,1,2,1,0,0,1,2.26,3,91.11,0,2,3.2,39.03,0,1
4272,17,1,0,2,8.29,8,0,2,0,0,0,1,2.79,2,95.56,1,1,1.2,41.26,0,1
4273,18,1,0,1,12.58,5,0,3,1,1,0,1,2.58,2,97.22,1,3,1.8,28.12,0,1
4274,17,1,1,3,15.64,19,0,2,0,0,1,1,2.72,2,89.44,2,2,1.2,31.89,0,1
4275,18,1,1,3,13.7,11,0,0,1,0,0,1,2.98,2,93.89,1,2,0.0,37.56,0,1
4276,16,0,2,2,13.43,15,1,2,0,1,0,0,3.28,1,91.67,1,1,3.2,25.88,0,2
4277,15,0,1,2,2.98,27,1,2,1,1,0,1,3.28,1,85.0,0,3,3.2,36.28,0,2
4278,18,0,1,3,6.92,20,1,2,0,0,0,1,2.94,2,88.89,1,1,3.2,35.84,0,1
4279,18,1,0,2,0.86,14,0,1,1,0,0,0,2.73,2,92.22,0,1,0.6,54.6,1,1
4280,18,0,0,4,14.39,6,0,2,1,0,0,1,3.05,1,96.67,1,2,1.2,30.1,0,2
4281,18,0,0,3,19.05,9,1,3,0,1,1,1,3.43,1,95.0,2,3,3.8,9.59,0,2
4282,15,1,3,1,5.28,28,0,0,0,1,0,0,2.28,3,84.44,1,1,0.0,55.65,1,1
4283,15,1,3,3,1.75,3,0,3,1,1,0,0,3.97,0,98.33,0,2,1.8,40.29,0,3
4284,16,0,0,1,9.51,23,1,4,1,0,1,0,3.12,1,87.22,1,2,4.4,24.79,0,2
4285,15,1,1,2,17.13,2,1,0,1,0,1,0,2.6,2,98.89,2,2,2.0,23.39,0,1
4286,18,0,2,4,11.04,17,0,1,1,1,1,1,2.98,2,90.56,1,4,0.6,34.33,0,1
4287,16,0,1,4,0.94,0,0,2,0,0,1,0,2.47,3,100.0,0,1,1.2,49.7,0,1
4288,16,1,0,2,19.49,29,0,2,1,1,1,0,2.5,2,83.89,2,3,1.2,27.07,0,1
4289,16,0,0,1,16.57,12,1,3,0,0,0,0,3.17,1,93.33,2,0,3.8,21.42,0,2
4290,18,1,1,1,2.63,21,1,2,1,0,1,1,2.86,2,88.33,0,3,3.2,36.6,0,1
4291,17,1,3,2,18.44,17,0,2,1,1,0,1,3.19,1,90.56,2,3,1.2,24.32,0,2
4292,18,0,2,1,9.01,7,0,0,0,0,0,1,2.35,3,96.11,1,1,0.0,46.72,0,1
4293,15,0,0,2,7.44,30,1,2,1,1,0,1,1.89,4,83.33,1,3,3.2,34.76,0,0
4294,15,0,0,0,9.22,10,0,2,1,1,1,0,2.72,2,94.44,1,3,1.2,35.67,0,1
4295,18,1,2,2,16.69,9,1,2,1,1,1,1,3.23,1,95.0,2,4,3.2,13.27,0,2
4296,18,0,2,1,13.19,28,1,1,1,0,1,1,2.67,2,84.44,1,3,2.6,27.97,0,1
4297,16,1,1,4,1.18,3,1,3,1,1,0,1,3.24,1,98.33,0,3,3.8,31.24,0,2
4298,18,1,1,3,19.15,24,1,2,0,0,0,0,2.82,2,86.67,2,0,3.2,24.13,0,1
4299,16,0,0,2,2.96,3,0,3,1,0,1,0,3.36,1,98.33,0,2,1.8,40.3,0,2
4300,15,1,2,1,14.91,3,0,2,1,1,1,1,3.46,1,98.33,1,4,1.2,22.84,0,2
4301,16,0,2,2,12.72,28,1,2,0,1,0,1,3.21,1,84.44,1,2,3.2,26.98,0,2
4302,18,0,0,1,3.75,11,0,1,1,1,0,0,3.32,1,93.89,0,2,0.6,46.42,0,2
4303,15,0,2,2,3.41,7,0,3,0,1,1,0,3.08,1,96.11,0,2,1.8,41.22,0,2
4304,17,0,0,3,17.41,27,0,2,0,1,0,1,2.86,2,85.0,2,2,1.2,30.88,0,1
4305,16,0,0,3,8.39,12,0,1,0,1,0,1,2.73,2,93.33,1,2,0.6,42.29,0,1
4306,15,0,0,3,13.09,7,0,2,0,0,1,0,3.39,1,96.11,1,1,1.2,33.57,0,2
4307,16,0,0,2,10.08,20,1,4,0,0,0,0,3.01,1,88.89,1,0,4.4,28.76,0,2
4308,15,1,0,4,14.55,2,0,3,1,0,0,1,2.39,3,98.89,1,2,1.8,28.04,0,1
4309,15,0,1,4,9.58,11,0,2,1,1,1,1,2.71,2,93.89,1,4,1.2,32.93,0,1
4310,16,1,1,2,5.75,17,0,2,1,1,1,0,3.42,1,90.56,1,3,1.2,39.61,0,2
4311,17,1,1,2,7.27,14,0,2,0,1,0,0,1.79,4,92.22,1,1,1.2,46.21,0,0
4312,15,1,0,2,17.18,24,1,0,1,1,0,0,3.0,1,86.67,2,2,2.0,26.6,0,2
4313,15,0,0,1,9.36,13,0,3,0,0,0,1,3.09,1,92.78,1,1,1.8,37.42,0,2
4314,15,1,1,3,4.27,8,0,3,0,0,0,1,2.83,2,95.56,0,1,1.8,43.46,0,1
4315,17,1,0,2,18.69,4,0,2,0,0,1,1,2.86,2,97.78,2,2,1.2,24.81,0,1
4316,17,0,0,1,15.93,29,1,3,0,1,0,0,2.33,3,83.89,2,1,3.8,25.13,0,1
4317,18,0,3,1,1.11,28,0,2,0,0,1,0,2.38,3,84.44,0,1,1.2,55.15,1,1
4318,16,1,2,2,19.98,14,0,1,1,1,1,1,2.89,2,92.22,2,4,0.6,22.8,0,1
4319,17,0,3,4,13.9,7,0,2,0,1,0,0,3.88,0,96.11,1,1,1.2,31.33,0,3
4320,16,0,1,2,3.21,22,0,2,0,0,0,1,2.73,2,87.78,0,1,1.2,50.48,1,1
4321,18,0,0,3,4.74,2,0,1,1,1,1,1,2.71,2,98.89,0,4,0.6,39.96,0,1
4322,16,0,2,2,13.85,11,1,3,1,0,1,0,3.34,1,93.89,1,2,3.8,19.2,0,2
4323,17,1,0,2,15.6,4,0,1,1,0,0,1,2.71,2,97.78,2,2,0.6,31.77,0,1
4324,16,0,1,2,4.78,30,1,2,1,0,0,1,2.48,3,83.33,0,2,3.2,39.11,0,1
4325,17,0,0,3,5.14,28,0,4,1,1,1,0,1.8,4,84.44,1,3,2.4,41.11,0,0
4326,16,0,2,1,6.14,8,0,4,1,0,0,0,2.72,2,95.56,1,1,2.4,38.67,0,1
4327,17,1,0,2,11.96,19,1,3,1,0,0,1,3.28,1,89.44,1,2,3.8,23.27,0,2
4328,17,1,3,1,3.44,2,0,3,1,1,0,0,2.79,2,98.89,0,2,1.8,40.93,0,1
4329,16,0,3,2,2.08,22,1,3,0,0,1,0,3.13,1,87.78,0,1,3.8,39.08,0,2
4330,18,0,1,4,13.58,7,1,3,0,1,0,1,3.98,0,96.11,1,2,3.8,17.16,0,3
4331,15,1,2,1,15.58,20,1,1,1,1,0,0,3.24,1,88.89,2,2,2.6,24.5,0,2
4332,18,0,1,2,10.02,12,0,2,1,0,0,1,3.85,0,93.33,1,2,1.2,34.73,0,3
4333,16,0,2,2,7.28,7,0,2,0,0,1,0,3.36,1,96.11,1,1,1.2,40.91,0,2
4334,18,1,1,4,8.64,4,0,2,0,0,0,0,3.02,1,97.78,1,0,1.2,41.97,0,2
4335,17,0,2,2,7.77,24,0,1,1,1,1,0,2.44,3,86.67,1,3,0.6,43.63,0,1
4336,15,0,1,3,19.2,6,0,3,1,0,0,1,3.1,1,96.67,2,2,1.8,21.23,0,2
4337,16,1,3,4,15.36,4,0,1,1,0,1,0,2.79,2,97.78,2,2,0.6,31.87,0,1
4338,16,1,1,2,4.16,28,0,2,1,1,1,1,2.65,2,84.44,0,4,1.2,43.17,0,1
4339,16,0,1,2,7.68,8,0,2,0,0,0,0,2.63,2,95.56,1,0,1.2,44.92,0,1
4340,15,1,2,2,10.88,4,1,1,0,1,0,1,2.41,3,97.78,1,2,2.6,29.33,0,1
4341,17,0,2,3,12.26,7,1,3,0,1,0,0,3.64,0,96.11,1,1,3.8,22.16,0,3
4342,16,0,1,0,9.36,11,0,3,1,0,0,0,2.51,2,93.89,1,1,1.8,38.48,0,1
4343,18,0,0,2,16.2,3,1,3,0,0,1,1,2.63,2,98.33,2,2,3.8,16.49,0,1
4344,16,1,1,3,15.35,8,0,2,0,0,0,1,3.63,0,95.56,2,1,1.2,30.34,0,3
4345,16,1,3,2,10.1,27,0,2,0,1,1,0,3.18,1,85.0,1,2,1.2,39.22,0,2
4346,16,0,2,2,17.09,21,0,3,0,0,0,1,2.36,3,88.33,2,1,1.8,31.14,0,1
4347,16,0,2,2,15.02,21,1,2,0,1,0,0,2.68,2,88.33,2,1,3.2,26.56,0,1
4348,17,1,0,1,15.57,13,0,2,1,0,0,0,2.5,2,92.78,2,1,1.2,33.86,0,1
4349,18,1,1,2,19.13,18,0,2,1,0,0,1,2.66,2,90.0,2,2,1.2,27.48,0,1
4350,17,1,1,2,5.33,12,1,4,1,0,0,1,1.99,4,93.33,1,2,4.4,30.7,0,0
4351,18,0,2,4,5.35,2,0,4,0,0,0,1,2.92,2,98.89,1,1,2.4,37.99,0,1
4352,16,1,0,1,17.78,3,1,1,1,0,0,0,3.01,1,98.33,2,1,2.6,21.52,0,2
4353,15,1,3,4,15.44,0,0,0,1,0,1,1,3.95,0,100.0,2,3,0.0,28.32,0,3
4354,17,0,1,3,18.53,21,1,3,1,1,1,1,3.31,1,88.33,2,4,3.8,10.37,0,2
4355,15,0,0,0,1.26,0,1,0,0,0,1,0,2.44,3,100.0,0,1,2.0,45.73,0,1
4356,17,0,0,3,12.56,10,1,1,1,1,1,0,3.21,1,94.44,1,3,2.6,23.9,0,2
4357,16,1,0,0,2.89,15,1,1,1,0,1,0,1.92,4,91.67,0,2,2.6,42.68,0,0
4358,17,0,1,4,10.08,3,1,2,0,0,0,0,3.24,1,98.33,1,0,3.2,30.34,0,2
4359,16,0,0,4,3.11,30,0,2,0,1,0,1,2.15,3,83.33,0,2,1.2,51.12,1,1
4360,17,0,0,1,2.56,28,1,2,0,0,0,0,2.51,2,84.44,0,0,3.2,46.43,0,1
4361,16,0,2,1,0.24,6,1,4,0,1,0,0,3.16,1,96.67,0,1,4.4,35.47,0,2
4362,16,1,0,2,12.6,11,0,2,0,0,1,0,2.63,2,93.89,1,1,1.2,36.86,0,1
4363,18,0,0,2,7.18,5,1,2,0,0,0,0,3.13,1,97.22,1,0,3.2,34.63,0,2
4364,16,1,1,2,2.1,23,0,3,0,1,1,1,2.22,3,87.22,0,3,1.8,45.62,0,1
4365,18,1,1,2,6.46,19,0,2,1,0,0,0,2.09,3,89.44,1,1,1.2,47.44,0,1
4366,16,1,2,3,3.38,8,0,4,1,1,1,0,3.43,1,95.56,0,3,2.4,35.34,0,2
4367,15,0,1,1,18.83,25,0,2,0,1,1,1,3.34,1,86.11,2,3,1.2,25.02,0,2
4368,16,1,2,3,6.4,7,0,4,0,0,0,1,3.12,1,96.11,1,1,2.4,37.15,0,2
4369,15,0,1,3,6.68,13,0,2,1,1,0,1,3.22,1,92.78,1,3,1.2,38.17,0,2
4370,15,0,0,2,16.8,14,0,3,1,0,1,0,2.29,3,92.22,2,2,1.8,27.82,0,1
4371,16,0,0,4,12.96,20,0,3,1,0,1,0,3.38,1,88.89,1,2,1.8,31.06,0,2
4372,15,1,1,1,14.2,29,1,4,1,1,1,1,3.69,0,83.89,1,4,4.4,13.66,0,3
4373,18,0,0,0,12.72,21,0,3,1,0,1,1,3.07,1,88.33,1,3,1.8,29.83,0,2
4374,17,0,2,3,18.92,4,0,3,1,1,0,0,3.27,1,97.78,2,2,1.8,20.77,0,2
4375,16,0,1,2,4.14,14,0,3,1,1,0,0,2.08,3,92.22,0,2,1.8,44.17,0,1
4376,15,1,0,2,19.78,5,0,3,1,1,1,1,3.61,0,97.22,2,4,1.8,14.04,0,3
4377,16,1,0,4,16.62,0,0,4,1,1,0,1,3.77,0,100.0,2,3,2.4,16.39,0,3
4378,18,1,0,4,11.78,19,0,2,1,0,0,1,3.42,1,89.44,1,2,1.2,34.97,0,2
4379,16,0,1,3,13.25,8,1,2,1,1,0,1,3.06,1,95.56,1,3,3.2,20.3,0,2
4380,16,1,1,3,12.98,3,1,0,1,1,1,0,2.86,2,98.33,1,3,2.0,25.62,0,1
4381,15,0,1,1,1.17,1,0,2,1,0,1,1,2.41,3,99.44,0,3,1.2,44.75,0,1
4382,18,0,0,1,4.36,5,0,3,1,0,0,1,2.39,3,97.22,0,2,1.8,41.37,0,1
4383,17,1,2,3,19.23,1,1,1,0,0,0,0,3.59,0,99.44,2,0,2.6,20.37,0,3
4384,17,0,3,2,10.69,2,0,2,1,0,0,0,2.99,2,98.89,1,1,1.2,36.6,0,1
4385,15,1,0,2,7.57,6,0,3,1,1,1,1,3.25,1,96.67,1,4,1.8,30.4,0,2
4386,16,0,1,2,15.24,19,1,3,0,1,1,1,3.19,1,89.44,2,3,3.8,16.9,0,2
4387,15,1,3,3,10.49,16,1,3,0,0,0,1,2.84,2,91.11,1,1,3.8,28.13,0,1
4388,15,0,0,1,0.26,8,0,1,0,1,0,0,2.09,3,95.56,0,1,0.6,55.78,1,1
4389,15,0,1,3,14.72,21,0,4,1,0,1,1,3.71,0,88.33,1,3,2.4,23.0,0,3
4390,16,0,0,1,14.64,8,0,1,1,0,0,1,3.02,1,95.56,1,2,0.6,32.98,0,2
4391,18,0,1,1,3.3,18,0,3,0,1,0,0,3.17,1,90.0,0,1,1.8,45.77,0,2
4392,15,0,0,2,19.13,4,1,1,1,0,0,1,3.52,0,97.78,2,2,2.6,16.25,0,3
4393,16,1,3,1,4.48,24,0,1,1,0,1,0,2.2,3,86.67,0,2,0.6,50.84,1,1
4394,18,0,2,4,9.15,5,1,4,0,0,0,0,3.09,1,97.22,1,0,4.4,26.81,0,2
4395,15,1,2,1,2.29,17,0,3,0,1,1,0,2.2,3,90.56,0,2,1.8,46.76,0,1
4396,17,1,2,1,12.07,30,0,2,1,0,0,1,3.19,1,83.33,1,2,1.2,37.32,0,2
4397,18,1,1,2,7.51,0,0,3,1,1,0,0,3.76,0,100.0,1,2,1.8,33.03,0,3
4398,15,0,1,2,7.06,24,0,2,0,1,0,1,2.42,3,86.67,1,2,1.2,44.34,0,1
4399,18,0,3,0,16.54,16,0,1,1,1,1,0,3.13,1,91.11,2,3,0.6,29.38,0,2
4400,18,0,3,0,0.19,13,1,3,1,0,1,1,2.56,2,92.78,0,3,3.8,36.12,0,1
4401,18,1,1,4,15.96,14,1,3,0,1,0,1,2.55,2,92.22,2,2,3.8,19.13,0,1
4402,18,0,3,3,11.43,4,1,4,1,1,0,0,3.08,1,97.78,1,2,4.4,18.79,0,2
4403,18,0,1,2,19.72,16,1,2,1,1,0,0,3.54,0,91.11,2,2,3.2,15.07,0,3
4404,18,1,1,2,11.79,20,1,3,1,0,0,1,3.49,1,88.89,1,2,3.8,23.15,0,2
4405,15,1,1,1,1.11,20,0,2,0,0,1,0,2.42,3,88.89,0,1,1.2,53.5,1,1
4406,17,1,0,2,1.01,22,0,2,1,0,1,1,2.14,3,87.78,0,3,1.2,49.71,0,1
4407,16,1,0,3,17.66,22,1,2,0,0,0,0,2.46,3,87.78,2,0,3.2,26.51,0,1
4408,18,1,0,4,16.82,10,0,4,0,0,1,1,3.15,1,94.44,2,2,2.4,22.14,0,2
4409,16,1,1,1,6.92,9,0,1,0,1,1,0,2.58,2,95.0,1,2,0.6,43.92,0,1
4410,15,0,0,3,12.36,16,1,2,0,1,0,1,2.92,2,91.11,1,2,3.2,25.82,0,1
4411,18,1,1,1,9.79,24,1,3,1,0,0,1,2.23,3,86.67,1,2,3.8,29.58,0,1
4412,17,0,3,1,19.34,0,0,1,0,0,0,0,3.29,1,100.0,2,0,0.6,29.87,0,2
4413,16,0,0,0,19.0,4,0,4,1,0,0,1,3.31,1,97.78,2,2,2.4,17.84,0,2
4414,18,0,1,1,19.68,15,0,0,1,1,0,1,2.73,2,91.67,2,3,0.0,28.99,0,1
4415,15,1,0,4,17.33,6,0,3,1,0,1,1,3.33,1,96.67,2,3,1.8,20.5,0,2
4416,17,0,0,2,18.19,11,0,2,0,0,0,1,3.31,1,93.89,2,1,1.2,28.17,0,2
4417,16,1,2,1,4.35,7,1,1,1,0,0,0,3.07,1,96.11,0,1,2.6,38.93,0,2
4418,16,1,1,4,16.62,17,0,3,1,1,1,0,3.76,0,90.56,2,3,1.8,22.45,0,3
4419,18,0,2,4,14.18,29,0,3,0,0,1,0,3.46,1,83.89,1,1,1.8,33.58,0,2
4420,17,1,0,3,19.26,0,1,0,0,1,1,1,3.61,0,100.0,2,3,2.0,15.31,0,3
4421,17,0,1,4,11.43,19,0,2,1,1,1,0,2.81,2,89.44,1,3,1.2,34.43,0,1
4422,17,0,0,1,1.7,11,1,2,1,1,0,0,2.44,3,93.89,0,2,3.2,39.37,0,1
4423,17,1,0,3,11.95,30,0,2,1,0,0,0,3.05,1,83.33,1,1,1.2,40.32,0,2
4424,15,0,0,3,13.73,3,1,2,0,1,1,0,2.7,2,98.33,1,2,3.2,22.13,0,1
4425,17,0,0,4,4.41,25,0,2,1,0,1,0,2.64,2,86.11,0,2,1.2,47.29,0,1
4426,16,0,0,3,7.88,11,0,2,0,0,0,1,2.37,3,93.89,1,1,1.2,43.41,0,1
4427,16,1,0,2,11.97,21,0,2,0,1,0,1,3.24,1,88.33,1,2,1.2,35.57,0,2
4428,15,0,3,3,7.48,0,1,2,1,1,0,0,3.59,0,100.0,1,2,3.2,27.13,0,3
4429,16,1,0,1,7.5,29,0,0,0,0,1,0,2.29,3,83.89,1,1,0.0,53.04,1,1
4430,16,1,0,2,2.66,0,0,3,0,1,1,0,4.0,0,100.0,0,2,1.8,38.49,0,3
4431,17,0,0,1,18.81,2,1,3,1,0,1,0,3.04,1,98.89,2,2,3.8,12.0,0,2
4432,16,0,1,4,15.01,20,0,2,0,1,0,1,3.17,1,88.89,2,2,1.2,31.75,0,2
4433,15,1,0,1,0.02,11,1,1,1,0,0,1,2.92,2,93.89,0,2,2.6,43.0,0,1
4434,17,1,3,2,15.31,21,1,1,1,0,0,0,3.0,1,88.33,2,1,2.6,28.13,0,2
4435,18,0,3,2,14.8,20,1,3,0,0,0,1,2.9,2,88.89,1,1,3.8,23.37,0,1
4436,17,0,0,4,0.19,12,1,3,1,1,1,1,3.04,1,93.33,0,4,3.8,32.22,0,2
4437,15,1,1,2,7.39,28,0,2,1,1,0,1,3.43,1,84.44,1,3,1.2,39.68,0,2
4438,17,1,0,3,12.13,12,1,4,1,1,0,0,3.28,1,93.33,1,2,4.4,18.97,0,2
4439,17,1,1,4,9.06,20,0,2,0,1,1,0,3.12,1,88.89,1,2,1.2,39.31,0,2
4440,15,1,1,2,15.56,8,0,3,1,1,0,0,2.33,3,95.56,2,2,1.8,28.1,0,1
4441,17,1,0,2,8.51,17,0,1,1,0,1,0,2.58,2,90.56,1,2,0.6,43.49,0,1
4442,15,0,0,3,3.08,27,0,2,1,0,0,0,3.6,0,85.0,0,1,1.2,49.45,0,3
4443,15,1,2,4,19.53,27,0,2,1,0,1,1,2.71,2,85.0,2,3,1.2,26.11,0,1
4444,18,1,1,3,4.84,0,1,3,1,1,1,0,2.94,2,100.0,0,3,3.8,26.83,0,1
4445,16,0,0,1,14.35,5,1,2,1,1,0,1,4.0,0,97.22,1,3,3.2,15.99,0,3
4446,16,0,2,4,2.86,24,1,3,1,0,0,0,2.47,3,86.67,0,1,3.8,40.14,0,1
4447,17,1,1,2,6.58,22,0,3,0,1,0,0,2.28,3,87.78,1,1,1.8,44.67,0,1
4448,17,1,3,2,8.84,23,0,0,1,1,0,0,2.84,2,87.22,1,2,0.0,46.32,0,1
4449,18,0,0,3,3.84,4,1,3,0,0,0,0,4.0,0,97.78,0,0,3.8,33.7,0,3
4450,18,1,2,1,9.0,25,0,1,1,1,1,0,2.97,2,86.11,1,3,0.6,40.96,0,1
4451,18,1,2,3,3.14,3,1,2,1,0,0,0,3.04,1,98.33,0,1,3.2,37.01,0,2
4452,15,0,0,2,11.18,5,1,3,0,1,0,0,3.87,0,97.22,1,1,3.8,22.55,0,3
4453,18,1,2,4,13.27,2,0,3,0,0,0,0,3.13,1,98.89,1,0,1.8,32.79,0,2
4454,18,0,1,1,1.25,16,0,2,1,0,1,1,2.29,3,91.11,0,3,1.2,47.87,0,1
4455,17,0,3,2,17.42,10,0,2,1,0,1,1,3.84,0,94.44,2,3,1.2,22.62,0,3
4456,18,0,0,3,3.7,3,0,2,1,1,0,1,3.58,0,98.33,0,3,1.2,39.05,0,3
4457,15,0,1,0,4.51,24,0,1,1,0,0,1,2.16,3,86.67,0,2,0.6,50.9,1,1
4458,15,1,0,1,13.23,19,1,4,0,1,0,1,3.58,0,89.44,1,2,4.4,18.21,0,3
4459,17,0,3,4,9.38,0,0,2,1,1,0,0,3.79,0,100.0,1,2,1.2,33.35,0,3
4460,18,1,0,1,9.99,29,0,4,0,0,0,0,2.54,2,83.89,1,0,2.4,40.89,0,1
4461,18,1,3,4,2.56,3,0,4,0,0,0,0,3.1,1,98.33,0,0,2.4,43.73,0,2
4462,15,1,3,1,16.11,22,0,2,0,0,1,0,2.17,3,87.78,2,1,1.2,35.76,0,1
4463,18,1,0,2,12.34,2,1,2,1,0,0,1,3.22,1,98.89,1,2,3.2,22.37,0,2
4464,18,1,2,3,2.71,9,0,3,1,1,1,1,2.6,2,95.0,0,4,1.8,38.68,0,1
4465,18,0,3,3,7.48,21,1,2,0,1,0,0,2.71,2,88.33,1,1,3.2,35.91,0,1
4466,16,0,0,2,16.21,30,1,2,1,1,1,1,2.25,3,83.33,2,4,3.2,20.4,0,1
4467,17,0,1,2,11.37,29,1,1,1,0,1,1,3.36,1,83.89,1,3,2.6,28.71,0,2
4468,16,0,1,3,2.17,0,0,2,1,0,1,0,3.45,1,100.0,0,2,1.2,43.21,0,2
4469,17,1,0,1,7.46,26,0,1,1,0,1,1,3.11,1,85.56,1,3,0.6,42.73,0,2
4470,15,0,0,2,4.85,3,1,2,1,0,0,1,3.04,1,98.33,0,2,3.2,32.38,0,2
4471,18,1,0,1,10.35,18,1,3,1,1,0,0,2.78,2,90.0,1,2,3.8,26.34,0,1
4472,17,1,0,2,16.87,29,1,4,1,1,1,0,3.22,1,83.89,2,3,4.4,14.0,0,2
4473,16,0,1,1,8.73,0,0,2,0,0,1,1,3.15,1,100.0,1,2,1.2,35.76,0,2
4474,18,0,0,2,8.67,15,0,2,1,1,0,0,3.51,0,91.67,1,2,1.2,37.85,0,3
4475,15,0,3,2,18.11,18,1,2,0,0,1,1,3.19,1,90.0,2,2,3.2,18.34,0,2
4476,17,0,2,0,11.52,30,0,1,1,1,1,1,2.52,2,83.33,1,4,0.6,37.41,0,1
4477,17,1,0,1,11.32,19,0,3,1,0,0,0,3.17,1,89.44,1,1,1.8,35.94,0,2
4478,17,1,2,3,5.24,20,0,3,0,1,0,0,1.77,4,88.89,1,1,1.8,47.23,0,0
4479,18,0,2,2,12.15,21,1,1,1,1,0,0,3.57,0,88.33,1,2,2.6,28.15,0,3
4480,16,1,3,4,11.52,17,0,3,0,0,0,1,3.33,1,90.56,1,1,1.8,34.9,0,2
4481,16,1,0,3,7.94,1,0,3,1,1,1,1,3.39,1,99.44,1,4,1.8,28.61,0,2
4482,17,1,0,0,19.81,5,0,1,1,1,0,0,3.36,1,97.22,2,2,0.6,25.08,0,2
4483,15,0,3,3,17.64,20,0,3,0,0,0,1,3.47,1,88.89,2,1,1.8,27.48,0,2
4484,15,1,3,1,14.99,0,1,2,0,0,1,1,4.0,0,100.0,1,2,3.2,16.72,0,3
4485,16,0,2,3,10.75,18,0,3,0,1,1,0,2.72,2,90.0,1,2,1.8,35.08,0,1
4486,15,0,2,4,9.24,26,0,2,1,1,0,1,3.3,1,85.56,1,3,1.2,37.3,0,2
4487,16,1,0,2,3.7,4,0,0,1,1,0,1,2.92,2,97.78,0,3,0.0,46.35,0,1
4488,17,1,1,3,6.11,30,0,3,0,0,1,1,2.2,3,83.33,1,2,1.8,44.52,0,1
4489,16,0,0,1,15.48,28,0,3,0,0,0,0,3.28,1,84.44,2,0,1.8,34.71,0,2
4490,16,1,0,2,9.07,27,1,3,1,1,0,0,2.99,2,85.0,1,2,3.8,29.16,0,1
4491,17,1,2,4,17.65,27,1,1,1,0,1,0,3.17,1,85.0,2,2,2.6,23.44,0,2
4492,15,0,0,1,2.96,1,0,3,1,1,0,0,3.01,1,99.44,0,2,1.8,40.79,0,2
4493,16,0,1,1,10.17,0,0,2,1,1,0,1,3.27,1,100.0,1,3,1.2,31.16,0,2
4494,16,0,3,2,12.94,15,0,3,0,1,0,0,3.37,1,91.67,1,1,1.8,32.63,0,2
4495,17,0,0,3,10.34,24,1,3,1,0,0,0,2.71,2,86.67,1,1,3.8,30.19,0,1
4496,15,1,3,2,17.78,30,0,2,0,0,1,0,2.71,2,83.33,2,1,1.2,33.88,0,1
4497,16,1,3,4,19.79,20,0,2,0,0,0,0,3.56,0,88.89,2,0,1.2,29.8,0,3
4498,17,0,1,1,2.32,1,1,3,0,0,0,0,2.5,2,99.44,0,0,3.8,38.77,0,1
4499,16,0,0,2,2.6,25,0,3,1,1,1,0,3.1,1,86.11,0,3,1.8,43.18,0,2
4500,18,0,0,3,2.61,3,0,4,0,1,1,0,3.04,1,98.33,0,2,2.4,38.81,0,2
4501,17,1,1,1,13.62,2,0,2,1,0,1,0,3.61,0,98.89,1,2,1.2,28.88,0,3
4502,15,0,0,3,7.45,22,0,3,1,0,0,1,3.04,1,87.78,1,2,1.8,39.18,0,2
4503,15,1,0,1,14.67,16,1,3,1,0,0,1,2.88,2,91.11,1,2,3.8,20.3,0,1
4504,15,0,3,1,8.11,14,1,3,1,0,0,0,2.72,2,92.22,1,1,3.8,31.01,0,1
4505,15,0,0,1,12.55,9,0,3,0,1,0,0,2.65,2,95.0,1,1,1.8,33.76,0,1
4506,16,0,2,4,15.4,11,0,1,1,0,0,0,2.45,3,93.89,2,1,0.6,36.54,0,1
4507,16,1,0,2,10.96,11,0,2,0,1,1,1,3.0,1,93.89,1,3,1.2,32.98,0,2
4508,15,1,1,3,10.79,19,0,2,0,1,1,1,2.95,2,89.44,1,3,1.2,34.88,0,1
4509,15,1,3,2,1.76,6,0,2,1,1,0,0,3.08,1,96.67,0,2,1.2,45.81,0,2
4510,15,0,0,2,8.22,26,0,2,1,0,0,1,2.46,3,85.56,1,2,1.2,43.17,0,1
4511,16,1,0,2,10.92,9,0,2,1,1,0,1,3.27,1,95.0,1,3,1.2,31.97,0,2
4512,15,1,2,4,9.24,28,0,2,0,1,0,0,3.22,1,84.44,1,1,1.2,42.89,0,2
4513,15,0,2,3,18.02,4,0,2,0,0,0,0,4.0,0,97.78,2,0,1.2,27.8,0,3
4514,18,0,2,3,18.13,19,0,3,0,0,0,1,2.63,2,89.44,2,1,1.8,28.78,0,1
4515,18,1,0,0,16.44,19,0,1,1,1,1,0,3.43,1,89.44,2,3,0.6,29.34,0,2
4516,15,1,0,2,7.51,10,0,2,0,0,0,0,3.0,1,94.44,1,0,1.2,44.6,0,2
4517,17,1,3,2,14.35,27,0,3,0,0,0,1,2.95,2,85.0,1,1,1.8,34.26,0,1
4518,15,1,3,4,7.91,29,0,2,0,0,1,1,2.48,3,83.89,1,2,1.2,44.1,0,1
4519,18,0,1,1,4.65,1,1,3,1,0,0,1,3.71,0,99.44,0,2,3.8,27.84,0,3
4520,17,0,2,1,6.86,23,0,2,1,0,1,0,2.73,2,87.22,1,2,1.2,43.62,0,1
4521,17,0,1,2,1.42,15,0,3,1,1,0,1,2.11,3,91.67,0,3,1.8,45.18,0,1
4522,15,1,1,1,6.64,11,0,2,1,1,0,1,1.95,4,93.89,1,3,1.2,41.01,0,0
4523,18,1,0,1,9.21,15,1,2,0,1,0,1,2.96,2,91.67,1,2,3.2,29.46,0,1
4524,18,0,1,4,19.11,3,1,2,0,0,1,1,3.78,0,98.33,2,2,3.2,12.7,0,3
4525,17,0,1,2,6.27,1,0,1,0,0,0,0,2.54,2,99.44,1,0,0.6,48.28,0,1
4526,15,1,0,4,18.05,24,1,3,1,0,0,1,3.05,1,86.67,2,2,3.8,17.21,0,2
4527,16,1,1,3,4.58,29,1,3,1,1,0,1,3.31,1,83.89,0,3,3.8,31.87,0,2
4528,16,0,2,1,3.82,29,0,3,1,0,0,0,2.3,3,83.89,0,1,1.8,49.43,0,1
4529,18,0,2,2,10.38,28,1,2,1,1,0,1,3.07,1,84.44,1,3,3.2,27.75,0,2
4530,16,0,1,1,13.45,27,0,3,0,0,1,1,2.5,2,85.0,1,2,1.8,34.01,0,1
4531,18,1,3,4,0.89,9,0,2,1,1,0,0,3.4,1,95.0,0,2,1.2,46.68,0,2
4532,18,1,0,2,4.42,12,1,1,1,1,0,1,3.03,1,93.33,0,3,2.6,34.92,0,2
4533,18,1,1,2,9.11,22,1,2,0,0,0,1,2.9,2,87.78,1,1,3.2,33.59,0,1
4534,16,1,2,2,6.62,30,0,3,1,1,0,0,3.28,1,83.33,1,2,1.8,41.18,0,2
4535,18,1,1,2,14.25,18,0,4,1,0,1,0,2.34,3,90.0,1,2,2.4,28.93,0,1
4536,17,1,0,1,10.22,14,1,1,1,1,0,1,3.25,1,92.22,1,3,2.6,27.5,0,2
4537,15,0,0,2,3.21,22,1,4,0,1,0,0,2.08,3,87.78,0,1,4.4,37.56,0,1
4538,15,0,3,3,17.89,0,0,3,0,0,1,0,3.47,1,100.0,2,1,1.8,23.28,0,2
4539,18,1,1,3,5.86,27,0,2,0,1,0,0,2.63,2,85.0,1,1,1.2,48.4,0,1
4540,15,0,3,2,14.62,16,0,3,0,0,1,0,3.2,1,91.11,1,1,1.8,31.15,0,2
4541,16,1,1,2,15.6,19,0,1,1,0,0,0,1.99,4,89.44,2,1,0.6,38.99,0,0
4542,16,0,2,4,19.26,3,1,3,1,0,0,1,3.76,0,98.33,2,2,3.8,9.84,0,3
4543,15,1,2,1,9.97,19,0,3,1,0,0,0,3.42,1,89.44,1,1,1.8,37.0,0,2
4544,16,0,2,4,12.32,8,1,2,0,0,0,1,2.97,2,95.56,1,1,3.2,26.68,0,1
4545,15,0,0,1,6.7,5,1,4,0,1,1,0,2.88,2,97.22,1,2,4.4,25.4,0,1
4546,15,1,1,3,13.56,2,0,1,1,1,1,1,2.95,2,98.89,1,4,0.6,28.34,0,1
4547,15,1,2,2,9.27,21,0,3,1,1,0,1,3.28,1,88.33,1,3,1.8,33.62,0,2
4548,18,0,0,2,8.75,1,0,0,0,1,0,1,2.53,2,99.44,1,2,0.0,42.93,0,1
4549,15,0,0,4,17.11,17,0,3,1,1,0,0,3.01,1,90.56,2,2,1.8,26.21,0,2
4550,18,1,0,1,1.0,22,0,3,0,0,0,1,2.94,2,87.78,0,1,1.8,50.0,1,1
4551,15,0,3,2,17.64,29,0,3,1,0,1,0,2.5,2,83.89,2,2,1.8,29.16,0,1
4552,15,1,0,2,17.04,18,0,2,0,1,0,1,3.48,1,90.0,2,2,1.2,28.05,0,2
4553,15,1,1,3,10.13,6,0,4,1,0,0,1,2.95,2,96.67,1,2,2.4,30.22,0,1
4554,16,0,1,1,9.8,2,0,2,0,0,0,0,2.92,2,98.89,1,0,1.2,40.38,0,1
4555,18,1,1,3,7.24,27,0,2,1,0,0,1,3.09,1,85.0,1,2,1.2,43.02,0,2
4556,18,0,2,2,19.88,27,1,2,0,0,0,1,3.46,1,85.0,2,1,3.2,19.7,0,2
4557,15,0,0,1,2.22,17,0,3,1,1,0,0,2.46,3,90.56,0,2,1.8,46.2,0,1
4558,15,1,1,3,11.8,19,1,2,1,1,1,0,2.62,2,89.44,1,3,3.2,25.35,0,1
4559,16,0,2,1,13.63,30,1,2,1,0,0,0,3.49,1,83.33,1,1,3.2,28.03,0,2
4560,16,1,2,2,18.69,19,1,3,0,1,0,0,3.1,1,89.44,2,1,3.8,17.81,0,2
4561,16,1,0,1,15.6,18,1,3,1,1,0,1,3.37,1,90.0,2,3,3.8,15.8,0,2
4562,18,1,3,2,12.88,8,0,1,0,1,1,0,3.32,1,95.56,1,2,0.6,34.43,0,2
4563,18,0,2,3,2.34,15,0,2,0,0,0,1,2.33,3,91.67,0,1,1.2,51.21,1,1
4564,18,1,3,2,7.47,5,0,1,1,0,0,0,2.2,3,97.22,1,1,0.6,45.91,0,1
4565,15,0,1,2,2.78,20,0,4,0,0,1,1,3.04,1,88.89,0,2,2.4,41.9,0,2
4566,18,1,1,2,17.62,28,0,3,1,1,0,1,2.22,3,84.44,2,3,1.8,27.19,0,1
4567,17,1,3,1,14.99,11,0,3,1,0,1,0,2.57,2,93.89,1,2,1.8,28.79,0,1
4568,17,1,3,2,15.15,27,0,3,1,1,1,0,3.21,1,85.0,2,3,1.8,27.61,0,2
4569,16,0,1,4,13.05,5,0,2,0,0,1,0,3.36,1,97.22,1,1,1.2,33.31,0,2
4570,18,0,0,4,10.14,12,0,2,0,0,1,0,3.15,1,93.33,1,1,1.2,38.83,0,2
4571,17,1,0,1,3.0,26,0,2,1,1,1,1,2.24,3,85.56,0,4,1.2,45.25,0,1
4572,16,1,0,0,6.59,23,0,1,0,0,0,0,3.01,1,87.22,1,0,0.6,50.98,1,2
4573,18,0,0,4,2.74,4,1,4,1,0,0,1,2.79,2,97.78,0,2,4.4,30.38,0,1
4574,15,0,0,2,14.5,28,1,2,0,1,1,1,1.9,4,84.44,1,3,3.2,25.53,0,0
4575,17,0,3,2,3.2,30,0,4,0,0,1,0,1.68,4,83.33,0,1,2.4,49.23,0,0
4576,15,1,0,3,14.04,12,1,4,1,0,1,0,3.39,1,93.33,1,2,4.4,16.31,0,2
4577,18,0,2,2,13.85,19,0,3,1,0,1,0,2.91,2,89.44,1,2,1.8,30.93,0,1
4578,17,1,0,2,9.19,6,0,3,0,1,0,1,3.39,1,96.67,1,2,1.8,33.02,0,2
4579,18,0,0,4,2.7,11,0,1,0,0,1,1,3.04,1,93.89,0,2,0.6,48.44,0,2
4580,15,1,0,3,6.3,29,1,2,1,1,1,0,2.69,2,83.89,1,3,3.2,33.99,0,1
4581,17,1,0,1,6.4,20,0,3,0,0,1,0,1.95,4,88.89,1,1,1.8,45.33,0,0
4582,15,1,2,1,14.01,3,0,0,0,0,0,0,2.58,2,98.33,1,0,0.0,41.62,0,1
4583,18,0,3,1,2.27,29,1,0,0,0,1,0,2.07,3,83.89,0,1,2.0,51.04,1,1
4584,18,0,0,3,16.58,4,0,3,1,0,0,0,4.0,0,97.78,2,1,1.8,24.37,0,3
4585,15,0,1,1,15.22,15,1,4,1,0,0,1,3.13,1,91.67,2,2,4.4,16.07,0,2
4586,17,1,1,0,3.73,26,0,4,1,1,0,0,3.02,1,85.56,0,2,2.4,41.93,0,2
4587,15,1,3,4,14.38,3,0,1,0,0,1,0,3.21,1,98.33,1,1,0.6,34.36,0,2
4588,18,0,2,1,13.37,7,1,4,0,0,1,1,3.23,1,96.11,1,2,4.4,16.57,0,2
4589,15,1,1,0,14.96,15,0,3,1,1,0,1,2.69,2,91.67,1,3,1.8,26.81,0,1
4590,18,1,2,1,3.78,7,1,3,0,0,0,1,3.19,1,96.11,0,1,3.8,33.89,0,2
4591,15,1,2,1,3.15,16,1,2,0,0,1,1,2.21,3,91.11,0,2,3.2,39.1,0,1
4592,17,0,0,2,4.73,13,1,3,1,0,1,0,2.91,2,92.78,0,2,3.8,32.07,0,1
4593,17,1,1,4,7.32,11,0,3,0,0,0,1,3.01,1,93.89,1,1,1.8,39.78,0,2
4594,15,0,3,4,15.87,2,0,3,1,0,1,1,3.46,1,98.89,2,3,1.8,21.22,0,2
4595,15,0,2,2,14.76,26,0,2,1,0,0,1,2.32,3,85.56,1,2,1.2,35.35,0,1
4596,17,0,1,2,18.51,19,0,3,1,0,1,0,2.83,2,89.44,2,2,1.8,25.3,0,1
4597,18,0,1,2,1.17,1,1,4,0,0,1,0,3.24,1,99.44,0,1,4.4,33.13,0,2
4598,17,0,0,1,0.23,29,0,4,1,0,0,0,2.51,2,83.89,0,1,2.4,50.67,1,1
4599,18,1,1,1,13.98,12,1,2,1,1,0,1,3.7,0,93.33,1,3,3.2,18.56,0,3
4600,15,0,2,4,5.59,20,1,2,1,1,0,0,2.76,2,88.89,1,2,3.2,35.46,0,1
4601,15,0,1,1,6.68,10,1,2,1,1,0,1,2.34,3,94.44,1,3,3.2,30.7,0,1
4602,18,0,2,1,10.94,23,1,3,1,0,1,0,2.63,2,87.22,1,2,3.8,26.95,0,1
4603,15,1,3,2,2.05,11,1,3,1,0,0,1,2.37,3,93.89,0,2,3.8,36.38,0,1
4604,18,1,0,2,12.85,17,1,2,0,1,1,1,3.8,0,90.56,1,3,3.2,20.7,0,3
4605,16,1,1,0,6.5,29,1,4,1,1,1,0,3.11,1,83.89,1,3,4.4,27.24,0,2
4606,17,1,1,1,12.65,8,1,3,1,1,1,1,3.39,1,95.56,1,4,3.8,14.99,0,2
4607,16,0,2,2,16.68,28,1,2,1,0,1,0,3.1,1,84.44,2,2,3.2,22.3,0,2
4608,18,0,0,3,3.42,6,1,2,0,0,0,0,2.9,2,96.67,0,0,3.2,40.1,0,1
4609,17,1,1,1,18.62,5,0,1,1,1,0,0,2.38,3,97.22,2,2,0.6,29.02,0,1
4610,18,1,3,2,10.61,23,0,3,0,1,0,1,2.54,2,87.22,1,2,1.8,36.68,0,1
4611,17,1,1,2,18.46,13,0,1,1,0,1,0,1.77,4,92.78,2,2,0.6,32.3,0,0
4612,17,1,3,4,4.15,17,0,3,1,1,1,0,3.17,1,90.56,0,3,1.8,39.51,0,2
4613,17,0,3,2,12.09,13,0,3,0,0,0,0,2.98,2,92.78,1,0,1.8,36.78,0,1
4614,17,1,0,1,8.08,4,1,2,1,1,0,1,3.1,1,97.78,1,3,3.2,25.88,0,2
4615,18,1,0,2,15.48,19,1,1,0,0,1,0,2.56,2,89.44,2,1,2.6,28.63,0,1
4616,17,1,3,3,12.12,23,0,3,0,1,0,0,2.77,2,87.22,1,1,1.8,36.72,0,1
4617,17,1,3,1,9.89,12,1,2,0,1,0,1,3.25,1,93.33,1,2,3.2,27.3,0,2
4618,16,1,0,2,18.26,0,1,4,0,0,0,1,3.73,0,100.0,2,1,4.4,10.35,0,3
4619,15,1,0,0,7.54,11,1,2,0,0,1,0,2.28,3,93.89,1,1,3.2,34.97,0,1
4620,15,1,0,0,4.4,18,1,1,0,0,1,0,2.21,3,90.0,0,1,2.6,43.16,0,1
4621,16,0,3,2,12.16,9,0,3,1,0,0,0,3.34,1,95.0,1,1,1.8,32.52,0,2
4622,16,0,0,1,12.48,23,0,3,0,1,1,1,2.65,2,87.22,1,3,1.8,31.57,0,1
4623,18,0,1,3,8.78,4,0,1,1,0,1,0,3.83,0,97.78,1,2,0.6,37.5,0,3
4624,18,0,2,3,9.73,19,0,2,1,0,1,0,2.29,3,89.44,1,2,1.2,40.35,0,1
4625,18,0,0,2,19.19,5,0,3,1,1,0,0,3.18,1,97.22,2,2,1.8,20.85,0,2
4626,16,0,1,2,14.65,11,1,0,1,0,0,1,2.8,2,93.89,1,2,2.0,27.74,0,1
4627,16,1,0,2,2.21,20,1,0,0,0,0,0,2.36,3,88.89,0,0,2.0,51.14,1,1
4628,17,1,3,0,4.24,2,0,3,0,1,0,1,2.36,3,98.89,0,2,1.8,41.01,0,1
4629,18,0,0,4,19.51,28,0,3,0,1,0,1,2.07,3,84.44,2,2,1.8,27.7,0,1
4630,18,1,2,4,14.53,26,0,3,1,0,0,1,3.19,1,85.56,1,2,1.8,30.73,0,2
4631,18,0,2,1,18.3,13,0,2,0,0,1,1,3.74,0,92.78,2,2,1.2,24.85,0,3
4632,15,1,0,1,6.08,20,1,2,1,1,0,1,2.51,2,88.89,1,3,3.2,32.97,0,1
4633,17,1,0,1,14.84,3,0,3,1,0,0,0,3.26,1,98.33,1,1,1.8,28.2,0,2
4634,18,1,1,3,14.28,16,1,3,1,1,0,1,3.11,1,91.11,1,3,3.8,17.71,0,2
4635,18,1,0,3,5.89,16,1,3,0,1,1,1,2.89,2,91.11,1,3,3.8,28.75,0,1
4636,18,1,2,3,11.02,13,0,2,0,0,0,0,2.55,2,92.78,1,0,1.2,41.92,0,1
4637,15,1,2,3,12.55,14,1,2,0,1,0,0,3.4,1,92.22,1,1,3.2,26.49,0,2
4638,15,0,1,2,9.62,6,0,3,1,0,0,1,3.14,1,96.67,1,2,1.8,33.11,0,2
4639,16,0,1,3,16.54,3,0,2,0,0,0,0,2.83,2,98.33,2,0,1.2,32.38,0,1
4640,17,1,1,3,16.66,16,1,1,1,0,0,0,3.44,1,91.11,2,1,2.6,24.37,0,2
4641,16,0,2,2,17.01,5,1,1,1,0,0,1,3.93,0,97.22,2,2,2.6,18.07,0,3
4642,17,1,1,2,16.07,10,0,4,0,1,0,1,3.77,0,94.44,2,2,2.4,21.52,0,3
4643,15,0,0,3,9.76,11,0,4,0,1,0,1,2.99,2,93.89,1,2,2.4,31.55,0,1
4644,18,1,0,2,7.63,14,0,2,1,0,1,1,2.36,3,92.22,1,3,1.2,39.33,0,1
4645,16,0,1,3,16.63,26,0,2,1,0,0,0,2.37,3,85.56,2,1,1.2,35.39,0,1
4646,18,1,1,3,9.8,11,1,1,1,1,0,0,2.75,2,93.89,1,2,2.6,31.2,0,1
4647,16,0,1,3,4.93,10,0,2,0,0,0,0,2.55,2,94.44,0,0,1.2,48.95,0,1
4648,15,1,0,3,10.15,26,1,2,1,0,0,1,3.26,1,85.56,1,2,3.2,29.67,0,2
4649,15,0,2,2,2.84,16,0,2,0,0,1,0,1.64,4,91.11,0,1,1.2,52.51,1,0
4650,15,1,0,3,13.83,7,1,3,0,1,0,1,3.27,1,96.11,1,2,3.8,18.63,0,2
4651,16,1,0,2,6.72,11,0,2,1,0,1,0,2.53,2,93.89,1,2,1.2,41.96,0,1
4652,17,1,1,1,5.21,28,0,3,1,0,0,1,2.13,3,84.44,1,2,1.8,45.43,0,1
4653,16,0,0,0,19.13,8,0,3,0,1,0,1,3.38,1,95.56,2,2,1.8,21.01,0,2
4654,17,0,1,2,15.54,10,0,1,0,1,1,1,2.64,2,94.44,2,3,0.6,30.69,0,1
4655,16,0,0,2,15.74,2,0,1,1,0,1,0,3.02,1,98.89,2,2,0.6,30.44,0,2
4656,16,1,1,4,12.47,6,1,4,1,1,0,1,3.87,0,96.67,1,3,4.4,13.4,0,3
4657,15,0,1,2,16.78,28,1,3,1,0,0,1,2.83,2,84.44,2,2,3.8,20.12,0,1
4658,18,1,0,2,15.18,30,0,2,0,1,0,0,3.28,1,83.33,2,1,1.2,35.7,0,2
4659,18,0,0,1,11.98,20,0,1,1,1,0,1,2.27,3,88.89,1,3,0.6,38.01,0,1
4660,17,0,3,1,19.22,2,0,4,1,1,1,0,1.94,4,98.89,2,3,2.4,18.1,0,0
4661,18,0,1,3,3.83,20,1,2,1,1,0,1,3.04,1,88.89,0,3,3.2,34.46,0,2
4662,16,0,1,1,18.87,15,0,0,1,0,0,1,2.98,2,91.67,2,2,0.0,31.88,0,1
4663,16,1,0,3,8.03,9,0,4,1,1,1,1,3.61,0,95.0,1,4,2.4,26.78,0,3
4664,15,0,1,3,10.57,22,0,3,0,1,0,0,3.01,1,87.78,1,1,1.8,37.86,0,2
4665,15,0,1,2,2.45,6,0,3,0,0,0,0,3.53,0,96.67,0,0,1.8,46.1,0,3
4666,18,1,1,4,10.8,24,0,0,1,0,0,0,2.75,2,86.67,1,1,0.0,46.79,0,1
4667,17,1,2,2,12.22,23,0,2,1,1,0,1,3.26,1,87.22,1,3,1.2,33.09,0,2
4668,18,0,0,1,19.95,19,0,3,1,1,1,0,3.45,1,89.44,2,3,1.8,19.45,0,2
4669,18,0,0,4,19.5,14,0,3,0,0,0,1,2.91,2,92.22,2,1,1.8,25.39,0,1
4670,18,1,2,4,19.33,20,1,2,0,1,1,1,3.0,1,88.89,2,3,3.2,15.18,0,2
4671,18,1,3,1,6.97,20,1,4,1,0,0,0,2.75,2,88.89,1,1,4.4,30.8,0,1
4672,16,1,0,0,19.83,9,0,2,1,1,1,1,4.0,0,95.0,2,4,1.2,16.51,0,3
4673,17,0,1,1,9.11,11,0,1,0,1,0,1,2.44,3,93.89,1,2,0.6,41.92,0,1
4674,16,0,0,1,17.04,17,1,2,1,1,1,1,3.3,1,90.56,2,4,3.2,14.21,0,2
4675,17,0,0,4,4.33,27,0,3,0,0,1,1,2.69,2,85.0,0,2,1.8,44.93,0,1
4676,15,1,0,2,10.12,22,0,3,1,1,0,1,2.9,2,87.78,1,3,1.8,33.7,0,1
4677,18,1,0,2,19.32,22,1,3,1,0,0,0,3.15,1,87.78,2,1,3.8,17.48,0,2
4678,16,1,2,4,18.94,8,0,1,1,0,1,0,2.98,2,95.56,2,2,0.6,27.7,0,1
4679,17,0,1,2,13.67,28,0,4,0,1,1,1,2.29,3,84.44,1,3,2.4,29.22,0,1
4680,15,1,0,2,15.96,8,0,2,1,1,0,0,2.6,2,95.56,2,2,1.2,29.65,0,1
4681,15,0,0,4,3.53,3,0,2,1,1,1,0,3.34,1,98.33,0,3,1.2,39.87,0,2
4682,18,1,2,3,14.43,4,1,3,0,1,0,1,3.6,0,97.78,1,2,3.8,16.47,0,3
4683,17,0,0,3,12.36,6,1,2,1,1,1,1,3.36,1,96.67,1,4,3.2,17.77,0,2
4684,16,0,1,2,1.83,25,1,2,1,1,1,0,3.51,0,86.11,0,3,3.2,36.75,0,3
4685,18,1,0,3,2.26,30,1,2,1,0,0,0,3.76,0,83.33,0,1,3.2,41.56,0,3
4686,16,0,1,1,2.17,6,0,2,0,1,0,1,2.23,3,96.67,0,2,1.2,47.42,0,1
4687,15,1,0,2,14.49,10,1,2,1,1,0,1,3.88,0,94.44,1,3,3.2,17.09,0,3
4688,16,0,0,4,2.83,9,1,2,0,1,1,0,2.37,3,95.0,0,2,3.2,37.74,0,1
4689,16,1,0,1,9.35,10,0,2,1,1,0,1,2.62,2,94.44,1,3,1.2,35.75,0,1
4690,18,1,0,3,7.14,23,0,2,1,1,1,1,2.78,2,87.22,1,4,1.2,38.14,0,1
4691,16,0,1,2,11.01,23,0,3,1,1,0,1,3.21,1,87.22,1,3,1.8,32.0,0,2
4692,18,1,2,0,14.13,17,1,1,1,1,0,0,2.21,3,90.56,1,2,2.6,28.3,0,1
4693,15,0,0,3,13.69,11,1,3,0,0,1,1,3.27,1,93.89,1,2,3.8,19.58,0,2
4694,18,1,0,1,10.31,24,0,3,1,0,0,0,2.72,2,86.67,1,1,1.8,39.3,0,1
4695,18,1,1,3,9.29,15,0,3,0,1,0,1,2.18,3,91.67,1,2,1.8,37.67,0,1
4696,17,1,1,1,7.96,26,1,3,1,0,0,0,2.93,2,85.56,1,1,3.8,33.01,0,1
4697,16,1,3,4,17.24,3,0,1,0,1,0,0,3.12,1,98.33,2,1,0.6,31.01,0,2
4698,15,0,1,1,6.62,16,0,1,0,0,0,1,2.83,2,91.11,1,1,0.6,47.53,0,1
4699,18,1,1,1,5.19,16,1,3,1,1,0,0,2.6,2,91.11,1,2,3.8,32.85,0,1
4700,15,1,1,1,14.87,20,1,3,1,1,1,0,2.85,2,88.89,1,3,3.8,18.4,0,1
4701,17,0,3,4,7.2,22,0,2,0,1,1,0,3.85,0,87.78,1,2,1.2,40.2,0,3
4702,16,0,2,3,16.94,4,1,2,0,1,0,1,2.97,2,97.78,2,2,3.2,17.63,0,1
4703,18,0,0,3,6.56,30,1,3,1,1,0,1,2.67,2,83.33,1,3,3.8,31.19,0,1
4704,16,0,0,2,14.04,12,0,3,1,1,1,0,2.8,2,93.33,1,3,1.8,27.1,0,1
4705,17,0,0,2,0.9,2,0,3,0,1,1,1,2.96,2,98.89,0,3,1.8,41.18,0,1
4706,17,0,1,1,7.71,26,0,1,1,1,0,0,2.58,2,85.56,1,2,0.6,46.24,0,1
4707,15,1,2,2,6.86,22,0,1,0,1,0,0,3.11,1,87.78,1,1,0.6,47.7,0,2
4708,18,0,1,1,16.33,16,0,2,0,1,0,1,2.62,2,91.11,2,2,1.2,30.69,0,1
4709,15,1,0,4,19.34,10,0,0,1,0,0,0,2.92,2,94.44,2,1,0.0,32.97,0,1
4710,17,0,2,3,9.22,0,0,4,1,1,0,0,3.35,1,100.0,1,2,2.4,29.19,0,2
4711,16,1,2,2,16.5,27,0,0,0,1,0,1,1.71,4,85.0,2,2,0.0,40.35,0,0
4712,15,1,0,1,13.99,17,0,0,1,1,0,0,3.25,1,90.56,1,2,0.0,37.69,0,2
4713,15,1,2,3,19.35,16,0,1,1,0,1,0,1.3800000000000003,4,91.11,2,2,0.6,32.75,0,0
4714,16,0,1,1,16.22,8,0,3,1,0,0,1,3.46,1,95.56,2,2,1.8,24.45,0,2
4715,15,0,3,1,1.55,19,1,2,1,0,0,1,4.0,0,89.44,0,2,3.2,37.21,0,3
4716,16,0,2,1,14.27,6,0,3,0,0,0,1,3.36,1,96.67,1,1,1.8,29.25,0,2
4717,18,0,1,2,10.71,4,0,4,1,0,0,0,3.48,1,97.78,1,1,2.4,30.28,0,2
4718,16,1,2,3,0.33,29,0,2,1,1,1,0,2.45,3,83.89,0,3,1.2,51.15,1,1
4719,18,0,3,2,5.03,15,1,0,0,1,0,1,2.26,3,91.67,1,2,2.0,41.89,0,1
4720,16,1,1,1,18.44,6,0,3,0,0,0,0,3.53,0,96.67,2,0,1.8,26.11,0,3
4721,17,1,0,2,18.52,12,1,3,1,1,1,0,2.61,2,93.33,2,3,3.8,12.89,0,1
4722,17,0,2,3,15.98,12,1,0,1,1,1,1,2.51,2,93.33,2,4,2.0,21.99,0,1
4723,18,0,0,1,19.64,14,0,2,1,0,0,1,2.78,2,92.22,2,2,1.2,25.77,0,1
4724,18,0,0,1,16.13,22,0,3,1,1,0,0,3.12,1,87.78,2,2,1.8,28.13,0,2
4725,17,1,3,4,0.2,16,1,2,1,0,1,1,2.19,3,91.11,0,3,3.2,40.34,0,1
4726,18,0,2,4,5.76,16,0,2,1,1,1,1,3.16,1,91.11,1,4,1.2,37.56,0,2
4727,16,1,1,4,0.61,26,0,3,0,1,1,0,2.78,2,85.56,0,2,1.8,49.16,0,1
4728,16,0,0,3,1.88,18,0,1,0,1,1,0,2.56,2,90.0,0,2,0.6,52.02,1,1
4729,17,1,0,1,4.38,9,1,3,1,1,0,0,2.1,3,95.0,0,2,3.8,33.75,0,1
4730,15,0,0,1,10.07,1,0,2,1,0,0,0,3.42,1,99.44,1,1,1.2,36.1,0,2
4731,16,0,0,2,16.95,13,0,1,1,1,0,1,2.83,2,92.78,2,3,0.6,29.04,0,1
4732,18,1,2,2,17.24,22,0,3,0,1,0,1,2.9,2,87.78,2,2,1.8,27.3,0,1
4733,15,0,0,4,12.32,2,0,1,1,1,0,0,2.85,2,98.89,1,2,0.6,35.14,0,1
4734,15,0,1,3,18.56,6,1,3,1,1,0,1,2.68,2,96.67,2,3,3.8,11.49,0,1
4735,16,0,0,3,10.0,24,0,2,1,0,0,1,2.21,3,86.67,1,2,1.2,41.19,0,1
4736,16,0,3,1,17.78,27,1,0,1,1,0,1,3.24,1,85.0,2,3,2.0,23.33,0,2
4737,15,0,0,4,9.08,10,0,1,0,1,1,0,3.68,0,94.44,1,2,0.6,38.67,0,3
4738,15,0,0,3,5.54,16,1,3,0,1,0,0,3.2,1,91.11,1,1,3.8,33.41,0,2
4739,17,0,0,1,18.33,14,0,2,1,1,0,1,3.38,1,92.22,2,3,1.2,23.41,0,2
4740,18,1,1,4,7.76,18,1,2,1,1,0,1,3.8,0,90.0,1,3,3.2,27.25,0,3
4741,17,1,1,1,10.07,28,1,2,1,1,0,1,3.53,0,84.44,1,3,3.2,26.99,0,3
4742,16,0,1,1,6.58,10,1,3,1,0,1,0,3.27,1,94.44,1,2,3.8,28.27,0,2
4743,17,0,1,3,13.26,14,0,0,0,0,1,0,2.47,3,92.22,1,1,0.0,42.47,0,1
4744,17,0,0,3,19.9,14,1,4,0,1,0,0,2.4,3,92.22,2,1,4.4,14.35,0,1
4745,17,1,1,1,0.51,5,0,4,0,1,0,1,2.86,2,97.22,0,2,2.4,42.28,0,1
4746,17,1,1,2,18.0,14,1,2,1,0,0,1,3.25,1,92.22,2,2,3.2,17.55,0,2
4747,18,0,0,4,0.08,28,0,2,1,1,1,1,3.79,0,84.44,0,4,1.2,45.42,0,3
4748,18,1,0,3,7.28,8,1,4,1,1,0,1,3.56,0,95.56,1,3,4.4,21.05,0,3
4749,15,0,0,3,3.37,4,0,2,1,0,1,1,3.0,1,97.78,0,3,1.2,41.11,0,2
4750,16,0,0,1,15.15,18,0,4,1,1,1,1,2.58,2,90.0,2,4,2.4,22.2,0,1
4751,17,0,1,1,1.01,23,0,0,0,0,1,0,2.26,3,87.22,0,1,0.0,60.06,1,1
4752,15,0,0,1,11.07,28,0,2,0,0,1,0,3.16,1,84.44,1,1,1.2,40.75,0,2
4753,15,1,0,1,5.9,29,0,4,0,1,0,0,2.44,3,83.89,1,1,2.4,43.75,0,1
4754,15,1,0,1,2.67,27,0,2,1,0,0,0,1.7,4,85.0,0,1,1.2,54.71,1,0
4755,18,0,3,1,15.44,4,0,2,1,0,1,1,2.67,2,97.78,2,3,1.2,26.85,0,1
4756,17,1,3,2,4.35,30,1,3,1,1,1,0,1.98,4,83.33,0,3,3.8,35.67,0,0
4757,17,1,0,2,4.47,21,0,4,1,1,1,1,2.42,3,88.33,0,4,2.4,36.54,0,1
4758,16,0,0,3,5.5,12,1,1,0,1,1,1,2.32,3,93.33,1,3,2.6,35.34,0,1
4759,17,1,0,1,11.74,17,0,4,1,0,1,1,3.21,1,90.56,1,3,2.4,27.19,0,2
4760,17,0,1,2,13.19,19,1,3,1,1,1,0,3.41,1,89.44,1,3,3.8,18.91,0,2
4761,15,0,0,0,0.35,16,0,4,0,0,0,0,3.3,1,91.11,0,0,2.4,48.51,0,2
4762,16,0,2,2,4.84,14,0,3,0,0,0,1,2.71,2,92.22,0,1,1.8,44.22,0,1
4763,17,0,1,1,8.62,13,0,3,1,0,1,0,2.79,2,92.78,1,2,1.8,36.6,0,1
4764,18,1,3,4,6.64,28,1,3,0,1,0,1,3.0,1,84.44,1,2,3.8,32.37,0,2
4765,17,0,0,3,17.68,15,0,1,1,1,0,1,2.71,2,91.67,2,3,0.6,28.81,0,1
4766,15,1,2,2,15.75,3,1,4,0,1,1,0,2.88,2,98.33,2,2,4.4,13.7,0,1
4767,18,0,2,1,12.52,16,1,1,0,0,0,0,2.37,3,91.11,1,0,2.6,34.72,0,1
4768,15,0,0,2,6.76,19,0,0,0,1,0,0,2.78,2,89.44,1,1,0.0,50.8,1,1
4769,17,1,0,3,14.01,13,1,3,1,0,0,1,3.67,0,92.78,1,2,3.8,18.57,0,3
4770,18,0,0,1,16.87,17,1,1,0,1,0,0,4.0,0,90.56,2,1,2.6,22.9,0,3
4771,16,1,0,2,11.9,5,0,3,1,1,1,1,2.63,2,97.22,1,4,1.8,26.34,0,1
4772,16,1,0,3,15.69,21,0,3,0,0,0,0,2.38,3,88.33,2,0,1.8,35.34,0,1
4773,18,0,1,3,14.98,7,1,2,0,0,1,1,2.31,3,96.11,1,2,3.2,22.32,0,1
4774,18,0,1,3,11.43,8,0,1,0,1,0,0,2.98,2,95.56,1,1,0.6,39.59,0,1
4775,15,0,3,4,6.24,23,1,2,0,0,0,1,3.07,1,87.22,1,1,3.2,36.95,0,2
4776,18,0,0,4,14.92,0,0,4,1,0,0,0,3.08,1,100.0,1,1,2.4,25.24,0,2
4777,15,0,3,2,4.14,12,1,3,1,0,0,1,2.17,3,93.33,0,2,3.8,34.46,0,1
4778,17,0,0,2,15.59,2,1,1,0,1,1,0,4.0,0,98.89,2,2,2.6,19.08,0,3
4779,15,1,2,3,16.09,5,1,4,0,0,0,1,3.63,0,97.22,2,1,4.4,14.29,0,3
4780,18,1,0,3,16.44,16,0,2,1,1,0,1,2.41,3,91.11,2,3,1.2,28.58,0,1
4781,18,0,0,4,9.46,7,0,2,1,1,0,1,2.86,2,96.11,1,3,1.2,34.43,0,1
4782,17,1,3,0,3.85,29,0,1,1,0,1,0,3.38,1,83.89,0,2,0.6,49.65,0,2
4783,18,1,0,2,1.99,5,0,2,0,0,1,0,3.22,1,97.22,0,1,1.2,47.48,0,2
4784,18,0,2,1,14.87,15,1,3,0,1,1,1,2.96,2,91.67,1,3,3.8,17.16,0,1
4785,16,0,1,1,17.73,0,0,2,1,1,0,1,2.74,2,100.0,2,3,1.2,23.03,0,1
4786,16,1,1,1,13.02,9,0,3,0,0,0,0,3.63,0,95.0,1,0,1.8,33.22,0,3
4787,17,0,1,3,2.88,17,0,3,1,0,0,0,1.97,4,90.56,0,1,1.8,49.1,0,0
4788,15,1,2,1,18.7,21,0,2,0,0,1,1,3.12,1,88.33,2,2,1.2,27.45,0,2
4789,16,0,0,3,19.78,25,1,3,0,1,1,0,3.39,1,86.11,2,2,3.8,14.39,0,2
4790,15,1,2,3,8.67,13,0,1,0,1,0,1,3.33,1,92.78,1,2,0.6,40.64,0,2
4791,18,1,3,1,11.9,23,1,3,1,1,0,1,3.2,1,87.22,1,3,3.8,21.83,0,2
4792,16,1,0,1,15.54,4,0,2,1,1,0,0,3.38,1,97.78,2,2,1.2,27.45,0,2
4793,17,1,0,3,14.73,16,0,1,0,0,0,1,3.02,1,91.11,1,1,0.6,36.92,0,2
4794,17,0,2,3,19.36,13,0,2,0,0,1,1,3.27,1,92.78,2,2,1.2,24.7,0,2
4795,17,0,1,4,2.3,25,0,4,1,1,0,1,3.65,0,86.11,0,3,2.4,39.45,0,3
4796,16,1,1,4,11.61,17,0,3,0,1,0,0,2.96,2,90.56,1,1,1.8,35.71,0,1
4797,15,1,0,4,13.84,3,1,4,1,1,0,1,3.96,0,98.33,1,3,4.4,10.88,0,3
4798,18,0,1,2,17.8,19,0,2,1,1,1,0,2.75,2,89.44,2,3,1.2,26.62,0,1
4799,15,0,0,4,17.48,22,0,4,0,0,1,1,2.61,2,87.78,2,2,2.4,24.99,0,1
4800,15,1,1,3,19.56,1,1,2,0,0,0,0,3.18,1,99.44,2,0,3.2,18.25,0,2
4801,18,1,2,4,10.24,6,0,3,1,0,0,1,3.01,1,96.67,1,2,1.8,32.66,0,2
4802,18,1,0,0,16.62,6,1,2,0,1,0,0,2.62,2,96.67,2,1,3.2,21.8,0,1
4803,16,1,1,4,8.55,6,0,1,0,1,0,0,2.17,3,96.67,1,1,0.6,44.83,0,1
4804,16,1,3,2,8.45,12,0,3,0,1,0,1,3.49,1,93.33,1,2,1.8,34.87,0,2
4805,16,0,2,3,5.07,18,0,3,1,0,0,1,2.45,3,90.0,1,2,1.8,42.86,0,1
4806,16,1,2,1,16.36,21,0,3,1,1,1,1,2.79,2,88.33,2,4,1.8,23.48,0,1
4807,16,0,1,2,19.72,27,0,2,1,0,0,0,2.53,2,85.0,2,1,1.2,31.32,0,1
4808,18,0,2,1,5.13,5,0,3,0,0,0,0,1.66,4,97.22,1,0,1.8,47.23,0,0
4809,15,0,0,1,1.12,19,1,2,1,0,0,1,3.43,1,89.44,0,2,3.2,39.18,0,2
4810,16,1,0,1,16.31,16,0,0,0,1,0,1,2.28,3,91.11,2,2,0.0,37.02,0,1
4811,16,0,0,3,12.4,24,0,4,0,1,0,1,3.42,1,86.67,1,2,2.4,29.71,0,2
4812,15,0,1,0,19.19,17,0,2,1,0,0,0,2.38,3,90.56,2,1,1.2,30.41,0,1
4813,16,0,2,2,5.04,24,0,4,1,1,0,0,2.79,2,86.67,1,2,2.4,40.48,0,1
4814,15,0,0,1,1.42,23,0,2,0,0,1,1,2.88,2,87.22,0,2,1.2,50.04,1,1
4815,15,1,2,2,9.85,0,0,4,1,0,0,0,2.58,2,100.0,1,1,2.4,32.83,0,1
4816,18,1,2,1,1.71,26,1,3,0,1,1,0,2.38,3,85.56,0,2,3.8,39.69,0,1
4817,17,0,1,1,5.24,22,0,2,1,0,1,0,2.2,3,87.78,1,2,1.2,46.77,0,1
4818,18,0,0,2,2.52,12,0,2,1,0,0,1,2.44,3,93.33,0,2,1.2,47.63,0,1
4819,17,1,1,3,4.48,25,0,3,0,0,0,0,2.96,2,86.11,0,0,1.8,48.68,0,1
4820,17,1,0,1,2.12,18,0,3,0,0,0,1,3.25,1,90.0,0,1,1.8,47.04,0,2
4821,17,1,0,1,19.08,15,0,2,0,1,0,0,2.77,2,91.67,2,1,1.2,29.19,0,1
4822,16,0,3,1,5.57,9,0,3,1,1,0,0,2.95,2,95.0,1,2,1.8,39.23,0,1
4823,18,1,0,4,8.88,12,0,2,1,1,0,0,2.27,3,93.33,1,2,1.2,40.1,0,1
4824,17,0,0,2,17.97,9,0,3,0,0,0,1,4.0,0,95.0,2,1,1.8,23.61,0,3
4825,15,0,3,2,13.55,29,1,4,1,1,0,1,3.23,1,83.89,1,3,4.4,18.13,0,2
4826,16,1,0,1,12.36,29,0,2,1,1,1,0,3.02,1,83.89,1,3,1.2,34.68,0,2
4827,18,0,2,2,14.11,13,1,3,0,1,1,1,2.95,2,92.78,1,3,3.8,17.74,0,1
4828,17,1,0,1,16.58,8,0,2,1,1,0,1,3.59,0,95.56,2,3,1.2,23.9,0,3
4829,15,0,0,0,17.55,20,1,2,1,1,0,0,3.02,1,88.89,2,2,3.2,19.86,0,2
4830,18,1,0,2,12.85,10,1,4,0,0,0,0,3.69,0,94.44,1,0,4.4,21.66,0,3
4831,18,0,0,2,17.8,2,1,2,1,1,0,1,2.93,2,98.89,2,3,3.2,13.77,0,1
4832,16,0,1,1,10.71,7,0,1,0,0,0,1,2.89,2,96.11,1,1,0.6,40.52,0,1
4833,18,1,2,3,5.55,11,0,3,1,0,1,0,1.87,4,93.89,1,2,1.8,42.34,0,0
4834,16,1,1,4,17.6,2,0,3,0,0,0,1,3.67,0,98.89,2,1,1.8,23.53,0,3
4835,17,1,3,2,10.83,6,0,2,0,1,0,0,3.22,1,96.67,1,1,1.2,36.62,0,2
4836,16,1,0,3,18.12,13,0,1,1,0,1,1,2.11,3,92.78,2,3,0.6,29.37,0,1
4837,15,0,1,4,0.8,6,0,1,1,1,0,1,2.2,3,96.67,0,3,0.6,49.44,0,1
4838,16,1,1,3,7.95,6,0,2,0,0,0,1,2.51,2,96.67,1,1,1.2,42.0,0,1
4839,15,1,3,2,18.96,13,0,3,1,1,0,1,3.4,1,92.78,2,3,1.8,19.65,0,2
4840,16,0,0,3,4.99,11,0,2,1,0,1,0,1.3800000000000003,4,93.89,0,2,1.2,47.0,0,0
4841,18,1,1,1,18.83,0,0,3,0,1,1,1,4.0,0,100.0,2,3,1.8,15.78,0,3
4842,17,1,3,2,19.08,26,0,1,1,1,0,1,2.42,3,85.56,2,3,0.6,29.93,0,1
4843,15,0,0,1,17.64,4,0,1,1,0,0,0,4.0,0,97.78,2,1,0.6,28.5,0,3
4844,16,1,3,1,11.27,27,1,0,1,1,0,1,2.61,2,85.0,1,3,2.0,33.05,0,1
4845,16,1,0,2,12.94,10,0,3,1,0,0,0,1.83,4,94.44,1,1,1.8,35.51,0,0
4846,16,1,2,1,17.39,0,1,2,1,1,0,1,2.57,2,100.0,2,3,3.2,14.79,0,1
4847,18,1,3,3,15.52,22,0,4,1,0,1,1,3.06,1,87.78,2,3,2.4,23.82,0,2
4848,18,1,2,2,12.6,12,1,2,1,0,1,1,2.41,3,93.33,1,3,3.2,23.51,0,1
4849,15,1,1,2,19.65,28,0,2,0,1,0,1,2.32,3,84.44,2,2,1.2,29.63,0,1
4850,15,0,0,1,13.71,23,1,2,1,0,1,0,1.63,4,87.22,1,2,3.2,28.72,0,0
4851,18,1,3,1,19.51,22,0,2,0,1,0,0,2.62,2,87.78,2,1,1.2,30.38,0,1
4852,15,0,1,2,1.15,16,1,3,1,1,1,0,3.55,0,91.11,0,3,3.8,33.03,0,3
4853,17,0,0,4,2.78,2,0,4,1,1,0,1,2.75,2,98.89,0,3,2.4,36.63,0,1
4854,17,0,2,1,9.03,30,0,0,1,1,1,0,2.62,2,83.33,1,3,0.0,45.5,0,1
4855,18,0,1,1,7.7,9,0,3,0,1,1,0,2.33,3,95.0,1,2,1.8,38.12,0,1
4856,15,1,0,4,15.65,18,1,3,1,0,0,0,3.7,0,90.0,2,1,3.8,19.91,0,3
4857,16,1,0,1,3.21,30,0,4,0,1,0,0,2.2,3,83.33,0,1,2.4,47.91,0,1
4858,17,1,0,4,19.52,6,1,2,0,1,0,0,3.54,0,96.67,2,1,3.2,15.87,0,3
4859,18,0,1,2,6.3,19,0,1,1,1,0,1,2.2,3,89.44,1,3,0.6,45.09,0,1
4860,15,1,1,2,8.58,27,0,2,0,1,0,1,2.39,3,85.0,1,2,1.2,43.1,0,1
4861,18,1,1,2,5.49,2,0,2,1,1,0,0,2.24,3,98.89,1,2,1.2,42.47,0,1
4862,16,1,2,1,11.59,21,1,3,0,0,0,0,3.67,0,88.33,1,0,3.8,28.15,0,3
4863,17,0,3,2,1.17,11,0,4,1,0,0,1,2.82,2,93.89,0,2,2.4,42.72,0,1
4864,18,0,1,4,2.99,25,1,1,1,0,0,1,2.24,3,86.11,0,2,2.6,43.71,0,1
4865,18,1,0,3,14.92,21,0,3,1,1,1,0,2.84,2,88.33,1,3,1.8,27.65,0,1
4866,18,0,2,3,3.73,9,0,4,1,0,1,0,3.15,1,95.0,0,2,2.4,38.3,0,2
4867,16,0,1,3,4.71,20,0,4,1,1,1,1,3.17,1,88.89,0,4,2.4,34.17,0,2
4868,18,1,1,1,15.86,11,0,3,0,1,0,1,2.75,2,93.89,2,2,1.8,27.26,0,1
4869,16,0,1,3,1.87,14,1,3,0,1,1,0,3.24,1,92.22,0,2,3.8,35.01,0,2
4870,16,0,0,2,8.75,5,0,0,1,1,0,0,2.78,2,97.22,1,2,0.0,43.09,0,1
4871,16,1,3,3,0.46,18,0,4,1,0,1,0,2.3,3,90.0,0,2,2.4,46.27,0,1
4872,17,0,0,2,6.94,29,1,2,1,0,0,0,2.42,3,83.89,1,1,3.2,38.87,0,1
4873,17,0,2,3,13.98,30,0,0,1,1,0,0,2.24,3,83.33,1,2,0.0,42.76,0,1
4874,18,0,0,4,1.8,28,1,2,0,1,1,1,3.59,0,84.44,0,3,3.2,37.18,0,3
4875,18,0,3,2,17.77,25,0,3,0,1,1,1,2.99,2,86.11,2,3,1.8,24.49,0,1
4876,17,0,0,1,18.19,4,1,2,0,1,0,0,3.63,0,97.78,2,1,3.2,16.92,0,3
4877,15,0,0,2,2.1,24,0,3,1,0,0,1,3.13,1,86.67,0,2,1.8,46.03,0,2
4878,17,0,0,2,19.81,19,0,2,1,1,0,0,3.02,1,89.44,2,2,1.2,25.93,0,2
4879,16,0,0,3,5.95,26,0,2,1,0,1,1,3.06,1,85.56,1,3,1.2,42.01,0,2
4880,17,1,0,4,1.68,1,0,2,1,1,0,1,2.96,2,99.44,0,3,1.2,42.74,0,1
4881,16,1,1,2,0.1,20,1,2,0,0,1,0,2.55,2,88.89,0,1,3.2,45.34,0,1
4882,18,1,1,2,8.17,18,0,0,0,0,1,0,2.37,3,90.0,1,1,0.0,49.86,0,1
4883,15,1,0,3,12.6,27,1,2,0,1,1,0,2.64,2,85.0,1,2,3.2,28.35,0,1
4884,18,0,0,1,6.64,30,0,1,0,1,1,0,2.6,2,83.33,1,2,0.6,48.31,0,1
4885,16,1,2,1,16.73,18,0,4,0,1,1,1,2.51,2,90.0,2,3,2.4,22.9,0,1
4886,16,1,2,4,14.33,3,0,3,0,1,0,1,2.7,2,98.33,1,2,1.8,27.74,0,1
4887,16,0,2,3,7.0,27,0,3,1,0,0,0,3.07,1,85.0,1,1,1.8,43.14,0,2
4888,15,0,2,0,14.69,19,0,2,1,1,1,0,3.36,1,89.44,1,3,1.2,28.98,0,2
4889,17,0,0,1,18.81,4,0,2,0,1,0,1,4.0,0,97.78,2,2,1.2,21.81,0,3
4890,18,0,0,3,1.86,6,1,3,1,1,0,1,2.84,2,96.67,0,3,3.8,31.97,0,1
4891,18,0,0,3,6.12,3,0,3,0,1,0,0,2.14,3,98.33,1,1,1.8,41.9,0,1
4892,17,1,2,3,9.27,10,0,1,1,0,0,1,1.89,4,94.44,1,2,0.6,42.91,0,0
4893,18,0,3,1,9.96,22,0,2,0,0,0,1,3.27,1,87.78,1,1,1.2,40.7,0,2
4894,15,1,1,4,10.84,24,1,4,1,1,0,0,3.51,0,86.67,1,2,4.4,22.34,0,3
4895,18,1,0,2,6.01,2,0,2,0,0,0,0,3.1,1,98.89,1,0,1.2,44.67,0,2
4896,16,0,0,3,13.35,4,1,0,1,1,1,0,3.46,1,97.78,1,3,2.0,23.85,0,2
4897,17,1,0,2,12.9,19,0,1,1,0,1,1,3.1,1,89.44,1,3,0.6,34.59,0,2
4898,15,1,1,1,11.56,14,0,3,1,1,0,1,3.85,0,92.22,1,3,1.8,27.97,0,3
4899,17,0,0,4,2.28,24,0,3,1,0,0,1,2.09,3,86.67,0,2,1.8,48.41,0,1
4900,15,1,3,1,9.54,20,0,2,0,1,0,0,2.19,3,88.89,1,1,1.2,43.53,0,1
4901,16,1,0,1,7.12,25,1,1,0,1,1,1,2.86,2,86.11,1,3,2.6,34.49,0,1
4902,17,1,3,3,9.82,17,0,2,0,0,0,1,3.17,1,90.56,1,1,1.2,40.15,0,2
4903,18,0,2,3,18.44,15,0,2,1,0,0,1,2.46,3,91.67,2,2,1.2,28.26,0,1
4904,15,0,2,3,9.61,15,0,2,0,0,0,1,3.23,1,91.67,1,1,1.2,39.87,0,2
4905,17,0,1,2,0.28,9,0,2,0,0,0,1,2.41,3,95.0,0,1,1.2,52.42,1,1
4906,18,1,1,2,8.78,0,1,1,1,0,0,0,3.33,1,100.0,1,1,2.6,31.38,0,2
4907,17,0,1,4,16.41,22,1,3,1,1,1,1,2.57,2,87.78,2,4,3.8,15.07,0,1
4908,17,1,1,0,15.6,10,0,3,0,0,1,0,2.01,3,94.44,2,1,1.8,31.74,0,1
4909,17,0,1,4,10.27,16,0,3,1,0,0,0,3.23,1,91.11,1,1,1.8,36.52,0,2
4910,15,1,3,1,5.0,23,1,2,0,1,0,1,3.64,0,87.22,0,2,3.2,34.58,0,3
4911,18,0,2,3,9.3,14,0,4,0,1,0,1,3.02,1,92.22,1,2,2.4,32.64,0,2
4912,16,0,2,1,11.27,24,1,4,1,0,1,0,3.84,0,86.67,1,2,4.4,20.98,0,3
4913,15,1,3,2,20.0,6,0,2,1,1,0,0,2.51,2,96.67,2,2,1.2,24.44,0,1
4914,15,0,0,4,12.88,24,0,2,1,1,1,0,2.41,3,86.67,1,3,1.2,34.59,0,1
4915,15,1,0,2,13.89,25,1,3,1,0,0,0,3.18,1,86.11,1,1,3.8,24.78,0,2
4916,16,0,1,3,9.83,5,0,3,0,1,1,0,3.36,1,97.22,1,2,1.8,32.1,0,2
4917,18,0,1,3,7.09,14,1,4,1,1,0,1,2.87,2,92.22,1,3,4.4,24.19,0,1
4918,18,1,2,3,16.26,14,0,3,1,1,1,0,3.42,1,92.22,2,3,1.8,23.17,0,2
4919,18,1,1,4,9.9,6,0,2,0,0,0,1,2.75,2,96.67,1,1,1.2,38.96,0,1
4920,17,1,1,2,19.89,2,0,2,1,1,0,0,3.32,1,98.89,2,2,1.2,21.77,0,2
4921,17,0,1,1,9.14,13,0,2,1,0,1,0,2.94,2,92.78,1,2,1.2,38.3,0,1
4922,17,1,0,0,1.36,29,1,4,0,0,0,1,3.45,1,83.89,0,1,4.4,37.81,0,2
4923,16,0,1,1,13.65,8,0,4,1,1,0,1,2.69,2,95.56,1,3,2.4,24.36,0,1
4924,17,1,2,1,0.93,2,0,1,1,0,1,0,2.96,2,98.89,0,2,0.6,49.1,0,1
4925,16,1,0,2,5.01,5,1,3,0,0,0,1,3.47,1,97.22,1,1,3.8,31.26,0,2
4926,18,1,1,1,7.07,19,1,2,0,1,1,0,3.9,0,89.44,1,2,3.2,30.56,0,3
4927,17,1,1,0,14.79,8,0,2,1,1,0,1,3.72,0,95.56,1,3,1.2,25.81,0,3
4928,17,1,0,0,9.88,0,0,4,0,0,0,1,3.41,1,100.0,1,1,2.4,30.72,0,2
4929,15,1,0,3,0.57,8,0,3,1,1,0,0,1.83,4,95.56,0,2,1.8,48.08,0,0
4930,16,0,3,2,12.34,11,1,2,1,1,1,1,3.37,1,93.89,1,4,3.2,18.74,0,2
4931,18,1,0,2,8.23,3,0,2,0,1,0,1,3.51,0,98.33,1,2,1.2,36.07,0,3
4932,15,0,0,4,18.44,25,1,2,1,0,0,1,2.55,2,86.11,2,2,3.2,20.89,0,1
4933,15,1,0,1,9.99,15,0,2,1,1,0,0,2.32,3,91.67,1,2,1.2,39.17,0,1
4934,18,1,2,4,14.18,4,0,1,1,0,0,1,4.0,0,97.78,1,2,0.6,30.32,0,3
4935,15,1,1,3,4.38,26,0,1,1,1,1,1,3.13,1,85.56,0,4,0.6,44.03,0,2
4936,16,0,1,1,15.22,28,0,3,1,1,0,0,1.98,4,84.44,2,2,1.8,33.29,0,0
4937,16,0,0,3,14.42,16,0,3,1,0,1,0,3.03,1,91.11,1,2,1.8,29.33,0,2
4938,17,1,3,3,18.08,29,0,3,0,1,0,0,2.86,2,83.89,2,1,1.8,30.21,0,1
4939,15,0,0,2,0.68,16,0,3,1,1,0,0,3.42,1,91.11,0,2,1.8,45.53,0,2
4940,17,1,0,4,8.95,5,0,4,0,1,0,0,4.0,0,97.22,1,1,2.4,31.38,0,3
4941,15,1,1,1,13.58,25,0,4,0,1,1,1,3.0,1,86.11,1,3,2.4,26.98,0,2
4942,16,0,0,1,1.9,30,0,2,0,1,0,1,1.8,4,83.33,0,2,1.2,53.5,1,0
4943,16,0,3,1,8.21,28,1,2,1,1,1,0,2.45,3,84.44,1,3,3.2,32.01,0,1
4944,16,0,3,1,18.84,30,0,2,1,1,0,0,1.82,4,83.33,2,2,1.2,32.28,0,0
4945,15,0,0,1,8.72,14,1,3,1,1,1,1,2.23,3,92.22,1,4,3.8,23.98,0,1
4946,16,1,3,4,19.71,0,0,4,1,1,1,1,4.0,0,100.0,2,4,2.4,9.45,0,3
4947,15,0,2,1,1.14,12,0,3,1,0,0,0,2.48,3,93.33,0,1,1.8,49.03,0,1
4948,17,0,3,2,14.36,15,0,2,1,1,0,0,2.76,2,91.67,1,2,1.2,32.61,0,1
4949,15,1,0,2,11.62,1,1,3,1,0,1,1,3.26,1,99.44,1,3,3.8,17.75,0,2
4950,17,0,1,4,10.01,28,0,2,1,0,0,1,2.74,2,84.44,1,2,1.2,40.63,0,1
4951,15,0,0,4,19.42,29,0,4,0,1,0,0,3.24,1,83.89,2,1,2.4,24.85,0,2
4952,17,0,2,3,2.59,18,1,3,0,1,0,1,2.37,3,90.0,0,2,3.8,37.06,0,1
4953,16,0,0,4,17.92,22,0,3,0,1,0,1,3.81,0,87.78,2,2,1.8,24.17,0,3
4954,17,1,1,3,13.82,1,0,2,0,0,0,1,2.83,2,99.44,1,1,1.2,32.89,0,1
4955,16,1,0,4,5.18,20,1,2,1,0,0,1,1.99,4,88.89,1,2,3.2,37.89,0,0
4956,16,0,0,3,18.03,24,1,0,1,1,0,0,2.21,3,86.67,2,2,2.0,27.51,0,1
4957,17,0,1,1,8.59,11,1,0,1,1,0,0,2.78,2,93.89,1,2,2.0,35.36,0,1
4958,15,1,3,2,16.28,11,1,0,1,1,0,0,3.49,1,93.89,2,2,2.0,23.97,0,2
4959,15,0,1,3,7.78,25,0,4,0,0,0,0,3.13,1,86.11,1,0,2.4,41.4,0,2
4960,18,0,3,2,17.02,7,1,1,1,1,0,0,3.82,0,96.11,2,2,2.6,18.72,0,3
4961,15,0,0,1,12.73,11,0,1,0,1,1,1,2.21,3,93.89,1,3,0.6,35.47,0,1
4962,18,0,1,2,2.82,23,0,2,1,0,1,1,3.17,1,87.22,0,3,1.2,45.07,0,2
4963,15,0,1,4,12.99,10,0,2,1,0,1,0,3.31,1,94.44,1,2,1.2,31.98,0,2
4964,15,0,0,0,3.83,1,1,4,1,1,0,1,2.94,2,99.44,0,3,4.4,25.56,0,1
4965,16,0,1,3,8.24,0,1,1,1,0,0,1,2.76,2,100.0,1,2,2.6,30.98,0,1
4966,18,0,2,3,3.41,24,0,4,1,0,1,1,2.25,3,86.67,0,3,2.4,41.37,0,1
4967,15,0,1,4,0.44,25,0,2,0,0,1,1,2.76,2,86.11,0,2,1.2,51.96,1,1
4968,18,1,2,4,4.24,27,0,4,1,0,0,0,2.72,2,85.0,0,1,2.4,44.74,0,1
4969,16,1,1,3,10.73,3,1,2,1,0,1,1,2.33,3,98.33,1,3,3.2,24.3,0,1
4970,16,1,0,2,9.63,8,0,3,1,0,0,0,2.81,2,95.56,1,1,1.8,36.81,0,1
4971,18,0,0,1,10.03,26,0,2,0,0,1,1,2.35,3,85.56,1,2,1.2,41.19,0,1
4972,16,0,1,2,4.95,29,0,3,1,1,1,0,3.13,1,83.89,0,3,1.8,40.94,0,2
4973,17,1,0,3,13.7,27,1,3,0,0,0,1,3.12,1,85.0,1,1,3.8,25.55,0,2
4974,17,0,0,4,14.09,26,1,0,0,0,0,1,2.58,2,85.56,1,1,2.0,34.4,0,1
4975,16,1,1,3,7.16,6,1,0,1,0,0,1,2.53,2,96.67,1,2,2.0,36.8,0,1
4976,17,0,1,1,17.62,27,0,4,1,1,0,1,3.05,1,85.0,2,3,2.4,22.19,0,2
4977,15,1,0,2,12.88,21,1,2,1,0,0,1,2.6,2,88.33,1,2,3.2,26.94,0,1
4978,18,1,2,2,14.26,25,0,4,0,0,1,0,2.14,3,86.11,1,1,2.4,33.28,0,1
4979,15,1,1,0,5.55,28,0,3,1,0,1,1,2.65,2,84.44,1,3,1.8,41.2,0,1
4980,18,0,0,1,0.01,24,1,2,1,1,1,0,2.49,3,86.67,0,3,3.2,41.38,0,1
4981,16,1,2,1,17.31,9,0,1,1,1,1,1,2.92,2,95.0,2,4,0.6,25.09,0,1
4982,15,0,1,3,16.45,19,1,4,1,0,0,1,3.28,1,89.44,2,2,4.4,14.93,0,2
4983,16,0,1,1,2.46,13,0,3,1,1,1,0,2.97,2,92.78,0,3,1.8,41.35,0,1
4984,16,0,1,1,7.48,0,0,1,1,0,1,1,2.23,3,100.0,1,3,0.6,39.85,0,1
4985,18,0,0,4,13.23,4,0,3,1,0,1,0,2.83,2,97.78,1,2,1.8,28.98,0,1
4986,18,0,2,2,13.04,12,0,1,1,1,0,0,3.59,0,93.33,1,2,0.6,34.33,0,3
4987,18,0,0,0,17.21,5,0,4,1,1,1,0,3.78,0,97.22,2,3,2.4,16.6,0,3
4988,15,0,3,1,2.81,21,0,1,0,1,1,0,3.41,1,88.33,0,2,0.6,49.32,0,2
4989,17,1,2,1,8.6,27,1,2,0,0,0,0,3.01,1,85.0,1,0,3.2,37.43,0,2
4990,18,1,1,1,1.94,16,1,1,1,1,0,0,2.96,2,91.11,0,2,2.6,41.47,0,1
4991,18,1,0,1,7.79,14,0,1,1,0,1,1,2.62,2,92.22,1,3,0.6,41.21,0,1
4992,15,0,0,2,0.3,6,0,2,0,0,0,0,1.91,4,96.67,0,0,1.2,55.56,1,0
4993,18,0,0,1,17.97,7,0,3,1,1,0,1,3.52,0,96.11,2,3,1.8,19.42,0,3
4994,15,0,1,2,10.54,27,0,3,1,1,0,1,2.67,2,85.0,1,3,1.8,34.72,0,1
4995,16,0,0,4,17.0,20,0,3,1,0,1,1,2.24,3,88.89,2,3,1.8,26.36,0,1
4996,18,1,1,2,1.2,1,0,2,1,1,1,1,3.15,1,99.44,0,4,1.2,40.37,0,2
4997,18,0,0,4,4.55,17,0,3,0,1,1,1,3.39,1,90.56,0,3,1.8,38.46,0,2
4998,16,1,3,2,5.19,26,1,4,1,1,0,0,2.39,3,85.56,1,2,4.4,32.59,0,1
4999,16,0,0,2,7.73,20,0,2,1,0,1,1,2.5,2,88.89,1,3,1.2,40.02,0,1
5000,16,1,3,3,16.06,22,0,2,0,1,0,0,3.04,1,87.78,2,1,1.2,33.65,0,2
5001,18,0,3,1,7.73,6,0,2,1,1,1,1,2.45,3,96.67,1,4,1.2,34.92,0,1
5002,17,1,1,1,4.09,28,0,2,1,0,1,1,2.34,3,84.44,0,3,1.2,46.53,0,1
5003,17,0,2,3,1.3,19,1,2,1,0,0,0,2.81,2,89.44,0,1,3.2,43.0,0,1
5004,17,1,1,2,1.59,26,0,3,1,0,0,0,2.86,2,85.56,0,1,1.8,50.23,1,1
5005,18,0,1,3,15.2,15,1,4,1,1,0,0,3.27,1,91.67,2,2,4.4,15.74,0,2
5006,16,1,0,4,8.9,29,0,2,1,1,0,1,2.93,2,83.89,1,3,1.2,39.23,0,1
5007,18,1,0,2,14.52,18,0,3,1,0,1,0,2.83,2,90.0,1,2,1.8,30.09,0,1
5008,16,0,1,2,13.65,8,1,1,1,0,0,0,3.13,1,95.56,1,1,2.6,27.35,0,2
5009,18,1,1,2,2.71,11,1,2,0,1,0,0,2.99,2,93.89,0,1,3.2,39.23,0,1
5010,18,0,1,4,2.86,13,0,3,1,1,1,0,1.62,4,92.78,0,3,1.8,44.22,0,0
5011,16,0,0,3,15.11,29,0,2,1,0,0,0,2.38,3,83.89,2,1,1.2,37.85,0,1
5012,17,0,0,4,14.43,6,1,1,1,0,1,1,3.83,0,96.67,1,3,2.6,19.23,0,3
5013,16,1,0,1,7.56,1,0,3,1,1,1,0,2.01,3,99.44,1,3,1.8,35.04,0,1
5014,15,1,0,3,1.55,16,0,3,1,0,0,1,2.89,2,91.11,0,2,1.8,45.77,0,1
5015,15,0,0,1,0.24,10,0,3,0,0,1,1,3.36,1,94.44,0,2,1.8,45.06,0,2
5016,16,0,0,1,5.76,17,0,1,1,1,1,1,3.15,1,90.56,1,4,0.6,40.5,0,2
5017,18,1,0,4,0.18,28,0,1,1,1,1,0,2.8,2,84.44,0,3,0.6,52.99,1,1
5018,15,1,2,0,4.6,11,0,2,1,1,0,1,3.52,0,93.89,0,3,1.2,39.63,0,3
5019,15,1,0,4,8.39,2,1,0,1,0,0,0,3.66,0,98.89,1,1,2.0,34.16,0,3
5020,18,0,2,1,2.43,20,0,3,1,1,0,1,2.39,3,88.89,0,3,1.8,44.19,0,1
5021,18,0,0,3,2.09,13,0,3,0,0,0,0,3.07,1,92.78,0,0,1.8,49.06,0,2
5022,17,0,3,1,17.93,14,1,3,1,0,1,0,2.5,2,92.22,2,2,3.8,16.79,0,1
5023,18,0,1,2,11.71,18,0,4,1,1,0,0,3.43,1,90.0,1,2,2.4,29.38,0,2
5024,16,0,0,1,18.69,9,0,1,1,0,0,1,2.96,2,95.0,2,2,0.6,28.26,0,1
5025,16,1,1,2,6.92,8,1,3,1,1,0,1,3.63,0,95.56,1,3,3.8,24.06,0,3
5026,17,0,0,2,13.54,9,0,1,1,0,0,1,3.05,1,95.0,1,2,0.6,34.47,0,2
5027,15,1,1,3,4.09,19,0,1,1,0,0,1,3.06,1,89.44,0,2,0.6,48.21,0,2
5028,15,1,0,0,12.37,22,0,1,0,0,0,1,2.61,2,87.78,1,1,0.6,42.06,0,1
5029,18,0,3,1,2.59,3,0,4,1,1,1,0,2.81,2,98.33,0,3,2.4,36.91,0,1
5030,16,1,1,1,0.04,18,1,2,0,1,0,1,2.76,2,90.0,0,2,3.2,42.0,0,1
5031,15,0,0,2,18.63,9,1,0,0,0,0,1,2.33,3,95.0,2,1,2.0,26.05,0,1
5032,17,1,2,3,11.1,16,0,3,0,1,0,1,2.88,2,91.11,1,2,1.8,33.85,0,1
5033,17,0,0,4,18.54,29,1,1,1,1,0,0,2.73,2,83.89,2,2,2.6,23.82,0,1
5034,16,0,2,1,6.68,11,0,0,0,0,1,1,1.89,4,93.89,1,2,0.0,49.06,0,0
5035,17,1,1,2,6.56,24,0,3,0,1,1,0,2.29,3,86.67,1,2,1.8,42.56,0,1
5036,17,0,2,3,8.01,28,1,1,1,1,0,1,2.03,3,84.44,1,3,2.6,36.04,0,1
5037,16,1,0,1,14.12,26,1,4,1,1,1,0,2.22,3,85.56,1,3,4.4,19.35,0,1
5038,18,0,2,2,11.32,0,0,3,1,1,1,0,2.9,2,100.0,1,3,1.8,27.92,0,1
5039,18,0,2,2,18.51,10,1,1,1,1,0,1,3.45,1,94.44,2,3,2.6,15.87,0,2
5040,17,0,0,1,0.51,12,0,2,1,0,0,0,1.79,4,93.33,0,1,1.2,54.27,1,0
5041,18,1,0,0,14.16,0,0,3,1,1,0,0,3.11,1,100.0,1,2,1.8,26.34,0,2
5042,18,1,0,1,6.61,30,0,2,0,0,1,0,2.49,3,83.33,1,1,1.2,48.39,0,1
5043,17,0,3,3,3.6,0,1,2,1,0,0,0,3.01,1,100.0,0,1,3.2,35.93,0,2
5044,18,1,0,1,10.21,29,0,3,1,0,0,1,3.02,1,83.89,1,2,1.8,37.14,0,2
5045,17,0,1,1,10.1,20,0,3,0,0,0,1,4.0,0,88.89,1,1,1.8,35.58,0,3
5046,15,1,0,2,2.74,15,0,3,1,1,1,0,3.54,0,91.67,0,3,1.8,39.96,0,3
5047,16,1,0,1,4.04,6,0,4,1,1,0,1,2.61,2,96.67,0,3,2.4,36.18,0,1
5048,16,0,1,1,8.16,22,0,1,1,1,1,1,2.08,3,87.78,1,4,0.6,41.15,0,1
5049,18,0,3,4,8.18,9,1,1,1,0,0,1,2.8,2,95.0,1,2,2.6,32.71,0,1
5050,18,0,1,0,6.35,15,0,3,0,1,1,0,2.94,2,91.67,1,2,1.8,39.45,0,1
5051,18,0,2,3,2.97,0,0,2,1,1,0,1,2.97,2,100.0,0,3,1.2,40.91,0,1
5052,16,0,1,2,0.09,21,0,2,1,0,1,1,2.5,2,88.33,0,3,1.2,49.77,0,1
5053,15,1,0,3,19.4,8,1,3,0,0,1,0,3.45,1,95.56,2,1,3.8,13.91,0,2
5054,15,1,0,2,18.87,5,1,2,1,0,0,0,3.35,1,97.22,2,1,3.2,16.97,0,2
5055,16,0,1,1,9.67,14,1,1,1,1,0,1,2.99,2,92.22,1,3,2.6,28.84,0,1
5056,15,0,3,3,19.9,3,0,3,0,1,1,1,3.87,0,98.33,2,3,1.8,15.35,0,3
5057,16,0,3,2,13.47,14,1,3,1,1,0,0,3.3,1,92.22,1,2,3.8,20.36,0,2
5058,15,1,0,3,1.38,9,0,0,0,0,1,1,2.04,3,95.0,0,2,0.0,54.92,1,1
5059,17,0,0,2,2.35,24,0,3,1,0,0,1,3.0,1,86.67,0,2,1.8,46.05,0,2
5060,17,0,0,4,18.32,15,1,2,0,1,0,0,3.78,0,91.67,2,1,3.2,18.52,0,3
5061,16,1,3,3,12.6,12,1,2,0,0,0,1,3.02,1,93.33,1,1,3.2,26.99,0,2
5062,15,1,3,4,16.86,18,1,1,0,1,0,0,3.23,1,90.0,2,1,2.6,25.03,0,2
5063,18,1,2,2,17.97,28,0,1,1,0,0,0,2.45,3,84.44,2,1,0.6,36.63,0,1
5064,15,1,0,2,8.96,25,0,3,1,1,1,0,2.32,3,86.11,1,3,1.8,37.18,0,1
5065,17,0,1,3,0.97,19,1,2,1,0,1,0,2.38,3,89.44,0,2,3.2,41.99,0,1
5066,17,1,1,4,3.77,3,0,4,1,0,1,0,2.8,2,98.33,0,2,2.4,37.96,0,1
5067,15,1,0,4,1.33,19,0,2,0,1,0,0,3.31,1,89.44,0,1,1.2,50.8,1,2
5068,15,0,1,2,3.77,21,1,4,0,0,1,0,2.78,2,88.33,0,1,4.4,34.92,0,1
5069,18,0,0,3,8.21,28,0,2,1,1,0,1,2.2,3,84.44,1,3,1.2,41.73,0,1
5070,18,0,0,1,2.36,15,1,1,1,0,0,1,2.51,2,91.67,0,2,2.6,41.87,0,1
5071,15,1,3,2,3.33,10,1,1,0,1,0,1,3.12,1,94.44,0,2,2.6,38.17,0,2
5072,15,0,2,1,8.92,30,0,3,1,1,1,0,3.3,1,83.33,1,3,1.8,35.75,0,2
5073,15,1,1,2,6.8,14,0,3,0,1,1,1,3.11,1,92.22,1,3,1.8,35.77,0,2
5074,15,1,1,4,9.35,10,0,3,0,1,0,0,3.0,1,94.44,1,1,1.8,37.08,0,2
5075,16,1,0,1,8.58,22,1,3,0,1,0,0,3.66,0,87.78,1,1,3.8,29.63,0,3
5076,15,0,2,3,12.89,29,0,1,0,0,0,0,2.45,3,83.89,1,0,0.6,45.67,0,1
5077,18,1,2,2,18.74,24,0,1,1,0,0,1,2.65,2,86.67,2,2,0.6,31.89,0,1
5078,17,0,2,1,2.16,29,1,0,0,0,0,1,1.72,4,83.89,0,1,2.0,52.05,1,0
5079,16,0,2,2,1.99,10,0,1,0,1,0,0,2.28,3,94.44,0,1,0.6,53.53,1,1
5080,15,0,0,2,17.06,2,0,3,1,0,0,1,2.69,2,98.89,2,2,1.8,24.16,0,1
5081,17,1,0,1,10.13,23,1,4,1,0,1,0,2.27,3,87.22,1,2,4.4,26.14,0,1
5082,16,1,1,3,15.33,23,1,2,1,0,0,0,2.93,2,87.22,2,1,3.2,25.94,0,1
5083,17,1,0,4,4.31,16,0,3,1,1,0,1,2.59,2,91.11,0,3,1.8,40.57,0,1
5084,15,0,2,1,16.58,4,0,1,1,0,0,1,3.63,0,97.78,2,2,0.6,28.25,0,3
5085,15,1,0,1,18.48,12,0,2,1,1,0,1,3.19,1,93.33,2,3,1.2,23.3,0,2
5086,18,1,0,2,12.71,9,1,2,1,0,1,0,3.46,1,95.0,1,2,3.2,22.67,0,2
5087,15,1,0,3,2.12,4,0,1,1,1,1,0,3.02,1,97.78,0,3,0.6,45.35,0,2
5088,15,1,3,1,17.91,11,1,1,1,1,0,1,2.57,2,93.89,2,3,2.6,19.01,0,1
5089,16,1,0,0,15.85,7,0,2,1,0,0,0,2.85,2,96.11,2,1,1.2,31.47,0,1
5090,18,0,1,2,15.02,23,0,2,1,1,1,0,3.03,1,87.22,2,3,1.2,30.17,0,2
5091,16,0,1,4,0.73,11,0,2,0,1,1,1,1.89,4,93.89,0,3,1.2,48.55,0,0
5092,17,0,0,2,15.98,15,1,2,1,1,0,0,2.22,3,91.67,2,2,3.2,22.85,0,1
5093,15,0,1,2,2.76,1,0,2,1,1,1,0,2.97,2,99.44,0,3,1.2,41.37,0,1
5094,17,1,2,4,4.45,2,0,4,1,0,1,1,3.03,1,98.89,0,3,2.4,33.84,0,2
5095,16,0,1,3,11.54,17,0,3,0,1,0,1,1.3800000000000003,4,90.56,1,2,1.8,37.25,0,0
5096,15,1,3,3,5.3,16,1,4,0,1,1,0,2.12,3,91.11,1,2,4.4,31.19,0,1
5097,15,0,0,2,13.23,1,0,3,0,0,0,1,2.67,2,99.44,1,1,1.8,31.3,0,1
5098,16,0,0,4,12.16,25,1,3,0,1,0,1,3.26,1,86.11,1,2,3.8,24.24,0,2
5099,16,0,3,3,2.16,21,0,1,1,1,0,1,2.26,3,88.33,0,3,0.6,50.51,1,1
5100,16,1,0,4,13.12,11,1,3,0,0,0,1,3.82,0,93.89,1,1,3.8,21.42,0,3
5101,16,1,1,3,18.48,16,1,2,1,0,1,1,2.86,2,91.11,2,3,3.2,15.82,0,1
5102,16,0,2,3,3.22,5,0,1,1,1,0,0,2.49,3,97.22,0,2,0.6,48.0,0,1
5103,15,1,0,1,11.94,16,1,0,0,1,0,1,3.94,0,91.11,1,2,2.0,29.25,0,3
5104,16,0,2,2,6.84,1,0,2,1,0,0,0,3.35,1,99.44,1,1,1.2,40.32,0,2
5105,15,0,0,3,9.19,7,1,2,0,1,1,0,3.64,0,96.11,1,2,3.2,26.23,0,3
5106,15,0,0,1,5.74,13,0,4,1,1,0,0,2.46,3,92.78,1,2,2.4,38.29,0,1
5107,16,1,0,2,7.08,5,0,2,1,0,0,0,2.75,2,97.22,1,1,1.2,42.29,0,1
5108,16,0,2,1,0.58,8,0,4,0,1,0,1,2.8,2,95.56,0,2,2.4,42.92,0,1
5109,18,0,0,3,19.63,0,0,2,0,0,1,0,3.2,1,100.0,2,1,1.2,24.51,0,2
5110,15,0,2,1,12.5,4,0,3,0,1,0,1,3.15,1,97.78,1,2,1.8,29.1,0,2
5111,16,1,3,3,10.01,6,0,3,1,0,0,1,3.15,1,96.67,1,2,1.8,32.6,0,2
5112,16,0,1,3,7.67,8,0,3,1,0,0,1,2.89,2,95.56,1,2,1.8,36.56,0,1
5113,16,1,1,1,10.79,13,1,2,1,1,0,1,2.85,2,92.78,1,3,3.2,24.87,0,1
5114,18,0,1,2,7.6,26,0,3,1,0,0,1,3.32,1,85.56,1,2,1.8,39.07,0,2
5115,18,1,0,1,7.2,8,1,2,1,1,1,0,2.54,2,95.56,1,3,3.2,29.16,0,1
5116,17,0,1,2,9.28,3,1,2,1,1,1,1,2.95,2,98.33,1,4,3.2,22.06,0,1
5117,15,0,1,2,5.52,28,0,3,1,0,1,0,1.83,4,84.44,1,2,1.8,45.79,0,0
5118,17,1,3,1,3.6,19,0,2,0,0,0,0,2.01,3,89.44,0,0,1.2,53.72,1,1
5119,16,1,3,4,11.13,14,0,2,1,0,0,1,2.71,2,92.22,1,2,1.2,36.58,0,1
5120,18,0,3,0,16.86,3,1,0,0,0,0,1,3.1,1,98.33,2,1,2.0,25.17,0,2
5121,18,1,3,3,3.06,2,0,4,0,1,0,0,3.44,1,98.89,0,1,2.4,39.55,0,2
5122,17,0,1,2,0.65,23,1,3,1,1,1,1,3.14,1,87.22,0,4,3.8,33.54,0,2
5123,18,0,2,3,4.94,20,1,1,1,1,1,0,3.42,1,88.89,0,3,2.6,34.85,0,2
5124,16,0,3,2,19.59,22,1,2,0,1,1,0,2.58,2,87.78,2,2,3.2,18.79,0,1
5125,18,1,0,3,16.58,25,0,2,0,0,0,0,2.37,3,86.11,2,0,1.2,37.76,0,1
5126,17,0,3,3,11.92,21,0,2,1,0,1,0,2.25,3,88.33,1,2,1.2,38.1,0,1
5127,16,1,1,3,18.58,13,1,3,0,0,0,0,4.0,0,92.78,2,0,3.8,17.03,0,3
5128,17,0,1,1,8.91,8,1,3,0,0,1,0,3.32,1,95.56,1,1,3.8,27.34,0,2
5129,18,1,2,3,19.67,29,1,3,0,0,0,0,3.47,1,83.89,2,0,3.8,20.1,0,2
5130,17,1,3,1,5.93,18,0,4,1,0,0,1,2.17,3,90.0,1,2,2.4,39.75,0,1
5131,17,0,0,0,4.81,5,0,3,1,1,0,0,2.81,2,97.22,0,2,1.8,39.75,0,1
5132,15,1,2,2,12.76,2,0,3,0,0,1,0,3.41,1,98.89,1,1,1.8,30.23,0,2
5133,18,0,1,2,7.56,17,1,3,1,1,0,0,2.22,3,90.56,1,2,3.8,31.03,0,1
5134,18,0,0,2,12.53,15,0,3,1,0,0,1,2.69,2,91.67,1,2,1.8,32.35,0,1
5135,17,0,2,3,6.1,2,0,4,1,0,1,1,3.36,1,98.89,1,3,2.4,30.95,0,2
5136,15,0,1,2,12.36,1,0,3,1,0,0,1,2.08,3,99.44,1,2,1.8,31.36,0,1
5137,18,0,2,2,5.51,1,1,1,0,0,0,0,3.69,0,99.44,1,0,2.6,37.27,0,3
5138,16,1,0,1,1.02,25,0,4,1,0,0,0,2.82,2,86.11,0,1,2.4,48.13,0,1
5139,17,0,1,3,18.24,26,0,3,1,0,0,0,2.35,3,85.56,2,1,1.8,30.7,0,1
5140,18,1,1,2,17.66,22,0,1,1,0,0,1,2.78,2,87.78,2,2,0.6,32.52,0,1
5141,16,1,1,2,19.42,9,0,3,1,0,0,0,3.42,1,95.0,2,1,1.8,23.24,0,2
5142,18,0,0,3,14.33,14,0,2,1,1,0,0,3.04,1,92.22,1,2,1.2,31.76,0,2
5143,16,1,3,2,13.65,2,0,3,1,0,0,0,3.13,1,98.89,1,1,1.8,29.82,0,2
5144,17,0,1,2,11.18,7,1,4,1,1,0,1,3.23,1,96.11,1,3,4.4,16.81,0,2
5145,18,1,2,2,2.52,28,0,2,0,0,0,1,2.76,2,84.44,0,1,1.2,52.44,1,1
5146,18,1,1,3,3.78,17,1,4,1,1,1,0,3.39,1,90.56,0,3,4.4,27.6,0,2
5147,15,1,0,3,5.79,26,0,3,0,1,1,0,2.99,2,85.56,1,2,1.8,42.16,0,1
5148,17,0,1,1,17.8,10,0,3,0,1,1,1,3.48,1,94.44,2,3,1.8,20.31,0,2
5149,16,1,1,1,3.46,6,0,2,1,0,1,0,2.98,2,96.67,0,2,1.2,43.94,0,1
5150,18,0,1,1,18.46,18,0,1,1,0,1,1,3.16,1,90.0,2,3,0.6,27.3,0,2
5151,18,1,1,3,10.46,24,0,2,1,1,1,0,3.58,0,86.67,1,3,1.2,34.69,0,3
5152,16,1,1,4,14.31,6,1,1,1,0,1,1,3.2,1,96.67,1,3,2.6,20.96,0,2
5153,17,1,0,2,2.2,30,0,2,0,1,0,0,1.48,4,83.33,0,1,1.2,56.43,1,0
5154,15,1,1,1,5.38,24,1,3,1,1,1,1,3.38,1,86.67,1,4,3.8,27.22,0,2
5155,15,0,0,3,19.17,1,0,4,1,1,0,1,3.71,0,99.44,2,3,2.4,13.55,0,3
5156,18,0,0,3,5.32,5,1,1,0,0,0,0,3.19,1,97.22,1,0,2.6,39.53,0,2
5157,16,1,3,4,5.93,4,1,2,0,0,1,1,2.7,2,97.78,1,2,3.2,32.07,0,1
5158,18,1,1,3,3.95,13,0,3,1,0,1,0,1.98,4,92.78,0,2,1.8,44.46,0,0
5159,16,0,2,4,2.58,17,0,2,1,1,0,0,2.82,2,90.56,0,2,1.2,47.57,0,1
5160,15,0,1,0,4.67,3,1,4,1,1,0,1,2.96,2,98.33,0,3,4.4,24.85,0,1
5161,17,0,3,1,12.85,3,0,3,1,0,0,0,3.06,1,98.33,1,1,1.8,31.19,0,2
5162,16,0,1,1,9.11,23,0,3,1,0,1,1,2.43,3,87.22,1,3,1.8,36.33,0,1
5163,15,1,2,3,11.08,12,0,1,1,0,1,1,2.9,2,93.33,1,3,0.6,36.01,0,1
5164,18,1,0,1,2.45,22,1,0,1,1,0,0,2.11,3,87.78,0,2,2.0,46.85,0,1
5165,16,0,3,2,16.04,28,1,2,0,0,1,1,3.63,0,84.44,2,2,3.2,21.78,0,3
5166,17,0,2,2,15.68,20,0,2,0,0,0,0,2.71,2,88.89,2,0,1.2,37.06,0,1
5167,18,0,3,2,0.43,24,1,3,1,0,0,0,3.04,1,86.67,0,1,3.8,41.76,0,2
5168,18,0,0,4,7.67,0,0,2,1,0,1,0,3.33,1,100.0,1,2,1.2,36.63,0,2
5169,15,0,0,1,1.38,19,0,2,1,1,0,1,3.14,1,89.44,0,3,1.2,46.17,0,2
5170,16,0,0,2,15.84,4,1,3,0,0,0,0,3.39,1,97.78,2,0,3.8,20.23,0,2
5171,18,1,0,3,14.75,23,0,2,1,1,0,1,3.32,1,87.22,1,3,1.2,29.78,0,2
5172,17,1,3,0,18.04,2,0,2,0,0,1,1,3.48,1,98.89,2,2,1.2,23.68,0,2
5173,16,1,0,3,4.73,29,0,3,0,1,0,0,3.31,1,83.89,0,1,1.8,45.77,0,2
5174,17,0,0,3,9.13,27,1,2,0,1,0,1,3.13,1,85.0,1,2,3.2,31.47,0,2
5175,18,0,0,4,3.69,20,1,1,1,0,0,1,2.35,3,88.89,0,2,2.6,41.58,0,1
5176,17,0,0,4,7.42,18,1,2,1,0,0,1,2.84,2,90.0,1,2,3.2,32.58,0,1
5177,15,1,0,2,10.44,12,0,3,1,0,1,0,2.33,3,93.33,1,2,1.8,35.28,0,1
5178,17,0,2,2,1.07,6,0,2,0,0,1,0,2.55,2,96.67,0,1,1.2,50.5,1,1
5179,16,0,1,1,14.3,9,0,2,1,1,0,1,2.29,3,95.0,1,3,1.2,30.2,0,1
5180,17,1,0,1,10.87,2,0,2,1,1,1,0,3.39,1,98.89,1,3,1.2,30.37,0,2
5181,17,0,1,1,16.58,22,0,2,0,0,1,0,1.87,4,87.78,2,1,1.2,35.92,0,0
5182,15,1,1,2,5.44,29,1,1,1,1,0,1,2.02,3,83.89,1,3,2.6,39.47,0,1
5183,17,1,0,4,18.07,1,0,3,1,0,1,1,3.59,0,99.44,2,3,1.8,17.95,0,3
5184,17,0,2,2,19.97,6,0,3,0,0,0,0,3.63,0,96.67,2,0,1.8,23.95,0,3
5185,18,1,2,2,18.39,8,1,3,0,1,0,1,2.35,3,95.56,2,2,3.8,15.42,0,1
5186,18,0,2,2,15.56,27,0,2,1,1,1,0,2.95,2,85.0,2,3,1.2,30.47,0,1
5187,16,1,2,2,16.25,20,1,2,0,0,0,1,3.32,1,88.89,2,1,3.2,23.23,0,2
5188,18,0,0,4,11.47,11,0,3,0,0,1,0,2.21,3,93.89,1,1,1.8,36.59,0,1
5189,18,1,3,1,3.8,21,0,3,1,1,0,1,1.7,4,88.33,0,3,1.8,44.4,0,0
5190,18,0,2,3,13.54,28,1,4,1,1,0,0,3.03,1,84.44,1,2,4.4,20.95,0,2
5191,18,1,3,2,14.26,9,1,2,1,1,0,1,3.42,1,95.0,1,3,3.2,18.33,0,2
5192,15,1,0,1,19.71,26,0,2,1,0,0,1,2.58,2,85.56,2,2,1.2,28.51,0,1
5193,18,1,3,2,10.83,18,0,3,1,1,1,1,3.0,1,90.0,1,4,1.8,29.28,0,2
5194,15,0,2,3,5.43,12,1,4,0,0,0,0,3.04,1,93.33,1,0,4.4,32.95,0,2
5195,15,0,2,1,13.67,9,0,4,0,1,1,1,4.0,0,95.0,1,3,2.4,21.25,0,3
5196,18,1,0,1,19.59,4,1,4,1,0,0,0,2.33,3,97.78,2,1,4.4,12.96,0,1
5197,17,0,2,1,3.54,28,0,4,1,0,1,0,2.29,3,84.44,0,2,2.4,44.39,0,1
5198,15,1,3,3,6.52,14,1,3,1,1,1,0,2.83,2,92.22,1,3,3.8,27.73,0,1
5199,17,0,2,3,10.84,20,0,0,1,1,0,0,1.78,4,88.89,1,2,0.0,45.89,0,0
5200,17,1,1,2,3.4,2,0,3,0,0,1,0,3.08,1,98.89,0,1,1.8,42.76,0,2
5201,18,0,3,2,0.44,7,1,2,1,1,0,1,2.59,2,96.11,0,3,3.2,37.29,0,1
5202,16,1,1,4,6.74,5,0,1,0,1,0,1,2.46,3,97.22,1,2,0.6,43.67,0,1
5203,18,1,1,3,17.31,28,1,3,0,0,0,0,2.37,3,84.44,2,0,3.8,25.61,0,1
5204,16,1,1,3,0.87,18,0,3,1,0,0,1,2.7,2,90.0,0,2,1.8,47.48,0,1
5205,16,1,3,3,8.58,16,0,3,1,0,0,0,3.09,1,91.11,1,1,1.8,38.98,0,2
5206,18,0,0,3,15.24,9,0,2,0,0,1,1,2.99,2,95.0,2,2,1.2,29.77,0,1
5207,18,1,1,2,19.06,0,1,2,1,1,1,0,3.91,0,100.0,2,3,3.2,9.35,0,3
5208,16,0,2,4,19.71,12,0,4,1,1,0,0,3.53,0,93.33,2,2,2.4,17.96,0,3
5209,18,0,2,4,8.44,26,0,3,0,1,1,0,3.66,0,85.56,1,2,1.8,37.17,0,3
5210,16,1,1,0,19.01,9,0,2,1,1,0,0,2.48,3,95.0,2,2,1.2,26.33,0,1
5211,17,0,3,1,0.71,11,0,3,1,1,0,0,1.95,4,93.89,0,2,1.8,48.19,0,0
5212,18,0,3,4,14.92,1,0,4,0,0,1,0,3.68,0,99.44,1,1,2.4,23.94,0,3
5213,17,0,0,1,12.85,9,0,2,1,1,0,1,2.81,2,95.0,1,3,1.2,30.71,0,1
5214,15,1,1,4,4.99,20,0,1,0,1,1,1,1.97,4,88.89,0,3,0.6,47.5,0,0
5215,17,0,0,2,10.15,22,0,2,0,0,0,1,2.17,3,87.78,1,1,1.2,43.21,0,1
5216,17,0,0,1,2.59,0,1,2,0,1,1,0,3.34,1,100.0,0,2,3.2,33.87,0,2
5217,16,1,1,1,17.43,0,1,2,1,0,1,0,3.81,0,100.0,2,2,3.2,14.14,0,3
5218,17,1,3,1,7.16,19,0,2,0,1,0,0,2.97,2,89.44,1,1,1.2,44.37,0,1
5219,18,0,2,1,12.52,28,0,2,1,1,0,0,2.65,2,84.44,1,2,1.2,37.72,0,1
5220,16,1,0,2,3.18,25,0,1,1,1,0,0,2.27,3,86.11,0,2,0.6,52.48,1,1
5221,15,0,0,3,4.12,14,0,1,0,0,0,1,2.53,2,92.22,0,1,0.6,51.02,1,1
5222,18,0,1,4,19.84,21,1,4,1,1,0,1,3.5,0,88.33,2,3,4.4,8.03,0,3
5223,15,0,1,2,15.06,24,0,3,1,1,0,0,2.94,2,86.67,2,2,1.8,30.31,0,1
5224,17,1,0,2,19.24,0,0,2,0,1,1,0,2.79,2,100.0,2,2,1.2,23.52,0,1
5225,18,0,3,2,5.92,26,1,2,0,0,0,0,3.12,1,85.56,1,0,3.2,40.31,0,2
5226,18,1,3,2,3.29,25,0,2,1,1,0,0,2.49,3,86.11,0,2,1.2,49.07,0,1
5227,15,1,1,2,10.06,20,0,3,0,0,0,1,1.66,4,88.89,1,1,1.8,41.48,0,0
5228,18,0,3,0,9.89,8,0,3,1,1,0,0,2.26,3,95.56,1,2,1.8,35.36,0,1
5229,18,1,0,0,3.5,23,0,4,0,1,1,1,2.37,3,87.22,0,3,2.4,40.76,0,1
5230,18,1,2,1,14.66,6,0,3,1,1,1,0,3.22,1,96.67,1,3,1.8,24.11,0,2
5231,17,1,1,1,7.24,15,1,4,1,1,0,0,2.98,2,91.67,1,2,4.4,26.42,0,1
5232,15,1,0,3,3.73,15,0,0,1,1,1,0,2.22,3,91.67,0,3,0.0,50.2,1,1
5233,18,1,3,1,6.64,12,1,4,0,1,1,0,3.63,0,93.33,1,2,4.4,24.96,0,3
5234,16,0,1,4,11.27,9,0,3,0,1,1,1,3.51,0,95.0,1,3,1.8,28.21,0,3
5235,16,1,2,4,14.53,17,0,1,0,0,0,1,2.86,2,90.56,1,1,0.6,37.76,0,1
5236,16,0,0,4,9.64,8,0,2,1,1,1,0,2.25,3,95.56,1,3,1.2,35.92,0,1
5237,16,0,0,4,10.51,11,0,2,0,0,1,1,2.83,2,93.89,1,2,1.2,36.47,0,1
5238,17,0,0,1,2.78,28,0,1,0,1,0,0,2.06,3,84.44,0,1,0.6,56.59,1,1
5239,18,0,1,2,18.29,23,0,3,0,0,0,1,2.08,3,87.22,2,1,1.8,30.73,0,1
5240,15,0,2,1,18.57,12,0,3,1,0,0,1,3.35,1,93.33,2,2,1.8,22.57,0,2
5241,18,0,0,3,13.67,10,0,2,1,1,0,0,3.12,1,94.44,1,2,1.2,31.6,0,2
5242,17,1,2,4,0.35,14,0,1,1,1,1,1,2.17,3,92.22,0,4,0.6,49.13,0,1
5243,16,1,2,4,10.74,9,1,4,1,0,1,1,3.47,1,95.0,1,3,4.4,17.15,0,2
5244,17,1,2,2,12.58,9,0,2,0,0,0,1,3.43,1,95.0,1,1,1.2,34.5,0,2
5245,18,0,1,3,19.89,8,1,1,1,0,0,1,3.54,0,95.56,2,2,2.6,16.02,0,3
5246,15,1,3,1,19.92,24,0,2,1,1,0,0,2.56,2,86.67,2,2,1.2,27.91,0,1
5247,17,1,1,0,17.15,24,0,4,1,0,0,1,4.0,0,86.67,2,2,2.4,22.32,0,3
5248,15,1,1,3,1.28,2,0,3,0,1,0,1,3.14,1,98.89,0,2,1.8,42.76,0,2
5249,17,0,0,2,19.07,22,1,2,1,0,1,0,2.75,2,87.78,2,2,3.2,19.02,0,1
5250,15,1,0,4,12.25,15,1,2,0,1,1,1,3.95,0,91.67,1,3,3.2,20.68,0,3
5251,15,0,0,1,16.02,11,1,2,0,1,1,1,2.24,3,93.89,2,3,3.2,19.47,0,1
5252,16,1,1,4,8.14,16,1,0,0,0,1,1,2.25,3,91.11,1,2,2.0,38.22,0,1
5253,15,0,0,2,6.39,24,0,3,0,0,1,1,2.39,3,86.67,1,2,1.8,42.52,0,1
5254,16,0,0,3,9.26,29,1,1,0,1,1,0,3.16,1,83.89,1,2,2.6,34.35,0,2
5255,18,0,2,3,2.94,14,1,2,0,1,1,1,2.53,2,92.22,0,3,3.2,35.68,0,1
5256,18,1,0,4,7.14,24,0,3,0,1,1,1,2.72,2,86.67,1,3,1.8,38.26,0,1
5257,16,1,0,1,17.15,2,1,0,0,0,1,0,2.66,2,98.89,2,1,2.0,25.71,0,1
5258,16,0,0,4,0.76,4,1,4,0,0,0,0,3.45,1,97.78,0,0,4.4,36.2,0,2
5259,17,1,2,1,3.02,27,1,2,0,0,1,1,2.76,2,85.0,0,2,3.2,40.03,0,1
5260,17,0,0,1,2.5,12,1,1,0,0,0,0,1.91,4,93.33,0,0,2.6,47.62,0,0
5261,17,0,1,2,8.06,23,1,4,1,0,0,1,2.89,2,87.22,1,2,4.4,27.17,0,1
5262,18,1,1,3,19.94,5,1,1,1,1,0,1,3.49,1,97.22,2,3,2.6,13.0,0,2
5263,17,1,2,2,3.47,25,0,0,1,1,0,0,2.23,3,86.11,0,2,0.0,54.95,1,1
5264,15,1,1,3,2.91,25,0,2,1,1,0,0,2.47,3,86.11,0,2,1.2,49.59,0,1
5265,15,0,2,3,18.3,8,0,1,1,0,1,1,2.78,2,95.56,2,3,0.6,26.5,0,1
5266,17,0,0,1,17.64,29,0,4,0,0,0,0,3.22,1,83.89,2,0,2.4,29.63,0,2
5267,15,1,0,4,0.64,28,0,0,1,0,1,0,1.92,4,84.44,0,2,0.0,59.85,1,0
5268,18,0,0,1,15.03,18,1,1,1,1,1,0,3.4,1,90.0,2,3,2.6,21.89,0,2
5269,15,1,0,4,13.11,27,0,3,1,1,1,1,2.9,2,85.0,1,4,1.8,28.43,0,1
5270,18,0,0,2,15.35,6,1,2,0,0,0,1,2.96,2,96.67,2,1,3.2,22.53,0,1
5271,16,1,0,2,9.89,12,1,4,1,0,1,0,3.12,1,93.33,1,2,4.4,22.17,0,2
5272,16,1,1,2,19.83,21,1,2,0,0,0,1,3.11,1,88.33,2,1,3.2,19.48,0,2
5273,16,0,2,1,0.88,29,0,1,1,1,0,0,2.04,3,83.89,0,2,0.6,56.71,1,1
5274,16,1,0,2,4.69,30,0,0,0,0,0,1,2.05,3,83.33,0,1,0.0,57.35,1,1
5275,15,1,2,1,7.93,4,0,2,1,0,1,0,2.38,3,97.78,1,2,1.2,39.46,0,1
5276,17,0,0,1,9.0,15,0,2,0,0,1,0,3.42,1,91.67,1,1,1.2,40.16,0,2
5277,15,1,0,1,18.43,3,1,0,1,1,1,0,2.78,2,98.33,2,3,2.0,19.01,0,1
5278,18,0,1,2,11.2,4,0,3,0,0,0,0,2.43,3,97.78,1,0,1.8,37.52,0,1
5279,15,1,0,3,0.9,28,1,2,1,1,0,0,2.77,2,84.44,0,2,3.2,42.85,0,1
5280,15,0,0,2,8.16,19,0,2,1,1,1,0,1.77,4,89.44,1,3,1.2,41.12,0,0
5281,18,1,1,4,8.33,18,0,2,1,1,0,0,2.82,2,90.0,1,2,1.2,40.58,0,1
5282,16,1,3,3,19.31,22,1,2,0,0,0,0,2.51,2,87.78,2,0,3.2,24.32,0,1
5283,16,1,2,3,11.98,5,0,2,1,0,0,0,3.26,1,97.22,1,1,1.2,34.89,0,2
5284,16,1,0,3,12.71,3,0,1,1,1,0,0,2.95,2,98.33,1,2,0.6,34.59,0,1
5285,17,0,2,2,14.27,24,1,4,0,0,0,1,2.59,2,86.67,1,1,4.4,22.85,0,1
5286,18,0,2,3,15.4,0,0,2,1,0,0,1,3.15,1,100.0,2,2,1.2,27.42,0,2
5287,18,0,1,1,12.7,16,0,1,0,0,1,0,2.92,2,91.11,1,1,0.6,39.71,0,1
5288,15,0,2,4,4.74,8,1,2,0,1,1,0,2.81,2,95.56,0,2,3.2,34.06,0,1
5289,17,0,1,3,17.48,15,1,2,1,0,1,0,3.0,1,91.67,2,2,3.2,19.02,0,2
5290,16,0,0,1,14.64,22,0,3,1,1,1,0,3.31,1,87.78,1,3,1.8,27.02,0,2
5291,17,0,1,3,14.84,1,1,0,1,0,1,0,3.41,1,99.44,1,2,2.0,24.03,0,2
5292,18,1,1,0,19.93,10,0,2,1,0,1,0,2.79,2,94.44,2,2,1.2,24.6,0,1
5293,18,1,1,1,16.05,25,0,2,1,1,0,1,2.8,2,86.11,2,3,1.2,29.84,0,1
5294,15,1,1,1,16.58,4,0,4,1,1,0,1,3.11,1,97.78,2,3,2.4,18.87,0,2
5295,15,1,3,3,19.03,12,0,1,0,0,1,0,3.54,0,93.33,2,1,0.6,29.47,0,3
5296,18,0,3,3,3.02,19,0,3,1,0,1,0,1.83,4,89.44,0,2,1.8,47.16,0,0
5297,16,0,3,3,9.95,16,0,2,1,1,0,0,3.11,1,91.11,1,2,1.2,37.44,0,2
5298,16,0,2,0,11.61,27,0,2,1,0,0,0,2.76,2,85.0,1,1,1.2,40.88,0,1
5299,17,1,3,2,6.59,28,0,3,1,0,1,0,2.21,3,84.44,1,2,1.8,43.5,0,1
5300,18,0,0,3,16.79,24,1,1,1,1,1,1,2.54,2,86.67,2,4,2.6,20.51,0,1
5301,18,1,0,1,15.25,14,0,2,1,1,0,0,3.48,1,92.22,2,2,1.2,29.51,0,2
5302,16,0,1,3,14.42,21,1,2,1,0,1,0,2.9,2,88.33,1,2,3.2,24.26,0,1
5303,16,0,2,1,19.94,26,1,2,0,0,0,1,3.66,0,85.56,2,1,3.2,18.93,0,3
5304,18,0,1,1,5.19,28,0,2,1,0,0,1,1.91,4,84.44,1,2,1.2,48.73,0,0
5305,15,0,2,2,14.71,29,0,2,0,1,0,1,2.64,2,83.89,1,2,1.2,35.2,0,1
5306,18,1,0,3,11.03,11,0,0,0,1,1,0,2.51,2,93.89,1,2,0.0,42.08,0,1
5307,18,1,0,1,6.26,5,1,0,1,0,1,1,2.64,2,97.22,1,3,2.0,34.96,0,1
5308,16,0,2,1,3.21,19,1,3,0,1,0,1,2.91,2,89.44,0,2,3.8,35.14,0,1
5309,16,1,0,1,17.92,12,1,2,1,1,0,0,2.77,2,93.33,2,2,3.2,18.46,0,1
5310,15,0,0,1,11.91,17,0,1,1,1,0,1,2.63,2,90.56,1,3,0.6,36.61,0,1
5311,15,0,0,1,16.5,23,1,3,1,1,0,1,2.65,2,87.22,2,3,3.8,17.45,0,1
5312,17,0,0,2,10.91,14,0,2,0,1,0,1,3.14,1,92.22,1,2,1.2,35.78,0,2
5313,18,0,2,3,4.4,14,1,4,0,0,1,0,3.96,0,92.22,0,1,4.4,29.82,0,3
5314,16,1,0,2,6.75,7,0,3,1,0,0,0,3.55,0,96.11,1,1,1.8,38.37,0,3
5315,15,0,1,3,7.63,18,0,3,0,1,1,0,2.33,3,90.0,1,2,1.8,39.96,0,1
5316,17,0,0,3,19.46,22,1,1,0,0,0,0,2.76,2,87.78,2,0,2.6,26.23,0,1
5317,17,1,2,1,0.11,13,1,3,1,0,1,1,2.76,2,92.78,0,3,3.8,35.72,0,1
5318,16,0,0,0,19.71,6,0,3,0,0,1,1,2.15,3,96.67,2,2,1.8,22.97,0,1
5319,16,1,1,4,19.61,13,1,3,1,1,0,0,3.37,1,92.78,2,2,3.8,12.32,0,2
5320,17,0,2,1,19.92,4,0,2,0,0,0,0,3.37,1,97.78,2,0,1.2,27.0,0,2
5321,15,0,0,1,9.53,14,0,3,0,0,0,0,2.77,2,92.22,1,0,1.8,40.7,0,1
5322,17,0,3,0,19.28,20,0,3,0,1,1,1,2.9,2,88.89,2,3,1.8,21.86,0,1
5323,18,0,1,3,7.91,14,0,2,1,1,0,1,2.51,2,92.22,1,3,1.2,38.61,0,1
5324,18,0,1,2,0.53,23,1,3,1,0,0,0,2.46,3,87.22,0,1,3.8,42.89,0,1
5325,16,0,0,4,4.49,3,0,1,1,1,1,1,2.7,2,98.33,0,4,0.6,40.49,0,1
5326,15,1,3,4,18.91,0,0,3,1,0,1,1,2.95,2,100.0,2,3,1.8,18.31,0,1
5327,15,0,2,2,0.28,16,0,3,1,0,0,1,3.08,1,91.11,0,2,1.8,46.88,0,2
5328,18,1,0,2,10.92,24,1,2,0,0,1,0,3.59,0,86.67,1,1,3.2,30.0,0,3
5329,17,1,0,1,1.51,19,0,3,1,1,0,1,2.26,3,89.44,0,3,1.8,45.48,0,1
5330,16,0,2,1,5.73,0,1,4,1,1,0,1,2.71,2,100.0,1,3,4.4,23.56,0,1
5331,17,1,2,1,1.76,15,0,2,1,1,0,0,2.17,3,91.67,0,2,1.2,49.84,0,1
5332,17,0,2,1,17.19,12,1,1,0,0,0,0,2.52,2,93.33,2,0,2.6,27.73,0,1
5333,17,1,1,1,11.82,17,0,3,1,1,1,1,2.65,2,90.56,1,4,1.8,28.72,0,1
5334,15,0,2,1,18.04,9,1,2,1,0,0,0,3.31,1,95.0,2,1,3.2,18.88,0,2
5335,18,1,0,2,13.77,22,0,2,0,0,0,0,3.33,1,87.78,1,0,1.2,38.28,0,2
5336,15,1,0,4,19.42,17,0,3,1,1,1,0,2.41,3,90.56,2,3,1.8,22.32,0,1
5337,18,0,1,2,10.2,16,0,4,0,1,0,0,3.39,1,91.11,1,1,2.4,33.48,0,2
5338,16,1,3,4,12.77,25,1,2,0,1,1,0,2.95,2,86.11,1,2,3.2,26.98,0,1
5339,16,0,0,2,11.53,29,1,0,1,1,0,0,1.54,4,83.89,1,2,2.0,38.29,0,0
5340,17,0,1,2,9.69,8,1,3,0,1,0,1,2.5,2,95.56,1,2,3.8,25.92,0,1
5341,18,0,2,2,16.92,13,0,3,0,0,0,1,3.31,1,92.78,2,1,1.8,27.42,0,2
5342,18,0,1,1,12.89,20,0,3,0,0,0,1,2.36,3,88.89,1,1,1.8,36.19,0,1
5343,18,0,2,1,16.03,29,0,1,0,1,0,1,2.4,3,83.89,2,2,0.6,36.87,0,1
5344,17,1,2,4,15.73,12,0,2,0,0,0,1,3.0,1,93.33,2,1,1.2,32.22,0,2
5345,17,1,0,4,3.82,19,1,2,0,0,0,1,3.4,1,89.44,0,1,3.2,38.38,0,2
5346,16,1,3,0,13.0,19,0,3,0,1,0,1,2.15,3,89.44,1,2,1.8,33.89,0,1
5347,15,0,2,1,3.99,30,0,1,1,1,0,1,2.62,2,83.33,0,3,0.6,49.07,0,1
5348,18,1,3,2,11.67,13,0,4,1,0,0,1,3.66,0,92.78,1,2,2.4,27.88,0,3
5349,18,1,2,1,13.55,10,1,2,1,0,1,0,2.58,2,94.44,1,2,3.2,24.01,0,1
5350,15,1,3,2,19.94,12,0,4,0,1,0,0,3.61,0,93.33,2,1,2.4,19.98,0,3
5351,18,1,0,1,0.61,16,1,2,1,1,0,0,2.39,3,91.11,0,2,3.2,41.83,0,1
5352,17,1,0,2,1.82,2,0,3,1,1,0,0,2.54,2,98.89,0,2,1.8,43.58,0,1
5353,17,0,3,1,1.54,28,1,4,0,1,1,0,2.46,3,84.44,0,2,4.4,37.37,0,1
5354,18,0,0,2,7.97,0,0,4,1,0,1,1,3.29,1,100.0,1,3,2.4,28.4,0,2
5355,17,1,0,1,16.43,20,0,4,1,1,0,1,2.63,2,88.89,2,3,2.4,23.37,0,1
5356,17,0,2,2,16.88,4,1,0,1,0,1,0,3.61,0,97.78,2,2,2.0,21.56,0,3
5357,18,0,2,4,14.74,24,0,2,0,0,1,0,2.63,2,86.67,1,1,1.2,36.71,0,1
5358,16,1,0,2,17.94,12,1,1,1,0,0,0,2.08,3,93.33,2,1,2.6,25.39,0,1
5359,15,1,3,4,6.46,23,1,2,0,0,0,1,2.77,2,87.22,1,1,3.2,37.43,0,1
5360,17,0,2,3,1.76,4,0,1,0,0,0,1,2.09,3,97.78,0,1,0.6,53.12,1,1
5361,16,1,1,4,1.16,4,1,3,1,0,1,0,2.96,2,97.78,0,2,3.8,34.65,0,1
5362,17,0,2,3,17.04,22,1,3,0,1,0,0,3.29,1,87.78,2,1,3.8,19.98,0,2
5363,17,0,1,3,14.61,11,1,2,0,0,0,1,2.83,2,93.89,1,1,3.2,24.76,0,1
5364,15,1,0,4,13.97,1,0,3,0,0,1,0,2.42,3,99.44,1,1,1.8,31.0,0,1
5365,17,0,0,1,6.79,28,0,0,1,1,0,0,1.8,4,84.44,1,2,0.0,52.46,1,0
5366,15,0,1,2,7.6,22,0,3,1,0,1,0,3.35,1,87.78,1,2,1.8,38.22,0,2
5367,15,0,1,4,19.16,15,1,1,1,1,1,0,3.32,1,91.67,2,3,2.6,16.35,0,2
5368,15,1,2,3,1.28,16,1,2,0,1,1,1,3.22,1,91.11,0,3,3.2,36.42,0,2
5369,16,1,2,4,15.47,29,0,2,1,1,0,0,3.64,0,83.89,2,2,1.2,31.75,0,3
5370,18,1,1,3,6.19,4,0,4,1,0,0,1,4.0,0,97.78,1,2,2.4,32.13,0,3
5371,16,1,2,4,0.78,30,1,4,1,1,1,0,2.85,2,83.33,0,3,4.4,35.23,0,1
5372,18,0,0,3,14.85,11,1,2,1,1,0,0,3.05,1,93.89,1,2,3.2,21.41,0,2
5373,18,1,0,3,6.62,14,1,1,0,1,0,0,2.52,2,92.22,1,1,2.6,38.83,0,1
5374,15,1,3,2,14.44,27,0,3,0,1,0,1,2.84,2,85.0,1,2,1.8,31.92,0,1
5375,17,1,0,4,14.15,5,0,2,1,1,1,1,3.45,1,97.22,1,4,1.2,24.21,0,2
5376,15,1,0,3,10.7,12,0,3,0,0,1,1,3.34,1,93.33,1,2,1.8,32.43,0,2
5377,17,0,2,3,15.55,10,0,0,1,1,1,0,2.44,3,94.44,2,3,0.0,33.91,0,1
5378,18,0,1,3,11.62,29,1,3,0,1,1,1,2.41,3,83.89,1,3,3.8,25.32,0,1
5379,15,0,3,2,5.73,25,0,2,1,1,0,0,2.41,3,86.11,1,2,1.2,46.22,0,1
5380,17,1,0,0,14.68,16,1,2,0,1,0,0,2.93,2,91.11,1,1,3.2,25.39,0,1
5381,16,1,0,4,11.78,30,0,2,0,0,0,0,3.45,1,83.33,1,0,1.2,42.03,0,2
5382,17,0,0,2,0.25,8,0,4,1,0,1,0,1.64,4,95.56,0,2,2.4,46.23,0,0
5383,15,1,1,1,18.03,24,0,1,1,0,1,0,2.42,3,86.67,2,2,0.6,33.35,0,1
5384,16,1,0,1,10.91,15,0,3,0,0,0,0,3.22,1,91.67,1,0,1.8,38.05,0,2
5385,17,0,1,3,17.37,16,0,2,1,0,0,0,2.49,3,91.11,2,1,1.2,32.22,0,1
5386,17,0,3,3,17.65,19,0,2,0,1,1,1,2.99,2,89.44,2,3,1.2,26.2,0,1
5387,17,1,3,3,8.9,30,1,4,1,1,1,1,3.4,1,83.33,1,4,4.4,21.21,0,2
5388,17,1,0,3,10.15,23,0,1,1,1,0,0,2.98,2,87.22,1,2,0.6,41.61,0,1
5389,17,1,1,2,8.32,17,1,4,1,0,1,1,3.39,1,90.56,1,3,4.4,21.93,0,2
5390,16,0,1,2,8.99,12,1,4,1,0,0,0,3.0,1,93.33,1,1,4.4,26.1,0,2
5391,18,0,3,0,17.9,28,1,3,1,1,0,0,2.97,2,84.44,2,2,3.8,18.37,0,1
5392,16,0,3,3,15.76,10,1,0,0,1,0,0,3.14,1,94.44,2,1,2.0,27.81,0,2
5393,16,0,0,1,2.53,12,0,3,0,1,1,0,2.42,3,93.33,0,2,1.8,44.94,0,1
5394,16,1,2,3,12.21,23,0,4,1,0,1,0,3.34,1,87.22,1,2,2.4,29.95,0,2
5395,18,0,0,2,19.92,25,1,4,1,0,1,1,2.55,2,86.11,2,3,4.4,11.09,0,1
5396,15,0,0,2,11.91,12,0,3,1,0,1,0,2.64,2,93.33,1,2,1.8,32.67,0,1
5397,18,1,0,4,15.72,11,0,2,1,0,0,1,3.53,0,93.89,2,2,1.2,28.21,0,3
5398,16,1,1,0,15.38,13,1,3,1,1,0,0,2.11,3,92.78,2,2,3.8,20.75,0,1
5399,17,1,1,3,7.01,12,0,2,1,0,1,1,2.92,2,93.33,1,3,1.2,38.32,0,1
5400,17,0,0,1,7.44,24,1,2,1,1,0,0,3.24,1,86.67,1,2,3.2,32.72,0,2
5401,16,1,2,0,14.48,8,0,3,0,1,0,1,2.62,2,95.56,1,2,1.8,28.72,0,1
5402,17,1,0,2,10.0,13,1,3,1,1,1,0,3.29,1,92.78,1,3,3.8,22.03,0,2
5403,16,0,1,1,11.41,0,1,3,1,0,0,0,3.3,1,100.0,1,1,3.8,22.71,0,2
5404,17,0,0,3,14.26,8,1,3,0,0,0,0,3.58,0,95.56,1,0,3.8,22.51,0,3
5405,18,1,0,2,15.55,3,0,1,0,1,0,0,3.05,1,98.33,2,1,0.6,33.29,0,2
5406,15,0,1,0,5.43,27,0,2,1,1,1,0,2.98,2,85.0,1,3,1.2,43.06,0,1
5407,15,1,0,0,2.94,11,0,2,0,0,1,0,2.75,2,93.89,0,1,1.2,48.63,0,1
5408,18,1,1,3,5.84,23,1,1,1,1,0,0,3.12,1,87.22,1,2,2.6,37.55,0,2
5409,18,0,0,3,10.15,28,0,2,1,0,1,1,3.07,1,84.44,1,3,1.2,37.13,0,2
5410,16,1,1,2,6.84,13,0,4,0,1,0,1,3.58,0,92.78,1,2,2.4,34.12,0,3
5411,16,0,0,2,11.37,8,0,2,0,1,1,0,2.47,3,95.56,1,2,1.2,35.71,0,1
5412,16,0,2,3,1.07,2,0,2,1,0,0,1,2.22,3,98.89,0,2,1.2,48.05,0,1
5413,17,0,2,3,10.2,5,0,2,0,1,1,0,3.54,0,97.22,1,2,1.2,33.92,0,3
5414,16,1,0,1,7.36,2,1,3,1,1,1,1,3.26,1,98.89,1,4,3.8,20.77,0,2
5415,18,0,1,3,10.69,0,0,2,0,1,0,0,4.0,0,100.0,1,1,1.2,33.68,0,3
5416,15,0,0,3,8.45,25,0,2,1,0,1,0,1.55,4,86.11,1,2,1.2,44.97,0,0
5417,17,1,1,3,5.68,21,0,2,0,0,0,1,2.58,2,88.33,1,1,1.2,47.58,0,1
5418,16,1,0,3,18.08,20,1,2,1,1,1,1,3.16,1,88.89,2,4,3.2,13.84,0,2
5419,17,1,1,4,3.7,2,0,3,1,1,0,1,3.51,0,98.89,0,3,1.8,36.31,0,3
5420,17,1,1,1,13.63,29,0,3,1,0,1,0,3.66,0,83.89,1,2,1.8,31.27,0,3
5421,16,0,3,4,18.49,13,0,1,1,0,0,0,3.05,1,92.78,2,1,0.6,31.56,0,2
5422,17,0,1,2,10.77,19,1,4,1,1,0,0,3.26,1,89.44,1,2,4.4,22.08,0,2
5423,15,0,1,3,17.53,1,0,0,1,1,1,1,2.28,3,99.44,2,4,0.0,27.58,0,1
5424,18,1,1,1,2.5,11,0,1,1,0,1,0,2.7,2,93.89,0,2,0.6,49.54,0,1
5425,18,1,3,2,9.88,25,0,3,0,0,1,1,2.85,2,86.11,1,2,1.8,37.2,0,1
5426,15,0,2,3,9.14,9,1,3,1,1,1,1,2.92,2,95.0,1,4,3.8,20.75,0,1
5427,17,1,0,3,0.16,12,0,0,0,1,0,0,2.63,2,93.33,0,1,0.0,58.06,1,1
5428,16,1,2,0,8.87,29,1,3,0,0,1,1,2.79,2,83.89,1,2,3.8,30.3,0,1
5429,17,0,1,2,7.38,19,0,0,1,1,1,0,3.35,1,89.44,1,3,0.0,43.6,0,2
5430,15,0,2,1,13.4,3,0,4,1,0,0,0,2.78,2,98.33,1,1,2.4,28.48,0,1
5431,17,1,2,4,18.77,18,1,3,1,1,1,1,2.9,2,90.0,2,4,3.8,10.51,0,1
5432,18,1,0,4,1.72,21,0,1,0,0,1,0,2.07,3,88.33,0,1,0.6,56.53,1,1
5433,17,1,2,0,6.55,0,0,1,0,0,1,0,2.55,2,100.0,1,1,0.6,45.21,0,1
5434,15,0,0,4,8.88,24,0,3,0,0,0,1,1.98,4,86.67,1,1,1.8,42.93,0,0
5435,18,0,0,4,9.1,10,0,3,1,0,1,1,2.93,2,94.44,1,3,1.8,32.56,0,1
5436,17,0,0,2,15.5,25,1,3,0,0,1,0,2.99,2,86.11,2,1,3.8,23.24,0,1
5437,17,0,2,3,8.87,15,1,4,0,0,0,0,3.82,0,91.67,1,0,4.4,27.28,0,3
5438,18,0,0,2,0.54,18,1,2,1,0,1,0,2.6,2,90.0,0,2,3.2,41.78,0,1
5439,16,1,0,3,14.2,18,1,3,0,1,0,1,3.76,0,90.0,1,2,3.8,19.08,0,3
5440,18,1,2,2,17.7,11,1,2,0,1,0,1,3.62,0,93.89,2,2,3.2,16.42,0,3
5441,16,1,0,2,10.28,2,1,2,1,0,0,0,3.22,1,98.89,1,1,3.2,27.44,0,2
5442,15,0,0,2,11.62,22,0,3,1,1,0,0,2.73,2,87.78,1,2,1.8,34.75,0,1
5443,15,0,0,1,3.26,23,0,1,1,1,0,0,2.64,2,87.22,0,2,0.6,51.07,1,1
5444,18,0,0,3,4.41,17,1,2,1,0,1,0,3.15,1,90.56,0,2,3.2,35.37,0,2
5445,18,1,1,2,4.7,16,1,3,1,0,0,0,2.59,2,91.11,0,1,3.8,35.99,0,1
5446,15,0,0,2,8.61,4,1,2,0,1,1,0,3.39,1,97.78,1,2,3.2,26.99,0,2
5447,16,0,3,4,18.56,15,0,4,0,0,0,0,3.17,1,91.67,2,0,2.4,25.88,0,2
5448,15,1,2,2,10.44,23,0,1,0,1,1,1,2.9,2,87.22,1,3,0.6,38.95,0,1
5449,18,0,0,2,3.84,13,0,2,1,1,1,1,3.55,0,92.78,0,4,1.2,38.4,0,3
5450,15,1,0,4,5.32,18,0,2,1,0,0,0,2.53,2,90.0,1,1,1.2,47.57,0,1
5451,18,0,1,4,7.68,5,1,2,1,1,1,1,2.22,3,97.22,1,4,3.2,26.28,0,1
5452,18,0,1,1,12.47,2,0,4,0,0,1,1,3.15,1,98.89,1,2,2.4,26.02,0,2
5453,15,1,0,2,8.8,30,0,2,0,0,1,1,1.98,4,83.33,1,2,1.2,44.43,0,0
5454,16,1,0,4,7.85,5,0,2,1,1,0,0,3.14,1,97.22,1,2,1.2,37.86,0,2
5455,17,1,3,2,11.29,11,0,2,0,1,0,1,2.4,3,93.89,1,2,1.2,36.57,0,1
5456,15,1,0,2,4.84,19,0,3,1,0,1,1,2.65,2,89.44,0,3,1.8,40.34,0,1
5457,17,1,0,1,1.58,29,1,2,1,0,0,0,3.25,1,83.89,0,1,3.2,43.49,0,2
5458,15,1,3,1,0.49,10,1,3,0,1,0,0,3.71,0,94.44,0,1,3.8,37.29,0,3
5459,17,0,2,3,5.03,30,1,3,1,1,0,1,2.91,2,83.33,1,3,3.8,32.5,0,1
5460,16,0,0,3,1.83,6,1,1,1,1,0,0,2.42,3,96.67,0,2,2.6,41.01,0,1
5461,16,1,2,4,6.73,26,1,4,0,0,1,0,3.35,1,85.56,1,1,4.4,30.77,0,2
5462,15,0,0,3,15.46,25,0,3,0,0,1,0,2.64,2,86.11,2,1,1.8,33.25,0,1
5463,18,1,2,1,14.33,0,0,2,0,1,0,0,2.34,3,100.0,1,1,1.2,33.28,0,1
5464,17,0,1,0,12.22,15,0,3,1,0,0,0,3.78,0,91.67,1,1,1.8,32.51,0,3
5465,18,1,2,4,17.05,15,0,3,0,0,0,1,3.12,1,91.67,2,1,1.8,28.12,0,2
5466,18,0,3,2,5.64,16,0,4,1,0,0,1,3.1,1,91.11,1,2,2.4,37.4,0,2
5467,18,0,3,2,17.7,14,0,1,1,0,1,0,2.77,2,92.22,2,2,0.6,30.95,0,1
5468,16,0,3,4,7.98,20,0,3,0,0,0,1,3.08,1,88.89,1,1,1.8,40.53,0,2
5469,15,0,1,2,8.02,8,1,0,0,0,0,0,2.4,3,95.56,1,0,2.0,41.44,0,1
5470,15,0,0,1,8.11,4,1,1,1,1,1,0,2.93,2,97.78,1,3,2.6,29.0,0,1
5471,16,1,1,4,1.96,19,0,3,1,1,1,0,3.19,1,89.44,0,3,1.8,42.59,0,2
5472,16,1,2,4,19.51,7,1,3,0,0,0,1,3.38,1,96.11,2,1,3.8,13.75,0,2
5473,15,1,3,1,2.77,28,1,3,1,1,0,0,2.16,3,84.44,0,2,3.8,39.31,0,1
5474,18,0,0,4,6.82,20,0,3,1,1,0,0,3.27,1,88.89,1,2,1.8,39.01,0,2
5475,17,1,3,2,6.39,0,1,3,0,1,0,0,2.98,2,100.0,1,1,3.8,29.79,0,1
5476,17,0,2,2,1.49,6,0,4,0,0,1,1,2.7,2,96.67,0,2,2.4,41.64,0,1
5477,17,0,3,4,3.05,10,0,2,1,1,0,0,2.25,3,94.44,0,2,1.2,47.05,0,1
5478,18,0,3,4,0.9,30,0,1,0,0,0,0,3.07,1,83.33,0,0,0.6,59.31,1,2
5479,15,1,0,1,5.85,19,0,3,0,1,0,0,3.16,1,89.44,1,1,1.8,42.8,0,2
5480,16,0,0,1,17.33,25,0,2,1,1,1,1,2.69,2,86.11,2,4,1.2,26.02,0,1
5481,15,1,0,1,6.79,20,0,1,0,0,1,0,2.05,3,88.89,1,1,0.6,50.05,1,1
5482,18,1,0,2,2.47,12,1,3,1,1,0,1,3.25,1,93.33,0,3,3.8,31.35,0,2
5483,16,0,1,0,12.91,21,1,3,0,1,1,1,3.12,1,88.33,1,3,3.8,20.37,0,2
5484,18,0,2,2,19.93,12,1,2,1,0,0,0,3.02,1,93.33,2,1,3.2,17.83,0,2
5485,17,1,3,1,4.65,6,1,4,0,0,1,1,3.02,1,96.67,0,2,4.4,27.8,0,2
5486,17,1,1,2,5.59,10,1,2,0,0,0,1,3.19,1,94.44,1,1,3.2,34.94,0,2
5487,18,1,0,0,19.44,17,0,0,1,1,0,0,2.87,2,90.56,2,2,0.0,31.83,0,1
5488,16,1,0,3,3.58,30,1,2,1,0,1,1,2.8,2,83.33,0,3,3.2,37.31,0,1
5489,16,1,0,1,10.22,29,1,0,0,1,1,1,2.68,2,83.89,1,3,2.0,34.57,0,1
5490,15,1,0,2,4.79,30,0,2,1,0,0,0,2.76,2,83.33,0,1,1.2,49.99,0,1
5491,17,0,1,4,18.65,0,0,2,0,0,0,1,3.06,1,100.0,2,1,1.2,26.08,0,2
5492,15,1,0,3,19.63,11,0,3,1,1,1,0,3.34,1,93.89,2,3,1.8,18.57,0,2
5493,15,1,0,1,16.29,2,0,3,1,0,1,1,2.86,2,98.89,2,3,1.8,22.19,0,1
5494,18,1,0,1,6.3,25,0,2,1,1,1,0,2.19,3,86.11,1,3,1.2,43.56,0,1
5495,18,1,1,3,8.07,27,0,2,1,0,0,1,3.55,0,85.0,1,2,1.2,40.83,0,3
5496,15,0,1,2,4.85,0,1,2,0,0,1,0,2.33,3,100.0,0,1,3.2,36.07,0,1
5497,17,0,1,3,17.82,3,0,3,0,1,0,1,3.65,0,98.33,2,2,1.8,21.0,0,3
5498,18,1,1,2,18.29,5,0,1,0,0,0,0,4.0,0,97.22,2,0,0.6,30.38,0,3
5499,15,1,3,2,8.38,4,0,3,0,0,0,0,3.85,0,97.78,1,0,1.8,37.5,0,3
5500,15,1,0,2,13.13,28,1,2,1,0,0,0,3.07,1,84.44,1,1,3.2,29.31,0,2
5501,15,0,1,3,3.31,10,1,4,1,1,1,1,4.0,0,94.44,0,4,4.4,22.81,0,3
5502,15,0,2,4,8.7,19,0,2,0,0,0,0,2.95,2,89.44,1,0,1.2,44.99,0,1
5503,15,0,1,0,12.63,22,0,3,1,0,0,1,2.58,2,87.78,1,2,1.8,33.86,0,1
5504,15,0,3,2,7.71,12,0,3,1,0,0,0,2.85,2,93.33,1,1,1.8,39.89,0,1
5505,18,0,0,0,7.15,10,1,3,1,0,1,0,3.39,1,94.44,1,2,3.8,27.26,0,2
5506,17,0,1,2,0.02,26,1,3,1,1,0,1,3.66,0,85.56,0,3,3.8,36.11,0,3
5507,15,1,0,4,16.09,5,1,3,0,1,0,1,3.98,0,97.22,2,2,3.8,13.64,0,3
5508,16,0,1,2,17.79,18,0,3,0,1,1,1,3.0,1,90.0,2,3,1.8,23.08,0,2
5509,18,0,0,4,19.39,24,0,3,0,0,1,1,2.74,2,86.67,2,2,1.8,25.4,0,1
5510,18,1,0,3,14.39,14,0,1,1,0,1,0,1.93,4,92.22,1,2,0.6,37.18,0,0
5511,15,0,1,4,10.98,20,1,2,1,0,1,0,2.92,2,88.89,1,2,3.2,28.32,0,1
5512,18,1,1,3,5.39,12,0,2,1,0,0,0,2.24,3,93.33,1,1,1.2,47.04,0,1
5513,15,0,0,1,19.99,9,1,3,0,1,0,1,3.79,0,95.0,2,2,3.8,10.01,0,3
5514,17,1,2,1,11.8,0,1,1,1,1,1,0,3.02,1,100.0,1,3,2.6,23.38,0,2
5515,17,1,1,2,13.62,12,1,3,0,0,1,0,3.63,0,93.33,1,1,3.8,21.46,0,3
5516,18,1,0,1,13.65,5,0,2,1,0,0,0,4.0,0,97.22,1,1,1.2,30.96,0,3
5517,18,1,1,2,16.91,20,0,1,0,0,0,1,2.72,2,88.89,2,1,0.6,35.72,0,1
5518,16,1,2,2,0.19,25,1,2,1,1,1,0,2.64,2,86.11,0,3,3.2,40.98,0,1
5519,18,0,1,4,4.4,23,1,2,0,1,1,0,2.96,2,87.22,0,2,3.2,37.03,0,1
5520,16,0,0,2,13.31,19,0,3,1,1,0,0,2.75,2,89.44,1,2,1.8,32.0,0,1
5521,17,1,0,3,17.9,11,1,2,1,1,0,1,3.35,1,93.89,2,3,3.2,14.34,0,2
5522,17,1,1,4,13.71,16,0,2,1,1,1,0,2.83,2,91.11,1,3,1.2,30.94,0,1
5523,15,1,3,4,8.27,26,0,4,0,0,0,1,3.48,1,85.56,1,1,2.4,37.61,0,2
5524,17,0,2,1,7.23,17,0,2,1,1,0,1,2.56,2,90.56,1,3,1.2,39.91,0,1
5525,16,1,0,2,14.76,23,1,2,1,1,0,1,2.34,3,87.22,1,3,3.2,23.13,0,1
5526,18,1,1,2,14.82,25,1,3,1,1,0,0,2.4,3,86.11,1,2,3.8,23.06,0,1
5527,15,1,3,2,12.14,7,0,1,0,0,1,0,2.47,3,96.11,1,1,0.6,39.78,0,1
5528,16,1,0,2,5.83,28,0,2,1,0,1,1,2.28,3,84.44,1,3,1.2,44.5,0,1
5529,18,0,3,3,18.5,13,0,2,1,0,0,0,3.51,0,92.78,2,1,1.2,27.67,0,3
5530,15,1,3,2,11.04,4,1,2,0,0,0,1,3.54,0,97.78,1,1,3.2,26.08,0,3
5531,17,1,0,2,15.81,21,0,1,1,1,1,1,3.27,1,88.33,2,4,0.6,28.42,0,2
5532,16,0,3,4,4.29,1,1,1,1,1,0,1,3.1,1,99.44,0,3,2.6,32.77,0,2
5533,18,1,0,1,6.88,26,1,2,0,1,1,0,3.14,1,85.56,1,2,3.2,34.06,0,2
5534,15,1,2,2,17.49,27,1,0,1,1,0,0,2.66,2,85.0,2,2,2.0,27.65,0,1
5535,15,0,1,3,1.0,24,1,2,1,0,0,0,1.68,4,86.67,0,1,3.2,47.17,0,0
5536,17,0,1,1,10.25,30,0,2,1,0,0,1,2.98,2,83.33,1,2,1.2,40.12,0,1
5537,18,0,1,3,9.63,21,1,2,1,0,1,0,2.55,2,88.33,1,2,3.2,31.13,0,1
5538,17,1,2,1,15.02,27,0,0,1,1,1,0,2.44,3,85.0,2,3,0.0,37.88,0,1
5539,17,1,0,4,5.64,24,0,3,0,0,0,0,2.48,3,86.67,1,0,1.8,48.23,0,1
5540,18,0,1,2,4.38,10,0,4,0,1,0,1,3.15,1,94.44,0,2,2.4,37.69,0,2
5541,18,0,0,2,18.52,25,0,3,1,1,0,0,3.0,1,86.11,2,2,1.8,26.03,0,2
5542,18,0,0,2,11.43,2,1,3,0,1,0,1,3.16,1,98.89,1,2,3.8,20.93,0,2
5543,16,1,0,1,2.09,21,1,3,0,1,1,1,3.5,0,88.33,0,3,3.8,32.95,0,3
5544,18,1,1,1,3.86,25,0,2,0,0,0,0,2.33,3,86.11,0,0,1.2,53.76,1,1
5545,15,0,0,2,19.98,15,0,2,0,1,0,0,2.91,2,91.67,2,1,1.2,27.71,0,1
5546,17,1,0,2,3.91,20,0,2,1,1,0,0,2.97,2,88.89,0,2,1.2,46.12,0,1
5547,16,0,0,2,12.21,15,0,2,1,1,0,0,3.44,1,91.67,1,2,1.2,33.6,0,2
5548,18,1,0,2,8.4,8,1,0,1,1,1,0,3.35,1,95.56,1,3,2.0,31.09,0,2
5549,16,1,1,2,17.71,12,0,4,0,0,1,0,2.87,2,93.33,2,1,2.4,24.61,0,1
5550,18,1,3,3,15.1,9,0,4,0,0,0,0,3.36,1,95.0,2,0,2.4,28.57,0,2
5551,16,1,0,2,11.94,30,0,1,1,1,0,1,2.59,2,83.33,1,3,0.6,39.21,0,1
5552,17,0,3,1,0.21,16,0,3,1,0,1,1,2.49,3,91.11,0,3,1.8,45.94,0,1
5553,17,1,2,3,17.6,24,0,2,1,0,1,0,2.42,3,86.67,2,2,1.2,31.16,0,1
5554,15,1,1,4,8.89,20,0,3,1,1,1,0,3.0,1,88.89,1,3,1.8,34.59,0,2
5555,15,0,1,1,18.63,16,0,3,1,1,0,1,3.59,0,91.11,2,3,1.8,20.17,0,3
5556,18,1,2,2,9.91,9,0,1,1,1,0,1,3.66,0,95.0,1,3,0.6,34.99,0,3
5557,17,0,0,2,13.88,7,0,3,1,1,0,0,3.68,0,96.11,1,2,1.8,26.63,0,3
5558,16,0,1,2,1.39,6,0,3,1,1,0,1,2.61,2,96.67,0,3,1.8,42.22,0,1
5559,16,1,2,3,14.9,13,1,2,0,1,0,0,2.66,2,92.78,1,1,3.2,25.21,0,1
5560,16,1,1,0,6.76,21,1,2,0,1,1,1,1.95,4,88.33,1,3,3.2,33.71,0,0
5561,15,0,2,3,7.03,17,1,4,1,0,1,1,3.59,0,90.56,1,3,4.4,23.04,0,3
5562,16,0,0,1,2.37,20,0,3,1,0,1,1,2.99,2,88.89,0,3,1.8,42.77,0,1
5563,15,0,2,2,2.94,18,0,3,0,0,0,1,2.35,3,90.0,0,1,1.8,48.27,0,1
5564,15,1,1,3,3.72,17,0,0,1,1,0,0,2.13,3,90.56,0,2,0.0,53.33,1,1
5565,18,0,0,2,6.56,13,0,2,1,0,1,1,3.41,1,92.78,1,3,1.2,37.85,0,2
5566,16,0,0,1,17.84,9,0,3,0,1,1,1,3.63,0,95.0,2,3,1.8,19.69,0,3
5567,16,0,1,4,7.37,0,0,1,1,0,1,0,3.66,0,100.0,1,2,0.6,38.91,0,3
5568,17,1,3,4,14.49,8,0,2,1,1,1,0,3.43,1,95.56,1,3,1.2,26.91,0,2
5569,18,0,1,3,1.65,17,0,1,0,1,0,1,2.86,2,90.56,0,2,0.6,51.36,1,1
5570,17,1,2,2,11.82,12,1,2,1,1,1,0,2.04,3,93.33,1,3,3.2,25.41,0,1
5571,18,1,1,1,9.64,26,0,0,0,0,0,0,2.17,3,85.56,1,0,0.0,52.58,1,1
5572,16,0,0,4,19.56,16,0,1,1,0,1,0,4.0,0,91.11,2,2,0.6,25.93,0,3
5573,15,1,0,2,16.92,29,0,2,1,0,1,1,2.48,3,83.89,2,3,1.2,30.33,0,1
5574,15,0,0,4,9.1,22,1,4,1,0,1,1,3.2,1,87.78,1,3,4.4,22.4,0,2
5575,15,1,0,2,15.5,24,1,2,1,0,0,0,3.69,0,86.67,2,1,3.2,24.02,0,3
5576,15,1,0,2,3.86,21,0,2,0,0,1,0,2.96,2,88.33,0,1,1.2,48.9,0,1
5577,15,0,2,4,11.25,15,1,3,0,0,1,0,2.65,2,91.67,1,1,3.8,27.46,0,1
5578,17,0,2,2,1.49,23,0,2,1,1,0,1,1.89,4,87.22,0,3,1.2,49.93,0,0
5579,18,0,0,1,6.96,30,1,1,1,1,1,0,3.33,1,83.33,1,3,2.6,34.49,0,2
5580,16,1,0,1,4.52,10,1,2,1,0,0,0,3.19,1,94.44,0,1,3.2,36.28,0,2
5581,17,1,0,2,14.38,22,1,3,0,1,0,1,3.2,1,87.78,1,2,3.8,21.03,0,2
5582,18,0,1,0,9.8,8,1,3,1,0,1,0,3.29,1,95.56,1,2,3.8,23.81,0,2
5583,15,0,0,2,15.02,6,0,1,1,0,1,1,2.84,2,96.67,2,3,0.6,30.06,0,1
5584,18,1,0,2,10.31,28,0,3,0,0,1,0,2.2,3,84.44,1,1,1.8,41.38,0,1
5585,18,1,3,3,1.73,21,0,4,1,1,0,0,2.91,2,88.33,0,2,2.4,43.74,0,1
5586,15,1,2,2,14.71,0,1,0,0,0,0,0,2.82,2,100.0,1,0,2.0,30.47,0,1
5587,15,0,0,4,16.66,8,0,3,1,1,0,0,2.96,2,95.56,2,2,1.8,25.15,0,1
5588,15,1,1,1,18.07,9,0,2,0,0,1,0,2.84,2,95.0,2,1,1.2,29.11,0,1
5589,16,0,0,2,11.44,15,0,2,0,1,1,0,3.23,1,91.67,1,2,1.2,35.09,0,2
5590,15,1,2,1,15.07,20,0,2,0,0,0,0,2.39,3,88.89,2,0,1.2,38.62,0,1
5591,16,1,1,3,15.04,28,0,3,0,1,0,0,2.41,3,84.44,2,1,1.8,34.94,0,1
5592,15,0,0,4,3.11,17,0,3,1,1,0,0,2.3,3,90.56,0,2,1.8,45.48,0,1
5593,16,0,2,3,3.28,30,0,3,1,1,1,0,2.46,3,83.33,0,3,1.8,44.9,0,1
5594,18,0,0,2,1.42,13,0,2,1,1,0,0,3.12,1,92.78,0,2,1.2,47.5,0,2
5595,17,1,0,2,6.4,27,1,1,0,0,0,0,2.46,3,85.0,1,0,2.6,44.28,0,1
5596,18,1,0,3,9.47,10,0,3,0,1,0,1,3.0,1,94.44,1,2,1.8,34.43,0,2
5597,18,1,1,4,19.96,23,0,0,0,1,1,1,2.99,2,87.22,2,3,0.0,29.55,0,1
5598,15,0,0,4,8.62,28,0,2,1,0,0,0,2.46,3,84.44,1,1,1.2,45.57,0,1
5599,16,1,0,2,14.52,3,0,2,1,1,1,1,2.71,2,98.33,1,4,1.2,25.2,0,1
5600,17,0,0,4,13.87,29,0,2,1,0,0,0,2.52,2,83.89,1,1,1.2,39.05,0,1
5601,15,0,0,1,4.09,18,1,2,0,0,0,0,2.37,3,90.0,0,0,3.2,42.92,0,1
5602,15,0,2,1,1.17,12,0,3,1,1,0,0,2.61,2,93.33,0,2,1.8,46.17,0,1
5603,15,1,0,1,10.92,0,0,2,1,0,0,1,2.8,2,100.0,1,2,1.2,33.9,0,1
5604,18,1,0,1,14.01,20,0,3,0,0,0,1,2.93,2,88.89,1,1,1.8,33.37,0,1
5605,16,0,2,3,19.97,18,0,2,1,0,0,1,2.99,2,90.0,2,2,1.2,25.61,0,1
5606,16,1,2,4,7.17,14,0,3,0,1,0,1,2.61,2,92.22,1,2,1.8,39.05,0,1
5607,17,0,2,3,17.93,19,1,2,1,1,1,1,3.91,0,89.44,2,4,3.2,11.96,0,3
5608,16,0,1,3,7.64,14,1,4,1,0,0,0,3.32,1,92.22,1,1,4.4,27.37,0,2
5609,16,1,0,2,13.79,24,0,0,0,1,1,0,2.49,3,86.67,1,2,0.0,41.2,0,1
5610,15,0,2,3,11.97,10,0,3,0,0,0,0,2.74,2,94.44,1,0,1.8,36.95,0,1
5611,15,0,2,2,1.06,29,0,0,1,1,1,0,2.68,2,83.89,0,3,0.0,55.11,1,1
5612,18,1,0,3,1.57,22,0,3,0,0,1,0,2.14,3,87.78,0,1,1.8,51.28,1,1
5613,15,0,3,3,0.42,26,0,2,1,0,1,1,3.15,1,85.56,0,3,1.2,48.7,0,2
5614,15,0,0,3,7.42,4,0,2,1,1,0,1,2.28,3,97.78,1,3,1.2,37.85,0,1
5615,15,0,3,2,14.92,23,1,2,1,1,0,1,4.0,0,87.22,1,3,3.2,18.78,0,3
5616,15,0,3,4,3.46,21,0,3,1,1,0,1,2.53,2,88.33,0,3,1.8,42.75,0,1
5617,18,0,2,1,12.12,9,0,1,1,1,0,1,2.2,3,95.0,1,3,0.6,35.87,0,1
5618,15,0,3,2,5.78,17,0,3,1,0,0,0,2.38,3,90.56,1,1,1.8,44.45,0,1
5619,17,0,2,3,15.94,6,1,4,1,1,0,1,3.32,1,96.67,2,3,4.4,10.44,0,2
5620,17,1,0,2,15.97,0,0,0,1,0,1,0,2.77,2,100.0,2,2,0.0,33.11,0,1
5621,17,1,1,4,15.51,2,0,4,1,1,0,0,3.58,0,98.89,2,2,2.4,21.14,0,3
5622,17,0,0,2,10.5,27,0,0,0,1,0,0,2.58,2,85.0,1,1,0.0,48.18,0,1
5623,15,0,0,2,5.69,0,1,3,0,0,1,1,4.0,0,100.0,1,2,3.8,25.61,0,3
5624,17,1,2,4,16.19,29,0,4,1,1,0,1,3.04,1,83.89,2,3,2.4,24.39,0,2
5625,15,1,0,2,3.72,30,0,4,0,1,0,1,1.88,4,83.33,0,2,2.4,45.58,0,0
5626,18,1,0,2,5.8,16,1,2,1,0,0,1,2.74,2,91.11,1,2,3.2,34.47,0,1
5627,17,1,1,2,3.68,14,0,4,1,0,1,1,2.9,2,92.22,0,3,2.4,37.46,0,1
5628,16,1,3,1,13.48,4,0,1,1,1,1,1,2.74,2,97.78,1,4,0.6,29.35,0,1
5629,17,0,0,3,13.72,21,0,2,1,0,0,0,3.14,1,88.33,1,1,1.2,36.13,0,2
5630,17,1,0,1,13.05,15,0,2,1,1,1,0,3.24,1,91.67,1,3,1.2,30.55,0,2
5631,15,1,0,4,8.31,11,0,2,1,0,1,0,2.61,2,93.89,1,2,1.2,39.77,0,1
5632,17,1,2,3,2.0,18,1,3,1,1,0,0,2.65,2,90.0,0,2,3.8,37.1,0,1
5633,16,0,0,1,18.22,13,0,1,0,1,0,1,1.96,4,92.78,2,2,0.6,32.12,0,0
5634,15,0,2,3,10.15,2,1,4,1,1,1,0,2.96,2,98.89,1,3,4.4,17.8,0,1
5635,15,0,0,3,8.14,18,1,3,0,0,0,1,2.82,2,90.0,1,1,3.8,31.5,0,1
5636,18,0,0,1,11.78,0,1,4,1,0,1,1,3.44,1,100.0,1,3,4.4,14.18,0,2
5637,18,0,3,1,3.86,20,0,3,0,0,0,1,2.5,2,88.89,0,1,1.8,47.13,0,1
5638,17,0,0,2,2.65,0,0,3,1,1,0,0,2.52,2,100.0,0,2,1.8,42.21,0,1
5639,18,1,1,3,8.11,25,1,0,1,1,1,0,3.21,1,86.11,1,3,2.0,35.11,0,2
5640,18,0,0,3,4.54,9,1,2,1,1,1,0,3.49,1,95.0,0,3,3.2,30.3,0,2
5641,18,0,1,2,4.89,2,1,2,1,1,0,0,3.59,0,98.89,0,2,3.2,30.76,0,3
5642,15,1,1,3,17.85,12,0,1,0,1,1,1,3.82,0,93.33,2,3,0.6,25.24,0,3
5643,15,0,0,3,10.62,5,0,2,1,1,0,0,2.54,2,97.22,1,2,1.2,35.89,0,1
5644,15,1,0,3,9.67,10,1,3,0,1,1,0,3.36,1,94.44,1,2,3.8,24.19,0,2
5645,18,1,0,3,13.79,5,1,2,0,1,0,0,3.69,0,97.22,1,1,3.2,22.47,0,3
5646,15,0,2,2,19.03,2,0,2,1,1,1,1,4.0,0,98.89,2,4,1.2,16.15,0,3
5647,18,1,2,4,2.24,15,1,2,1,0,1,1,3.63,0,91.67,0,3,3.2,34.0,0,3
5648,15,1,1,3,16.67,8,0,1,1,1,0,1,2.96,2,95.56,2,3,0.6,28.09,0,1
5649,15,1,1,3,11.68,7,0,3,0,1,0,0,2.28,3,96.11,1,1,1.8,35.38,0,1
5650,16,1,0,2,2.92,26,1,3,0,0,0,0,2.01,3,85.56,0,0,3.8,44.11,0,1
5651,17,0,0,1,5.94,2,0,4,1,0,1,1,3.38,1,98.89,1,3,2.4,31.1,0,2
5652,18,1,0,2,9.65,4,1,2,1,1,0,1,3.18,1,97.78,1,3,3.2,23.72,0,2
5653,16,0,0,2,13.82,20,1,2,1,1,1,0,2.64,2,88.89,1,3,3.2,22.97,0,1
5654,15,1,0,3,4.85,30,0,2,1,1,0,1,1.5,4,83.33,0,3,1.2,48.07,0,0
5655,18,1,1,2,10.7,13,1,4,0,0,0,1,3.57,0,92.78,1,1,4.4,22.73,0,3
5656,15,1,1,3,13.69,4,1,2,1,1,0,0,2.7,2,97.78,1,2,3.2,22.37,0,1
5657,17,0,3,3,8.97,18,1,2,1,1,0,0,3.63,0,90.0,1,2,3.2,28.67,0,3
5658,16,0,0,3,17.26,4,0,2,0,0,1,1,2.72,2,97.78,2,2,1.2,26.95,0,1
5659,17,0,1,1,17.39,20,0,0,0,1,0,1,2.48,3,88.89,2,2,0.0,35.95,0,1
5660,16,1,2,4,9.41,19,1,1,1,1,1,0,2.59,2,89.44,1,3,2.6,31.14,0,1
5661,15,1,1,3,19.46,19,0,3,1,1,0,0,3.41,1,89.44,2,2,1.8,22.66,0,2
5662,17,1,0,3,1.51,1,0,3,0,0,0,0,2.56,2,99.44,0,0,1.8,48.73,0,1
5663,17,1,0,2,0.07,24,0,2,0,1,0,1,2.3,3,86.67,0,2,1.2,53.37,1,1
5664,15,0,0,2,7.61,30,0,2,1,1,0,1,2.34,3,83.33,1,3,1.2,42.52,0,1
5665,17,1,0,1,12.02,6,1,2,0,0,1,1,2.66,2,96.67,1,2,3.2,24.95,0,1
5666,18,0,2,2,12.58,0,1,3,1,0,1,0,3.35,1,100.0,1,2,3.8,18.63,0,2
5667,16,1,0,1,9.53,20,1,3,1,0,0,0,2.99,2,88.89,1,1,3.8,29.73,0,1
5668,16,0,0,2,2.5,17,1,4,1,0,0,0,3.21,1,90.56,0,1,4.4,34.65,0,2
5669,16,0,2,3,3.41,9,1,1,1,0,0,1,3.17,1,95.0,0,2,2.6,37.74,0,2
5670,18,1,2,2,17.04,5,0,3,0,1,0,1,3.58,0,97.22,2,2,1.8,22.54,0,3
5671,16,1,1,2,17.36,6,1,4,0,0,0,1,2.52,2,96.67,2,1,4.4,15.67,0,1
5672,15,0,2,4,13.48,11,0,3,1,1,0,1,3.14,1,93.89,1,3,1.8,26.76,0,2
5673,17,1,0,1,13.28,17,0,2,0,1,0,1,2.35,3,90.56,1,2,1.2,35.37,0,1
5674,18,1,0,3,11.95,10,0,3,0,0,0,1,3.04,1,94.44,1,1,1.8,33.73,0,2
5675,16,0,0,1,4.06,21,0,3,0,0,1,0,2.62,2,88.33,0,1,1.8,46.78,0,1
5676,15,0,1,0,8.57,30,0,2,0,1,0,1,2.52,2,83.33,1,2,1.2,43.37,0,1
5677,17,0,3,1,13.92,28,0,1,0,1,0,1,1.75,4,84.44,1,2,0.6,40.94,0,0
5678,17,0,0,3,10.75,18,0,3,0,0,1,1,4.0,0,90.0,1,2,1.8,31.88,0,3
5679,18,1,1,2,0.37,24,0,3,0,1,0,1,3.64,0,86.67,0,2,1.8,46.92,0,3
5680,18,0,0,4,19.07,30,0,4,1,1,0,0,2.72,2,83.33,2,2,2.4,24.29,0,1
5681,18,0,1,2,16.9,3,0,2,1,1,1,1,2.67,2,98.33,2,4,1.2,22.33,0,1
5682,15,0,0,0,5.21,18,0,3,0,0,1,0,4.0,0,90.0,1,1,1.8,41.31,0,3
5683,15,1,0,3,12.33,12,0,0,0,1,0,0,3.34,1,93.33,1,1,0.0,41.07,0,2
5684,18,0,2,1,18.46,26,1,4,1,1,0,0,3.45,1,85.56,2,2,4.4,13.35,0,2
5685,16,1,1,3,1.92,18,1,0,1,0,0,0,1.96,4,90.0,0,1,2.0,49.61,0,0
5686,17,0,1,1,10.06,1,1,2,1,1,0,1,3.97,0,99.44,1,3,3.2,20.65,0,3
5687,17,0,0,2,9.12,27,0,1,0,0,1,1,2.07,3,85.0,1,2,0.6,45.95,0,1
5688,15,1,0,3,8.2,8,1,3,1,0,1,0,3.05,1,95.56,1,2,3.8,26.41,0,2
5689,17,0,0,4,16.71,7,0,2,1,0,0,1,3.89,0,96.11,2,2,1.2,25.29,0,3
5690,16,0,2,2,7.61,20,0,3,1,0,0,0,2.5,2,88.89,1,1,1.8,42.44,0,1
5691,17,1,3,3,1.27,13,0,2,1,0,1,1,2.81,2,92.78,0,3,1.2,45.96,0,1
5692,15,0,1,1,1.32,29,0,2,1,1,0,1,2.91,2,83.89,0,3,1.2,48.76,0,1
5693,15,0,0,3,0.85,28,1,2,1,0,1,1,1.97,4,84.44,0,3,3.2,42.41,0,0
5694,16,0,2,3,8.18,8,1,1,1,0,0,0,3.55,0,95.56,1,1,2.6,33.14,0,3
5695,16,0,1,1,14.37,12,1,2,0,0,0,1,3.84,0,93.33,1,1,3.2,22.73,0,3
5696,17,1,1,2,4.07,17,0,3,0,0,0,1,2.63,2,90.56,0,1,1.8,45.96,0,1
5697,17,0,0,1,12.93,5,1,2,0,1,0,0,3.73,0,97.22,1,1,3.2,23.44,0,3
5698,15,1,2,2,13.74,22,1,1,1,1,0,0,2.46,3,87.78,1,2,2.6,29.13,0,1
5699,16,0,1,1,5.1,21,0,2,0,1,1,1,1.78,4,88.33,1,3,1.2,45.3,0,0
5700,16,1,2,3,12.01,30,1,1,0,1,0,1,1.73,4,83.33,1,2,2.6,34.68,0,0
5701,16,0,2,4,13.7,2,0,2,1,0,0,0,3.44,1,98.89,1,1,1.2,31.71,0,2
5702,17,1,0,0,9.33,9,0,4,1,0,0,0,3.13,1,95.0,1,1,2.4,33.85,0,2
5703,16,0,2,2,6.73,29,0,2,1,1,0,1,2.22,3,83.89,1,3,1.2,43.72,0,1
5704,15,1,2,2,12.38,9,1,3,1,1,0,0,3.77,0,95.0,1,2,3.8,19.58,0,3
5705,15,1,0,4,19.56,9,0,3,0,1,1,0,2.99,2,95.0,2,2,1.8,21.64,0,1
5706,17,0,0,2,8.54,8,0,2,0,1,0,0,2.23,3,95.56,1,1,1.2,42.35,0,1
5707,18,1,0,2,7.83,29,0,3,1,0,1,0,2.11,3,83.89,1,2,1.8,42.39,0,1
5708,17,0,1,2,9.29,30,0,2,0,1,0,0,3.21,1,83.33,1,1,1.2,43.24,0,2
5709,18,0,0,1,1.52,11,0,2,1,0,0,0,3.0,1,93.89,0,1,1.2,49.78,0,2
5710,16,0,1,1,11.06,23,0,3,1,0,0,0,2.61,2,87.22,1,1,1.8,38.44,0,1
5711,17,0,0,2,6.57,30,0,3,0,0,1,0,2.38,3,83.33,1,1,1.8,45.99,0,1
5712,15,0,3,1,2.43,7,0,4,1,1,0,0,2.56,2,96.11,0,2,2.4,41.01,0,1
5713,16,1,0,2,9.33,23,0,3,1,0,1,0,1.51,4,87.22,1,2,1.8,40.85,0,0
5714,15,0,0,2,0.07,8,1,2,1,0,0,0,1.99,4,95.56,0,1,3.2,44.45,0,0
5715,16,0,1,2,8.04,16,1,3,1,0,1,1,2.91,2,91.11,1,3,3.8,26.01,0,1
5716,17,0,1,1,2.11,7,0,3,0,0,0,1,3.03,1,96.11,0,1,1.8,45.47,0,2
5717,18,0,0,4,0.49,17,0,3,1,1,0,1,2.57,2,90.56,0,3,1.8,45.58,0,1
5718,16,0,0,4,16.49,19,1,3,1,1,0,1,2.47,3,89.44,2,3,3.8,17.14,0,1
5719,18,0,0,1,18.32,16,0,4,1,1,0,1,3.93,0,91.11,2,3,2.4,16.98,0,3
5720,16,1,2,2,4.15,27,1,1,1,1,0,1,1.87,4,85.0,0,3,2.6,41.07,0,0
5721,15,1,2,3,10.79,5,0,2,0,1,0,1,3.04,1,97.22,1,2,1.2,34.43,0,2
5722,15,0,1,1,5.56,9,0,3,1,1,0,0,2.89,2,95.0,1,2,1.8,39.39,0,1
5723,16,1,2,2,9.87,0,1,3,1,0,0,1,4.0,0,100.0,1,2,3.8,20.39,0,3
5724,18,0,2,1,8.73,27,1,3,0,1,0,0,2.25,3,85.0,1,1,3.8,33.94,0,1
5725,17,0,0,4,5.38,20,0,2,1,1,1,1,2.77,2,88.89,1,4,1.2,39.78,0,1
5726,17,0,3,4,14.01,30,0,2,0,1,0,0,2.81,2,83.33,1,1,1.2,38.34,0,1
5727,15,0,2,2,2.53,24,1,1,1,1,1,1,2.02,3,86.67,0,4,2.6,39.63,0,1
5728,17,0,0,2,1.06,0,0,3,1,1,1,0,3.08,1,100.0,0,3,1.8,40.29,0,2
5729,15,1,0,4,15.35,8,1,1,0,1,0,0,2.98,2,95.56,2,1,2.6,25.6,0,1
5730,17,1,0,4,13.32,19,0,3,1,0,0,0,2.81,2,89.44,1,1,1.8,34.34,0,1
5731,16,1,0,4,9.97,2,0,4,1,1,0,0,2.9,2,98.89,1,2,2.4,29.77,0,1
5732,15,1,2,1,9.36,23,0,2,0,0,1,0,3.16,1,87.22,1,1,1.2,41.92,0,2
5733,15,0,1,1,9.95,5,0,1,0,1,0,0,2.75,2,97.22,1,1,0.6,41.43,0,1
5734,16,1,2,3,8.74,6,0,0,1,1,1,1,2.47,3,96.67,1,4,0.0,39.07,0,1
5735,15,0,2,2,7.86,8,0,2,0,0,1,1,1.78,4,95.56,1,2,1.2,41.82,0,0
5736,17,1,1,0,9.99,4,0,2,1,0,1,0,3.82,0,97.78,1,2,1.2,33.28,0,3
5737,17,1,2,1,10.57,28,1,2,0,0,0,1,2.71,2,84.44,1,1,3.2,33.41,0,1
5738,15,1,0,4,13.84,15,1,2,0,1,1,0,3.79,0,91.67,1,2,3.2,21.6,0,3
5739,17,1,0,4,14.22,1,1,2,1,0,0,1,4.0,0,99.44,1,2,3.2,17.88,0,3
5740,18,0,1,2,7.55,2,1,3,1,0,1,0,3.37,1,98.89,1,2,3.8,25.25,0,2
5741,15,1,0,4,8.27,2,0,4,0,0,0,0,3.63,0,98.89,1,0,2.4,35.07,0,3
5742,16,1,0,2,7.47,19,1,2,1,0,0,0,3.43,1,89.44,1,1,3.2,33.74,0,2
5743,18,0,3,3,10.73,25,0,3,0,0,0,0,2.21,3,86.11,1,0,1.8,42.74,0,1
5744,15,0,2,2,9.07,22,0,1,1,1,0,1,3.06,1,87.78,1,3,0.6,40.06,0,2
5745,16,1,0,1,17.79,27,0,2,1,1,0,1,2.91,2,85.0,2,3,1.2,27.78,0,1
5746,17,0,2,2,13.93,9,1,3,0,1,1,0,2.78,2,95.0,1,2,3.8,20.11,0,1
5747,16,0,2,2,17.97,21,0,2,1,1,0,0,3.33,1,88.33,2,2,1.2,27.84,0,2
5748,18,0,0,2,14.18,2,0,0,1,1,0,1,2.52,2,98.89,1,3,0.0,33.86,0,1
5749,17,1,0,1,19.42,14,1,2,1,0,0,1,3.43,1,92.22,2,2,3.2,15.33,0,2
5750,15,0,3,4,12.71,13,0,4,1,0,0,1,3.29,1,92.78,1,2,2.4,27.51,0,2
5751,17,1,0,1,19.27,22,0,1,0,0,0,0,2.42,3,87.78,2,0,0.6,36.41,0,1
5752,15,1,0,1,3.16,3,0,3,1,0,1,0,3.8,0,98.33,0,2,1.8,38.95,0,3
5753,15,1,1,2,1.05,9,1,3,1,0,0,1,3.34,1,95.0,0,2,3.8,34.81,0,2
5754,16,1,2,2,11.58,10,1,1,1,1,1,0,2.62,2,94.44,1,3,2.6,26.6,0,1
5755,16,0,0,2,19.67,10,1,2,1,1,0,1,3.93,0,94.44,2,3,3.2,10.49,0,3
5756,16,1,0,3,8.35,7,0,1,0,1,1,0,2.69,2,96.11,1,2,0.6,41.47,0,1
5757,18,0,0,2,4.24,30,0,0,1,0,0,0,2.03,3,83.33,0,1,0.0,57.96,1,1
5758,18,1,3,3,10.43,22,0,1,0,1,1,1,3.17,1,87.78,1,3,0.6,38.09,0,2
5759,16,0,0,3,12.98,22,0,2,1,1,1,1,3.19,1,87.78,1,4,1.2,29.62,0,2
5760,18,1,1,0,6.3,8,0,1,0,0,0,0,2.48,3,95.56,1,0,0.6,49.75,0,1
5761,17,0,3,2,14.3,7,0,1,1,0,0,0,3.73,0,96.11,1,1,0.6,33.93,0,3
5762,17,1,0,4,19.5,11,1,2,1,1,0,1,2.99,2,93.89,2,3,3.2,13.24,0,1
5763,18,1,3,0,17.94,16,1,2,1,0,1,0,3.74,0,91.11,2,2,3.2,16.79,0,3
5764,18,0,3,2,5.83,22,0,4,1,1,0,1,2.38,3,87.78,1,3,2.4,37.63,0,1
5765,17,1,3,4,6.53,14,0,1,0,0,0,1,2.91,2,92.22,1,1,0.6,47.06,0,1
5766,15,1,0,2,7.43,18,0,3,0,1,0,0,2.56,2,90.0,1,1,1.8,42.13,0,1
5767,17,1,1,2,7.89,27,0,4,1,0,1,1,3.12,1,85.0,1,3,2.4,34.18,0,2
5768,17,0,2,4,2.01,19,0,0,0,0,0,1,1.44,4,89.44,0,1,0.0,60.08,1,0
5769,18,1,3,1,15.24,5,0,2,1,0,1,0,2.53,2,97.22,2,2,1.2,30.14,0,1
5770,17,1,0,1,7.31,4,1,2,1,1,1,0,3.33,1,97.78,1,3,3.2,26.27,0,2
5771,18,0,2,4,17.6,7,0,4,1,0,1,0,3.82,0,96.11,2,2,2.4,18.9,0,3
5772,18,0,0,4,18.54,17,0,3,1,1,1,1,2.89,2,90.56,2,4,1.8,19.72,0,1
5773,16,0,0,2,0.49,20,1,2,1,1,0,0,3.17,1,88.89,0,2,3.2,40.81,0,2
5774,17,0,1,2,19.77,20,1,3,1,0,1,1,2.86,2,88.89,2,3,3.8,12.25,0,1
5775,15,0,2,3,14.2,14,0,3,0,1,0,0,3.28,1,92.22,1,1,1.8,31.09,0,2
5776,16,1,1,3,10.41,2,1,2,0,0,0,0,3.11,1,98.89,1,0,3.2,30.06,0,2
5777,18,1,1,1,7.79,13,0,3,1,0,1,1,2.08,3,92.78,1,3,1.8,36.91,0,1
5778,18,1,3,0,10.37,25,1,3,0,1,0,1,3.65,0,86.11,1,2,3.8,25.5,0,3
5779,15,0,0,2,6.49,14,0,0,1,0,1,1,2.32,3,92.22,1,3,0.0,46.31,0,1
5780,18,1,1,4,12.45,30,0,4,1,1,0,0,2.49,3,83.33,1,2,2.4,33.14,0,1
5781,17,0,0,4,1.86,12,1,2,0,0,0,0,2.66,2,93.33,0,0,3.2,43.81,0,1
5782,16,0,0,4,12.42,20,0,3,0,1,0,0,2.71,2,88.89,1,1,1.8,35.91,0,1
5783,18,1,2,4,5.51,19,1,2,1,1,0,1,3.0,1,89.44,1,3,3.2,32.26,0,2
5784,18,0,3,2,0.35,26,1,4,1,0,0,1,2.44,3,85.56,0,2,4.4,38.52,0,1
5785,15,0,1,2,11.05,20,0,3,1,1,0,1,2.58,2,88.89,1,3,1.8,32.94,0,1
5786,17,1,2,3,11.57,25,0,3,0,0,1,1,3.04,1,86.11,1,2,1.8,34.62,0,2
5787,18,0,0,3,8.53,8,1,4,0,1,1,1,3.26,1,95.56,1,3,4.4,20.24,0,2
5788,15,0,0,2,1.45,22,1,2,0,1,0,0,2.83,2,87.78,0,1,3.2,43.34,0,1
5789,18,1,1,1,17.87,16,1,1,0,0,0,1,2.84,2,91.11,2,1,2.6,24.36,0,1
5790,15,0,0,4,12.23,18,1,2,0,1,1,1,3.23,1,90.0,1,3,3.2,23.09,0,2
5791,15,0,0,2,2.31,24,1,2,1,0,0,0,1.82,4,86.67,0,1,3.2,45.18,0,0
5792,17,1,1,2,10.22,3,1,2,0,1,1,1,3.73,0,98.33,1,3,3.2,21.44,0,3
5793,18,1,0,3,9.95,19,0,3,0,1,1,1,2.68,2,89.44,1,3,1.8,33.88,0,1
5794,17,1,0,3,1.21,9,0,3,0,0,0,1,2.67,2,95.0,0,1,1.8,47.88,0,1
5795,15,1,1,1,12.14,21,0,2,1,0,0,1,2.98,2,88.33,1,2,1.2,36.0,0,1
5796,16,0,1,3,16.17,2,0,4,1,0,1,0,3.49,1,98.89,2,2,2.4,20.54,0,2
5797,18,0,3,1,14.98,18,0,3,0,1,0,0,3.19,1,90.0,1,1,1.8,31.12,0,2
5798,16,1,1,1,4.06,30,1,4,1,0,0,1,3.34,1,83.33,0,2,4.4,32.41,0,2
5799,18,0,1,2,17.25,8,1,4,1,1,1,0,3.3,1,95.56,2,3,4.4,9.24,0,2
5800,17,0,3,3,6.85,28,1,1,0,0,0,0,2.56,2,84.44,1,0,2.6,43.67,0,1
5801,17,1,2,4,18.93,4,0,3,1,0,0,0,4.0,0,97.78,2,1,1.8,21.43,0,3
5802,17,1,0,3,1.43,13,0,2,0,1,0,1,2.43,3,92.78,0,2,1.2,49.21,0,1
5803,17,0,0,4,9.72,6,0,3,0,0,1,0,2.76,2,96.67,1,1,1.8,36.43,0,1
5804,17,1,2,1,11.94,20,1,3,1,0,1,1,3.36,1,88.89,1,3,3.8,20.79,0,2
5805,16,1,1,1,4.95,5,0,1,0,0,0,1,3.16,1,97.22,0,1,0.6,46.66,0,2
5806,17,1,2,2,15.43,23,0,4,0,1,1,0,3.38,1,87.22,2,2,2.4,25.83,0,2
5807,15,0,2,1,12.54,30,0,3,1,0,0,0,2.28,3,83.33,1,1,1.8,38.78,0,1
5808,15,1,1,3,0.36,7,0,4,1,0,0,1,2.82,2,96.11,0,2,2.4,42.95,0,1
5809,16,0,3,3,12.17,1,0,2,0,1,1,0,3.14,1,99.44,1,2,1.2,31.68,0,2
5810,18,0,1,4,9.83,26,0,4,1,1,1,0,2.74,2,85.56,1,3,2.4,32.51,0,1
5811,15,0,0,1,3.92,24,1,3,0,1,1,0,2.76,2,86.67,0,2,3.8,35.59,0,1
5812,18,1,2,2,19.91,25,0,3,0,1,1,0,2.8,2,86.11,2,2,1.8,24.79,0,1
5813,16,1,0,2,17.94,27,1,3,0,1,1,0,3.79,0,85.0,2,2,3.8,16.08,0,3
5814,18,1,2,1,5.85,27,1,3,1,0,0,0,2.15,3,85.0,1,1,3.8,37.79,0,1
5815,18,1,3,2,10.82,27,1,3,0,0,0,1,3.69,0,85.0,1,1,3.8,27.73,0,3
5816,18,1,2,2,6.33,13,1,2,1,1,0,0,2.27,3,92.78,1,2,3.2,34.39,0,1
5817,18,0,1,2,15.51,21,0,3,0,1,0,0,3.88,0,88.33,2,1,1.8,29.32,0,3
5818,16,0,1,2,18.61,6,1,3,1,0,1,0,3.85,0,96.67,2,2,3.8,11.01,0,3
5819,15,0,0,0,7.18,2,0,3,0,1,1,0,2.57,2,98.89,1,2,1.8,36.81,0,1
5820,17,1,0,2,16.11,19,0,2,0,1,1,1,2.91,2,89.44,2,3,1.2,28.33,0,1
5821,18,0,1,2,9.97,21,0,2,1,1,0,0,3.05,1,88.33,1,2,1.2,38.54,0,2
5822,15,0,2,0,7.93,22,0,0,1,1,0,1,2.76,2,87.78,1,3,0.0,44.96,0,1
5823,15,1,2,2,18.77,5,0,3,1,0,1,1,3.23,1,97.22,2,3,1.8,18.75,0,2
5824,16,1,0,1,10.21,20,1,2,0,1,1,1,2.34,3,88.89,1,3,3.2,28.23,0,1
5825,15,0,1,2,9.35,13,1,2,1,1,1,0,3.52,0,92.78,1,3,3.2,24.99,0,3
5826,16,0,2,1,13.45,11,1,3,0,0,0,0,3.22,1,93.89,1,0,3.8,25.0,0,2
5827,18,1,1,2,5.22,17,0,2,1,1,1,1,3.4,1,90.56,1,4,1.2,37.82,0,2
5828,18,1,1,3,6.5,11,1,4,1,0,0,1,3.07,1,93.89,1,2,4.4,26.34,0,2
5829,17,1,2,3,18.64,30,0,2,0,1,1,0,2.92,2,83.33,2,2,1.2,29.78,0,1
5830,17,1,2,3,13.57,30,1,4,0,0,0,1,3.67,0,83.33,1,1,4.4,22.2,0,3
5831,17,0,1,2,16.53,6,1,1,1,1,1,1,3.36,1,96.67,2,4,2.6,15.28,0,2
5832,15,0,3,2,5.42,4,1,2,0,1,0,1,2.37,3,97.78,1,2,3.2,33.53,0,1
5833,18,1,0,3,10.88,11,0,2,1,0,1,1,2.24,3,93.89,1,3,1.2,34.98,0,1
5834,16,0,3,2,19.43,8,0,3,0,0,0,1,2.34,3,95.56,2,1,1.8,25.73,0,1
5835,17,0,0,3,6.37,28,0,2,1,0,0,0,2.08,3,84.44,1,1,1.2,49.33,0,1
5836,16,1,0,2,3.21,10,1,2,0,1,0,0,2.63,2,94.44,0,1,3.2,39.31,0,1
5837,16,0,3,2,10.22,3,1,4,0,0,0,1,3.73,0,98.33,1,1,4.4,20.98,0,3
5838,17,0,0,3,7.76,13,0,1,0,1,0,0,3.24,1,92.78,1,1,0.6,44.5,0,2
5839,18,0,2,1,3.19,25,0,3,0,1,1,1,1.46,4,86.11,0,3,1.8,46.54,0,0
5840,17,1,2,2,17.77,11,0,3,0,1,0,1,3.45,1,93.89,2,2,1.8,23.12,0,2
5841,16,1,3,1,19.81,17,0,1,1,0,0,1,2.7,2,90.56,2,2,0.6,29.06,0,1
5842,17,0,3,2,11.37,6,1,3,0,1,0,0,3.36,1,96.67,1,1,3.8,23.78,0,2
5843,16,1,0,1,15.49,22,0,3,0,1,0,0,3.78,0,87.78,2,1,1.8,29.78,0,3
5844,16,1,2,2,17.18,0,1,2,0,0,1,0,2.94,2,100.0,2,1,3.2,19.13,0,1
5845,17,1,0,3,14.02,26,0,2,0,0,0,1,2.99,2,85.56,1,1,1.2,37.1,0,1
5846,15,0,1,3,0.88,29,0,3,1,1,0,1,3.02,1,83.89,0,3,1.8,46.31,0,2
5847,17,0,2,2,3.15,12,1,2,1,0,0,0,2.85,2,93.33,0,1,3.2,39.23,0,1
5848,15,1,0,4,1.42,15,0,2,1,1,0,0,2.38,3,91.67,0,2,1.2,49.74,0,1
5849,16,0,1,2,0.2,4,1,3,0,1,0,1,2.65,2,97.78,0,2,3.8,36.63,0,1
5850,16,0,1,2,6.12,18,0,1,0,0,1,0,2.31,3,90.0,1,1,0.6,49.85,0,1
5851,15,0,1,3,7.85,24,0,4,0,1,0,1,2.91,2,86.67,1,2,2.4,36.67,0,1
5852,16,0,3,3,4.82,8,0,2,0,0,1,1,2.49,3,95.56,0,2,1.2,43.85,0,1
5853,15,0,0,3,1.29,22,0,2,1,0,0,0,2.79,2,87.78,0,1,1.2,52.73,1,1
5854,15,1,1,1,10.6,27,1,3,1,0,0,1,3.0,1,85.0,1,2,3.8,27.23,0,2
5855,16,0,3,2,5.47,8,0,1,1,0,0,1,1.87,4,95.56,1,2,0.6,47.31,0,0
5856,18,0,1,4,15.92,11,1,3,0,0,0,0,3.85,0,93.89,2,0,3.8,20.34,0,3
5857,15,0,0,2,0.16,17,1,4,1,0,1,0,3.93,0,90.56,0,2,4.4,33.28,0,3
5858,17,1,1,3,16.85,26,0,2,1,0,1,1,2.62,2,85.56,2,3,1.2,29.49,0,1
5859,17,1,0,2,19.1,25,1,2,1,0,0,1,3.47,1,86.11,2,2,3.2,17.77,0,2
5860,16,1,0,3,14.32,23,0,2,1,1,0,0,3.5,0,87.22,1,2,1.2,32.37,0,3
5861,18,0,2,1,14.67,25,0,3,1,1,1,1,3.18,1,86.11,1,4,1.8,25.39,0,2
5862,16,1,1,2,18.67,9,1,1,0,1,0,0,3.45,1,95.0,2,1,2.6,20.47,0,2
5863,18,1,3,1,4.18,25,0,2,0,0,0,1,1.57,4,86.11,0,1,1.2,52.76,1,0
5864,15,1,2,3,19.89,28,1,3,0,0,0,1,2.94,2,84.44,2,1,3.8,18.46,0,1
5865,15,1,2,3,15.47,16,1,2,1,0,0,0,3.02,1,91.11,2,1,3.2,24.18,0,2
5866,15,0,0,0,14.53,18,1,1,0,0,0,0,3.46,1,90.0,1,0,2.6,29.87,0,2
5867,15,1,1,3,7.22,23,1,4,1,1,1,1,2.36,3,87.22,1,4,4.4,24.55,0,1
5868,17,1,0,2,10.92,10,0,2,1,1,1,0,3.91,0,94.44,1,3,1.2,30.57,0,3
5869,17,0,3,1,13.08,15,1,2,1,0,0,1,3.79,0,91.67,1,2,3.2,22.55,0,3
5870,16,0,0,2,12.41,7,0,1,1,0,1,0,2.42,3,96.11,1,2,0.6,37.07,0,1
5871,18,1,0,1,14.1,29,1,4,1,0,1,0,2.29,3,83.89,1,2,4.4,22.29,0,1
5872,15,0,1,2,1.65,25,0,2,0,1,0,0,2.94,2,86.11,0,1,1.2,52.49,1,1
5873,15,1,0,2,7.11,23,1,0,1,0,0,0,2.42,3,87.22,1,1,2.0,42.94,0,1
5874,18,0,0,3,8.68,26,1,2,1,1,0,1,2.69,2,85.56,1,3,3.2,30.43,0,1
5875,18,0,1,3,5.21,14,0,4,1,0,0,0,3.36,1,92.22,1,1,2.4,39.4,0,2
5876,16,1,0,3,3.45,27,0,1,0,1,0,1,1.82,4,85.0,0,2,0.6,53.66,1,0
5877,18,0,0,0,2.78,10,0,0,1,0,0,1,2.94,2,94.44,0,2,0.0,51.12,1,1
5878,15,1,0,4,7.33,6,1,3,0,0,1,0,2.57,2,96.67,1,1,3.8,30.81,0,1
5879,15,0,2,3,9.87,1,1,2,1,1,0,1,2.61,2,99.44,1,3,3.2,24.29,0,1
5880,15,1,1,0,1.26,18,1,3,1,0,0,0,3.09,1,90.0,0,1,3.8,39.43,0,2
5881,15,0,1,3,18.93,8,1,3,1,1,1,1,3.81,0,95.56,2,4,3.8,6.09,0,3
5882,15,0,1,1,15.3,17,0,1,1,1,0,1,1.71,4,90.56,2,3,0.6,34.68,0,0
5883,16,0,0,2,14.62,12,1,3,1,1,0,1,3.66,0,93.33,1,3,3.8,15.14,0,3
5884,15,0,3,2,3.46,22,0,0,1,1,0,1,3.36,1,87.78,0,3,0.0,49.05,0,2
5885,16,0,0,2,12.08,0,0,2,0,0,0,1,3.13,1,100.0,1,1,1.2,34.12,0,2
5886,15,1,2,4,10.59,18,0,3,0,1,1,1,3.61,0,90.0,1,3,1.8,30.56,0,3
5887,17,0,3,2,19.65,12,1,2,1,0,0,1,3.13,1,93.33,2,2,3.2,15.4,0,2
5888,17,1,2,1,14.95,13,1,1,0,1,0,0,3.5,0,92.78,1,1,2.6,25.77,0,3
5889,17,1,0,4,11.52,16,1,1,0,1,1,0,1.68,4,91.11,1,2,2.6,32.69,0,0
5890,17,1,0,4,17.02,21,1,4,0,1,1,1,2.99,2,88.33,2,3,4.4,12.83,0,1
5891,16,0,2,3,3.1,19,0,4,0,0,0,1,4.0,0,89.44,0,1,2.4,41.41,0,3
5892,16,1,0,2,0.3,0,1,2,1,0,0,0,3.68,0,100.0,0,1,3.2,38.38,0,3
5893,18,0,2,1,13.8,4,0,1,0,1,0,0,2.77,2,97.78,1,1,0.6,36.37,0,1
5894,15,1,2,3,1.97,29,0,4,1,0,0,1,2.56,2,83.89,0,2,2.4,45.87,0,1
5895,17,1,2,1,2.31,19,0,2,0,0,0,1,1.91,4,89.44,0,1,1.2,53.08,1,0
5896,16,1,0,1,14.89,13,1,2,0,0,0,0,3.01,1,92.78,1,0,3.2,26.84,0,2
5897,15,1,2,2,5.41,26,0,3,0,1,0,1,1.72,4,85.56,1,2,1.8,45.81,0,0
5898,15,1,2,1,12.57,25,0,1,0,0,0,0,2.79,2,86.11,1,0,0.6,44.45,0,1
5899,16,0,2,0,18.35,29,0,3,1,1,1,0,2.5,2,83.89,2,3,1.8,25.77,0,1
5900,17,1,0,2,6.33,26,0,4,0,0,1,0,3.0,1,85.56,1,1,2.4,41.23,0,2
5901,18,1,0,1,4.34,25,0,0,1,0,0,0,1.98,4,86.11,0,1,0.0,56.99,1,0
5902,15,0,0,1,2.13,17,0,3,0,0,0,0,2.23,3,90.56,0,0,1.8,51.88,1,1
5903,18,0,0,1,2.61,12,0,3,0,0,0,1,3.12,1,93.33,0,1,1.8,45.59,0,2
5904,17,0,1,1,1.24,22,0,4,1,1,1,0,2.37,3,87.78,0,3,2.4,43.39,0,1
5905,17,1,3,3,1.75,11,0,2,1,0,0,1,2.52,2,93.89,0,2,1.2,48.2,0,1
5906,18,1,0,3,8.64,14,0,4,0,0,0,0,3.69,0,92.22,1,0,2.4,36.79,0,3
5907,17,1,2,2,6.42,23,0,2,0,1,1,0,3.32,1,87.22,1,2,1.2,42.69,0,2
5908,15,1,0,2,14.13,3,1,2,1,0,0,1,3.68,0,98.33,1,2,3.2,19.18,0,3
5909,18,1,0,0,17.4,8,0,2,1,0,1,1,3.04,1,95.56,2,3,1.2,24.25,0,2
5910,17,1,0,1,15.7,2,0,4,1,0,0,0,4.0,0,98.89,2,1,2.4,22.35,0,3
5911,18,0,0,1,10.61,28,0,1,0,0,0,0,3.12,1,84.44,1,0,0.6,46.66,0,2
5912,15,0,3,2,2.05,21,0,4,1,1,0,0,2.33,3,88.33,0,2,2.4,44.79,0,1
5913,17,1,0,3,14.2,10,0,2,1,1,1,1,3.46,1,94.44,1,4,1.2,25.09,0,2
5914,15,1,1,3,7.26,29,0,3,0,1,0,1,2.14,3,83.89,1,2,1.8,43.03,0,1
5915,17,1,1,2,1.71,14,0,2,1,1,0,1,2.86,2,92.22,0,3,1.2,45.48,0,1
5916,16,1,3,1,16.85,15,0,1,0,1,1,1,2.78,2,91.67,2,3,0.6,29.68,0,1
5917,17,1,0,3,6.76,29,0,3,1,1,1,1,2.39,3,83.89,1,4,1.8,38.03,0,1
5918,18,0,0,2,4.36,6,0,2,0,0,0,0,3.0,1,96.67,0,0,1.2,47.76,0,2
5919,17,0,0,3,17.43,6,0,2,0,0,0,0,2.71,2,96.67,2,0,1.2,32.15,0,1
5920,15,1,1,2,18.04,21,0,3,1,1,0,0,2.86,2,88.33,2,2,1.8,26.2,0,1
5921,15,0,0,3,6.78,8,1,1,0,0,1,0,3.17,1,95.56,1,1,2.6,35.84,0,2
5922,17,1,3,4,7.1,30,0,3,1,0,1,0,2.7,2,83.33,1,2,1.8,42.03,0,1
5923,18,1,1,4,11.59,16,0,2,0,1,0,1,2.84,2,91.11,1,2,1.2,36.07,0,1
5924,16,1,1,2,14.67,12,0,1,1,0,0,1,2.74,2,93.33,1,2,0.6,34.42,0,1
5925,18,0,1,2,1.26,8,0,4,0,1,1,0,2.72,2,95.56,0,2,2.4,42.27,0,1
5926,16,0,0,1,11.87,28,0,2,1,0,0,1,3.38,1,84.44,1,2,1.2,36.7,0,2
5927,15,1,1,4,19.06,8,0,3,1,1,1,1,3.89,0,95.56,2,4,1.8,14.82,0,3
5928,18,0,3,2,5.24,19,1,1,0,0,0,1,1.83,4,89.44,1,1,2.6,43.25,0,0
5929,16,0,2,1,18.18,28,1,1,1,0,1,0,2.31,3,84.44,2,2,2.6,25.13,0,1
5930,17,1,3,2,19.0,27,0,2,1,1,0,0,2.22,3,85.0,2,2,1.2,30.5,0,1
5931,15,0,2,1,5.38,30,0,2,1,1,1,0,2.19,3,83.33,1,3,1.2,45.68,0,1
5932,17,0,0,2,15.08,11,0,0,0,1,0,1,3.46,1,93.89,2,2,0.0,34.64,0,2
5933,15,1,0,2,4.78,20,0,1,1,1,0,0,2.11,3,88.89,0,2,0.6,49.91,0,1
5934,18,1,0,2,14.75,18,0,2,0,1,0,0,3.08,1,90.0,1,1,1.2,34.41,0,2
5935,18,0,0,1,15.95,22,0,2,1,0,0,1,3.34,1,87.78,2,2,1.2,30.53,0,2
5936,15,1,0,4,4.94,14,0,4,1,0,1,0,1.86,4,92.22,0,2,2.4,40.99,0,0
5937,15,0,1,3,14.32,17,0,2,1,0,0,0,2.63,2,90.56,1,1,1.2,35.87,0,1
5938,15,1,2,3,16.24,7,0,3,1,0,1,1,2.44,3,96.11,2,3,1.8,24.28,0,1
5939,18,1,3,2,7.17,24,0,0,0,1,1,1,2.14,3,86.67,1,3,0.0,47.85,0,1
5940,16,1,2,3,3.35,5,1,3,1,1,1,0,3.34,1,97.22,0,3,3.8,28.66,0,2
5941,17,1,3,2,1.84,24,1,2,1,1,1,0,1.76,4,86.67,0,3,3.2,40.92,0,0
5942,17,0,0,1,11.51,5,1,2,0,1,0,1,3.11,1,97.22,1,2,3.2,24.27,0,2
5943,18,1,0,1,19.56,2,0,0,1,1,0,0,2.17,3,98.89,2,2,0.0,30.51,0,1
5944,17,1,2,2,16.46,25,0,2,1,0,1,0,2.16,3,86.11,2,2,1.2,33.43,0,1
5945,15,1,0,1,8.72,2,0,4,1,1,1,1,3.73,0,98.89,1,4,2.4,24.25,0,3
5946,16,0,0,4,10.73,1,0,2,1,0,0,1,3.5,0,99.44,1,2,1.2,32.58,0,3
5947,17,0,0,0,5.59,4,0,4,0,1,0,1,2.29,3,97.78,1,2,2.4,37.16,0,1
5948,16,1,0,2,3.26,28,0,4,0,1,0,0,2.54,2,84.44,0,1,2.4,46.61,0,1
5949,15,1,1,2,9.64,29,1,1,1,1,0,1,2.54,2,83.89,1,3,2.6,32.92,0,1
5950,17,1,1,2,9.27,19,0,2,0,0,0,0,2.8,2,89.44,1,0,1.2,44.65,0,1
5951,18,1,1,2,10.44,11,0,4,1,0,0,0,3.44,1,93.89,1,1,2.4,32.08,0,2
5952,16,1,2,1,19.06,5,1,0,0,1,0,0,4.0,0,97.22,2,1,2.0,20.56,0,3
5953,15,1,0,3,12.08,15,0,3,0,1,0,0,2.78,2,91.67,1,1,1.8,35.18,0,1
5954,16,0,0,2,12.12,4,1,4,0,0,0,0,4.0,0,97.78,1,0,4.4,20.63,0,3
5955,17,1,0,2,2.56,5,0,3,1,0,0,0,2.39,3,97.22,0,1,1.8,46.12,0,1
5956,17,1,0,3,19.93,3,0,3,0,0,0,0,3.26,1,98.33,2,0,1.8,24.34,0,2
5957,18,1,2,4,15.46,13,0,3,0,0,0,1,2.88,2,92.78,2,1,1.8,30.32,0,1
5958,15,1,2,3,17.54,28,1,3,1,1,1,1,2.88,2,84.44,2,4,3.8,14.05,0,1
5959,15,1,2,3,8.29,2,0,2,1,0,0,0,3.12,1,98.89,1,1,1.2,39.27,0,2
5960,18,1,0,2,10.04,16,0,1,1,1,0,1,3.12,1,91.11,1,3,0.6,37.53,0,2
5961,18,0,1,2,10.44,4,0,3,1,0,1,0,3.25,1,97.78,1,2,1.8,31.42,0,2
5962,15,0,1,3,3.88,21,1,4,1,0,1,1,3.31,1,88.33,0,3,4.4,28.46,0,2
5963,16,0,1,4,13.79,20,0,2,1,0,0,0,3.23,1,88.89,1,1,1.2,35.62,0,2
5964,16,0,1,1,18.06,20,0,2,1,1,0,1,3.06,1,88.89,2,3,1.2,25.71,0,2
5965,18,0,1,2,3.27,27,0,2,1,1,0,1,2.4,3,85.0,0,3,1.2,47.21,0,1
5966,16,0,1,3,1.73,5,1,4,0,1,0,1,2.8,2,97.22,0,2,4.4,31.81,0,1
5967,15,1,2,2,14.76,19,0,0,1,1,1,1,2.52,2,89.44,1,4,0.0,33.95,0,1
5968,17,1,0,2,5.46,29,0,3,0,0,0,0,3.16,1,83.89,1,0,1.8,47.73,0,2
5969,17,1,2,2,12.48,27,0,4,1,0,1,0,2.56,2,85.0,1,2,2.4,32.34,0,1
5970,16,1,0,3,13.92,3,0,1,1,0,0,0,3.34,1,98.33,1,1,0.6,34.61,0,2
5971,18,1,0,4,6.44,26,0,4,1,0,0,1,3.54,0,85.56,1,2,2.4,37.24,0,3
5972,18,1,3,2,16.3,12,0,4,0,1,1,0,3.42,1,93.33,2,2,2.4,22.5,0,2
5973,18,0,3,1,11.0,7,1,4,1,0,1,0,3.34,1,96.11,1,2,4.4,19.26,0,2
5974,18,1,0,1,17.38,10,0,2,1,0,1,1,3.92,0,94.44,2,3,1.2,22.47,0,3
5975,18,0,1,0,15.27,23,0,2,1,0,0,0,2.76,2,87.22,2,1,1.2,35.53,0,1
5976,16,0,0,2,17.37,27,0,3,0,0,0,0,2.62,2,85.0,2,0,1.8,33.81,0,1
5977,17,1,1,2,0.4,18,1,2,0,1,0,0,3.47,1,90.0,0,1,3.2,42.28,0,2
5978,17,1,2,1,4.87,22,0,1,1,0,1,1,2.27,3,87.78,0,3,0.6,47.29,0,1
5979,16,1,3,3,1.8,30,0,4,1,0,0,0,2.56,2,83.33,0,1,2.4,48.78,0,1
5980,18,1,1,3,8.84,4,0,3,0,1,1,0,2.83,2,97.78,1,2,1.8,34.47,0,1
5981,16,1,0,1,17.8,4,0,2,1,0,1,1,2.1,3,97.78,2,3,1.2,25.32,0,1
5982,17,1,1,2,9.35,27,1,0,0,1,0,1,1.79,4,85.0,1,2,2.0,40.0,0,0
5983,15,1,0,4,16.99,28,1,3,1,1,0,0,2.55,2,84.44,2,2,3.8,20.56,0,1
5984,16,0,3,2,6.54,2,0,4,0,0,1,1,3.1,1,98.89,1,2,2.4,33.55,0,2
5985,18,1,3,3,6.79,1,0,2,0,0,1,1,3.09,1,99.44,1,2,1.2,38.53,0,2
5986,17,1,1,2,17.91,28,1,1,1,1,0,1,3.06,1,84.44,2,3,2.6,21.09,0,2
5987,17,0,0,3,8.52,2,0,3,1,1,0,0,2.77,2,98.89,1,2,1.8,34.63,0,1
5988,17,1,0,3,15.8,14,0,2,1,1,0,0,2.64,2,92.22,2,2,1.2,30.92,0,1
5989,17,1,0,3,4.73,6,0,1,1,0,0,0,4.0,0,96.67,0,1,0.6,45.03,0,3
5990,18,0,2,4,18.98,2,0,2,1,0,1,0,3.0,1,98.89,2,2,1.2,23.71,0,2
5991,15,1,1,4,11.49,14,1,2,1,1,1,0,3.35,1,92.22,1,3,3.2,22.94,0,2
5992,17,1,0,2,15.19,10,1,2,1,1,0,1,3.74,0,94.44,2,3,3.2,16.56,0,3
5993,16,1,1,1,1.79,15,0,3,0,1,1,0,2.85,2,91.67,0,2,1.8,45.37,0,1
5994,15,1,2,2,9.85,12,0,2,1,1,0,1,2.75,2,93.33,1,3,1.2,35.19,0,1
5995,17,1,0,3,18.02,1,0,4,0,0,0,1,2.84,2,99.44,2,1,2.4,22.16,0,1
5996,15,1,3,3,17.54,19,0,3,1,1,0,1,2.49,3,89.44,2,3,1.8,24.86,0,1
5997,16,0,3,1,0.94,11,0,3,1,0,1,0,2.45,3,93.89,0,2,1.8,46.66,0,1
5998,17,1,3,1,6.07,20,1,1,1,0,0,1,2.57,2,88.89,1,2,2.6,38.06,0,1
5999,16,1,0,3,8.87,28,0,4,1,0,0,1,2.74,2,84.44,1,2,2.4,36.6,0,1
6000,18,0,0,1,3.45,6,0,4,0,1,1,1,2.55,2,96.67,0,3,2.4,37.07,0,1
