StudentID,Age,Gender,Ethnicity,ParentalEducation,StudyTimeWeekly,Absences,Tutoring,ParentalSupport,Extracurricular,Sports,Music,Volunteering,GPA,GradeClass
1130,18,1,3,3,6.85,20,0,3,1,1,0,0,2.94,2
3400,18,0,0,1,19.61,7,0,3,0,1,0,0,3.65,0
1097,16,1,2,2,6.07,3,0,2,0,0,0,1,3.13,1
3894,15,0,1,4,12.51,29,0,2,1,0,0,0,2.19,3
3359,16,1,0,1,16.11,7,0,0,1,1,0,1,2.75,2
1221,17,1,0,3,17.32,29,0,2,1,0,0,1,2.39,3
2027,16,0,3,1,14.05,29,0,4,0,0,0,1,3.25,1
5469,15,0,1,2,8.02,8,1,0,0,0,0,0,2.4,3
3465,15,0,0,1,9.29,27,1,3,0,1,0,0,3.81,0
2020,15,0,0,4,19.37,17,1,1,0,0,0,1,3.04,1
4428,15,0,3,3,7.48,0,1,2,1,1,0,0,3.59,0
3719,17,1,1,3,4.86,1,0,1,1,0,0,1,3.07,1
2385,15,1,1,1,17.46,28,0,3,1,0,0,0,2.64,2
4287,16,0,1,4,0.94,0,0,2,0,0,1,0,2.47,3
4579,18,0,0,4,2.7,11,0,1,0,0,1,1,3.04,1
1904,17,0,0,3,4.43,25,0,3,1,0,0,1,2.49,3
4999,16,0,0,2,7.73,20,0,2,1,0,1,1,2.5,2
2050,15,1,3,1,15.29,25,0,4,1,1,0,1,3.15,1
5482,18,1,0,2,2.47,12,1,3,1,1,0,1,3.25,1
4369,15,0,1,3,6.68,13,0,2,1,1,0,1,3.22,1
4309,15,0,1,4,9.58,11,0,2,1,1,1,1,2.71,2
5312,17,0,0,2,10.91,14,0,2,0,1,0,1,3.14,1
4879,16,0,0,3,5.95,26,0,2,1,0,1,1,3.06,1
4647,16,0,1,3,4.93,10,0,2,0,0,0,0,2.55,2
5121,18,1,3,3,3.06,2,0,4,0,1,0,0,3.44,1
5701,16,0,2,4,13.7,2,0,2,1,0,0,0,3.44,1
3492,15,0,0,1,0.16,18,0,1,1,1,1,0,2.02,3
1147,17,0,1,3,14.2,29,0,2,0,1,0,0,2.62,2
1487,17,1,0,0,17.07,27,0,4,1,0,1,1,2.94,2
4746,17,1,1,2,18.0,14,1,2,1,0,0,1,3.25,1
4469,17,1,0,1,7.46,26,0,1,1,0,1,1,3.11,1
1788,18,1,2,0,6.69,15,0,1,1,0,0,1,2.56,2
5794,17,1,0,3,1.21,9,0,3,0,0,0,1,2.67,2
5369,16,1,2,4,15.47,29,0,2,1,1,0,0,3.64,0
5449,18,0,0,2,3.84,13,0,2,1,1,1,1,3.55,0
3041,15,1,2,3,10.2,26,1,4,1,1,1,1,3.69,0
2553,17,1,1,3,3.11,5,1,2,1,1,1,0,3.68,0
5870,16,0,0,2,12.41,7,0,1,1,0,1,0,2.42,3
5792,17,1,1,2,10.22,3,1,2,0,1,1,1,3.73,0
1080,18,1,1,4,7.86,1,0,3,1,1,0,0,4.0,0
4713,15,1,2,3,19.35,16,0,1,1,0,1,0,1.3800000000000003,4
1233,18,0,2,4,18.35,9,0,3,0,0,0,0,3.23,1
1964,17,1,2,2,5.31,5,0,1,1,1,1,1,3.05,1
4224,17,0,3,4,17.05,11,1,4,1,0,1,1,3.44,1
1709,18,1,2,3,11.78,25,0,3,0,0,1,0,3.4,1
4489,16,0,0,1,15.48,28,0,3,0,0,0,0,3.28,1
2320,17,1,0,4,11.89,10,0,4,1,1,0,1,3.04,1
3374,18,1,1,1,13.63,24,1,3,0,0,0,1,2.25,3
1474,18,1,2,1,1.39,20,1,3,1,0,0,1,2.68,2
3657,17,1,2,3,1.23,4,1,2,0,1,0,0,2.81,2
2344,15,1,2,4,14.94,3,1,4,0,0,1,1,3.12,1
4150,15,1,0,3,13.2,28,0,4,1,0,0,0,3.23,1
3952,17,0,0,3,10.63,25,0,2,1,1,0,1,3.49,1
1278,16,1,0,3,13.01,21,0,4,0,1,1,0,2.63,2
3008,17,0,0,4,7.62,10,1,3,1,0,1,0,3.29,1
4760,17,0,1,2,13.19,19,1,3,1,1,1,0,3.41,1
3547,18,0,2,3,15.85,8,0,4,0,1,1,0,3.12,1
5824,16,1,0,1,10.21,20,1,2,0,1,1,1,2.34,3
2951,18,1,2,4,19.17,23,0,4,0,1,1,0,4.0,0
3901,16,0,1,4,1.14,23,0,3,1,0,0,0,3.38,1
4480,16,1,3,4,11.52,17,0,3,0,0,0,1,3.33,1
5072,15,0,2,1,8.92,30,0,3,1,1,1,0,3.3,1
3838,15,1,2,2,8.59,11,1,3,1,1,0,1,2.95,2
5829,17,1,2,3,18.64,30,0,2,0,1,1,0,2.92,2
5592,15,0,0,4,3.11,17,0,3,1,1,0,0,2.3,3
5027,15,1,1,3,4.09,19,0,1,1,0,0,1,3.06,1
1625,15,0,0,4,9.26,29,0,3,1,0,0,0,2.39,3
1968,16,1,0,2,9.75,8,1,4,0,1,1,0,3.14,1
2769,17,1,3,0,15.19,12,0,2,0,1,0,1,2.69,2
3218,15,1,2,3,17.24,26,1,2,0,1,0,1,3.8,0
3795,18,0,2,2,18.19,10,0,2,1,0,0,1,2.84,2
1274,18,1,2,1,15.05,19,0,2,0,1,0,0,3.12,1
4106,15,0,1,3,12.46,5,0,3,1,0,1,1,3.12,1
4694,18,1,0,1,10.31,24,0,3,1,0,0,0,2.72,2
4561,16,1,0,1,15.6,18,1,3,1,1,0,1,3.37,1
5356,17,0,2,2,16.88,4,1,0,1,0,1,0,3.61,0
1792,18,0,2,2,9.17,21,1,1,0,1,1,0,2.67,2
2274,17,0,1,1,12.58,22,0,1,0,0,1,1,2.68,2
4568,17,1,3,2,15.15,27,0,3,1,1,1,0,3.21,1
4185,18,1,0,2,5.72,4,1,3,0,0,0,0,2.92,2
3839,15,1,0,1,15.76,11,0,1,1,0,0,0,3.15,1
5714,15,0,0,2,0.07,8,1,2,1,0,0,0,1.99,4
5640,18,0,0,3,4.54,9,1,2,1,1,1,0,3.49,1
2932,18,1,0,2,6.3,22,0,4,1,0,0,0,2.79,2
3235,15,0,0,2,15.42,23,0,3,1,1,1,1,2.8,2
2628,15,1,2,2,14.67,24,0,2,0,1,1,0,3.42,1
1756,16,0,0,3,16.74,21,0,1,0,1,0,0,3.3,1
4625,18,0,0,2,19.19,5,0,3,1,1,0,0,3.18,1
5163,15,1,2,3,11.08,12,0,1,1,0,1,1,2.9,2
3265,16,0,2,3,17.97,4,0,2,0,1,0,0,4.0,0
3647,16,0,1,1,1.57,8,0,1,0,1,1,1,2.23,3
3597,17,1,0,3,3.65,20,0,0,1,1,0,0,2.83,2
3554,18,0,1,3,14.68,13,0,3,1,1,1,0,2.86,2
5550,18,1,3,3,15.1,9,0,4,0,0,0,0,3.36,1
4888,15,0,2,0,14.69,19,0,2,1,1,1,0,3.36,1
1523,16,0,1,4,7.28,22,0,3,0,0,0,0,2.27,3
1305,16,1,1,1,13.08,27,0,1,1,1,1,0,2.98,2
5945,15,1,0,1,8.72,2,0,4,1,1,1,1,3.73,0
5161,17,0,3,1,12.85,3,0,3,1,0,0,0,3.06,1
2761,18,1,0,3,1.25,12,0,2,1,1,0,0,4.0,0
5547,16,0,0,2,12.21,15,0,2,1,1,0,0,3.44,1
1432,16,0,0,1,19.58,1,1,1,1,0,0,1,3.36,1
4135,16,1,2,3,7.34,7,1,3,0,0,1,0,3.27,1
4347,16,0,2,2,15.02,21,1,2,0,1,0,0,2.68,2
4832,16,0,1,1,10.71,7,0,1,0,0,0,1,2.89,2
1004,17,0,0,3,1.67,12,0,3,0,1,1,1,2.66,2
4861,18,1,1,2,5.49,2,0,2,1,1,0,0,2.24,3
4169,16,1,1,2,4.06,17,0,2,0,1,1,0,2.95,2
2042,16,1,0,3,17.91,20,0,1,0,1,1,0,2.28,3
3390,16,1,1,1,4.7,10,0,3,1,1,0,0,2.93,2
4194,15,1,0,2,4.81,1,0,3,1,0,1,0,2.29,3
4112,17,0,0,2,1.7,24,0,4,1,0,1,1,2.03,3
4406,17,1,0,2,1.01,22,0,2,1,0,1,1,2.14,3
1898,18,0,0,1,17.82,19,1,0,1,1,0,1,3.81,0
2738,17,0,0,3,10.91,13,0,2,0,1,0,0,2.36,3
3339,18,1,2,3,4.0,13,1,1,1,0,1,0,1.78,4
4554,16,0,1,1,9.8,2,0,2,0,0,0,0,2.92,2
4284,16,0,0,1,9.51,23,1,4,1,0,1,0,3.12,1
2261,17,1,0,1,8.78,19,0,1,0,1,1,1,2.55,2
2783,18,1,1,3,1.47,19,0,2,1,0,0,0,2.66,2
4622,16,0,0,1,12.48,23,0,3,0,1,1,1,2.65,2
5955,17,1,0,2,2.56,5,0,3,1,0,0,0,2.39,3
2218,16,1,0,3,14.33,4,0,3,1,0,0,0,2.61,2
3580,16,1,2,1,14.62,30,1,1,0,1,0,0,2.26,3
4763,17,0,1,1,8.62,13,0,3,1,0,1,0,2.79,2
3456,15,0,3,1,10.55,26,0,3,1,1,1,0,2.74,2
2689,15,1,1,2,10.89,23,0,2,0,0,1,0,1.77,4
3871,18,1,2,3,0.9,4,0,1,1,0,0,0,3.61,0
3929,16,1,2,3,7.91,9,0,2,1,1,0,0,3.06,1
3274,16,0,0,3,7.25,23,1,2,0,1,1,1,2.72,2
3481,15,0,0,3,11.82,13,1,3,0,0,0,0,3.68,0
5021,18,0,0,3,2.09,13,0,3,0,0,0,0,3.07,1
5205,16,1,3,3,8.58,16,0,3,1,0,0,0,3.09,1
2516,16,0,0,3,10.94,28,0,3,0,1,0,1,2.4,3
5531,17,1,0,2,15.81,21,0,1,1,1,1,1,3.27,1
5730,17,1,0,4,13.32,19,0,3,1,0,0,0,2.81,2
1072,16,0,2,3,4.51,29,1,3,1,0,0,1,2.37,3
3113,16,1,1,1,8.54,26,0,2,1,0,1,1,2.73,2
2906,16,1,0,3,19.33,29,1,1,1,0,0,0,3.08,1
4149,17,1,0,3,12.59,2,1,4,1,0,0,1,3.28,1
1832,15,1,1,1,5.98,24,0,1,0,1,1,0,2.79,2
2637,15,1,3,3,16.54,8,0,4,1,1,1,0,3.6,0
3533,18,1,0,1,9.36,0,0,2,1,1,1,1,2.76,2
1312,17,0,1,1,13.97,9,1,2,0,1,0,1,3.16,1
1331,15,1,0,3,1.15,12,0,2,1,0,0,0,2.58,2
1058,15,0,0,3,13.41,21,0,2,1,0,0,0,3.37,1
3358,17,1,3,3,4.56,14,1,2,0,1,1,0,3.19,1
1014,17,0,1,2,9.37,10,1,2,1,1,1,1,2.63,2
4168,15,1,2,1,11.38,2,0,1,0,0,1,1,2.49,3
4917,18,0,1,3,7.09,14,1,4,1,1,0,1,2.87,2
1194,17,1,3,4,4.86,17,1,4,0,1,0,1,3.28,1
4786,16,1,1,1,13.02,9,0,3,0,0,0,0,3.63,0
5878,15,1,0,4,7.33,6,1,3,0,0,1,0,2.57,2
5846,15,0,1,3,0.88,29,0,3,1,1,0,1,3.02,1
4858,17,1,0,4,19.52,6,1,2,0,1,0,0,3.54,0
1197,16,1,2,3,16.36,22,1,3,1,0,0,1,3.06,1
3441,15,1,1,3,10.69,28,0,2,0,0,1,0,3.01,1
3378,18,1,1,3,9.6,18,1,3,0,1,0,0,2.65,2
5559,16,1,2,3,14.9,13,1,2,0,1,0,0,2.66,2
2921,17,1,3,3,13.23,22,1,2,1,1,0,1,2.74,2
1994,18,0,1,2,11.43,13,1,2,0,1,0,1,2.19,3
3486,17,0,2,1,6.03,23,0,1,1,1,0,0,2.23,3
2966,15,1,0,2,13.71,28,1,3,0,1,0,1,3.22,1
1978,18,1,0,3,16.7,22,0,2,0,0,0,0,2.35,3
4870,16,0,0,2,8.75,5,0,0,1,1,0,0,2.78,2
3334,15,0,1,4,18.1,27,1,3,0,1,0,0,3.62,0
3563,18,0,0,3,11.07,20,1,3,1,1,1,0,3.26,1
3331,18,1,0,3,14.66,0,0,3,0,0,0,0,3.02,1
2828,18,0,0,4,0.63,4,1,3,1,0,0,1,3.71,0
5426,15,0,2,3,9.14,9,1,3,1,1,1,1,2.92,2
3044,17,1,0,2,14.37,15,1,2,1,1,0,0,2.29,3
4296,18,0,2,1,13.19,28,1,1,1,0,1,1,2.67,2
4641,16,0,2,2,17.01,5,1,1,1,0,0,1,3.93,0
3285,16,0,0,1,6.48,24,1,3,1,1,0,0,3.3,1
3221,18,1,3,1,0.61,22,0,4,0,0,1,0,2.89,2
2477,17,1,1,3,1.64,21,0,3,0,1,1,0,3.12,1
1555,15,1,2,3,6.98,24,1,2,1,1,0,0,3.77,0
2474,16,1,3,2,7.56,14,0,2,1,1,0,1,2.12,3
3110,16,1,1,1,16.57,10,1,2,1,1,1,1,3.44,1
3933,15,0,1,2,11.44,23,0,3,1,0,0,1,2.74,2
2735,15,0,0,2,17.18,28,1,2,0,0,1,0,3.82,0
5218,17,1,3,1,7.16,19,0,2,0,1,0,0,2.97,2
4470,15,0,0,2,4.85,3,1,2,1,0,0,1,3.04,1
3415,16,1,1,1,1.53,3,0,4,1,0,0,1,3.33,1
5861,18,0,2,1,14.67,25,0,3,1,1,1,1,3.18,1
2226,16,0,1,2,18.91,24,0,1,1,1,1,0,2.16,3
4210,15,1,0,4,15.72,22,0,2,0,1,0,0,2.87,2
5838,17,0,0,3,7.76,13,0,1,0,1,0,0,3.24,1
2025,18,0,0,2,16.18,17,0,2,0,0,0,1,2.48,3
2858,15,0,0,2,0.69,30,0,4,1,0,0,1,2.77,2
5226,18,1,3,2,3.29,25,0,2,1,1,0,0,2.49,3
3549,16,1,2,3,17.14,8,0,3,0,0,0,0,3.26,1
2909,16,0,3,2,17.95,16,0,2,1,1,0,1,3.32,1
4527,16,1,1,3,4.58,29,1,3,1,1,0,1,3.31,1
4275,18,1,1,3,13.7,11,0,0,1,0,0,1,2.98,2
4011,16,1,2,2,13.27,4,0,2,1,0,1,0,3.51,0
1453,16,0,0,3,19.77,30,0,4,1,1,0,0,3.08,1
1207,18,0,2,3,15.91,24,0,2,0,1,0,0,2.71,2
5269,15,1,0,4,13.11,27,0,3,1,1,1,1,2.9,2
2874,16,1,0,3,17.06,8,0,3,0,1,1,1,3.16,1
4068,15,0,0,2,13.35,27,1,3,1,1,1,0,3.35,1
2986,16,0,0,2,0.15,14,0,4,0,1,1,0,2.5,2
3640,18,0,0,3,16.45,19,0,0,1,1,0,1,2.81,2
3067,18,1,0,2,10.92,23,0,3,0,0,1,1,3.74,0
5934,18,1,0,2,14.75,18,0,2,0,1,0,0,3.08,1
5639,18,1,1,3,8.11,25,1,0,1,1,1,0,3.21,1
2370,16,1,2,4,1.13,2,0,3,1,0,0,0,2.56,2
4873,17,0,2,3,13.98,30,0,0,1,1,0,0,2.24,3
1513,17,1,3,2,17.88,23,0,0,0,0,0,1,2.8,2
4400,18,0,3,0,0.19,13,1,3,1,0,1,1,2.56,2
1038,15,1,3,1,9.44,24,0,2,0,1,0,1,1.81,4
5896,16,1,0,1,14.89,13,1,2,0,0,0,0,3.01,1
3214,17,1,1,4,1.61,7,0,2,1,1,1,1,2.92,2
1359,15,1,3,1,7.97,19,1,0,1,1,0,0,2.55,2
5573,15,1,0,2,16.92,29,0,2,1,0,1,1,2.48,3
3188,16,1,0,3,19.84,21,0,3,1,1,1,0,3.72,0
3262,18,0,0,2,7.78,7,0,2,1,0,0,1,2.11,3
5264,15,1,1,3,2.91,25,0,2,1,1,0,0,2.47,3
4207,15,1,0,3,11.44,18,1,3,1,0,0,0,3.55,0
2581,18,1,3,1,13.97,23,0,3,0,0,0,1,2.24,3
4164,15,0,1,1,15.66,11,0,2,0,0,0,1,2.99,2
2767,16,0,3,1,10.55,7,1,3,1,1,0,0,2.88,2
4619,15,1,0,0,7.54,11,1,2,0,0,1,0,2.28,3
5937,15,0,1,3,14.32,17,0,2,1,0,0,0,2.63,2
1581,16,1,0,2,18.85,10,0,1,1,1,0,0,3.16,1
5978,17,1,2,1,4.87,22,0,1,1,0,1,1,2.27,3
1006,18,0,0,4,4.39,22,1,3,0,1,1,1,2.33,3
3642,18,1,0,3,10.45,25,0,3,1,1,0,1,2.0,3
4723,18,0,0,1,19.64,14,0,2,1,0,0,1,2.78,2
3735,18,1,0,1,13.16,0,1,0,1,1,1,0,3.88,0
3569,18,0,2,2,15.68,22,0,4,1,0,1,0,3.17,1
3704,15,0,0,3,15.49,27,0,1,0,0,0,0,3.72,0
2310,18,1,2,1,8.3,4,1,2,0,1,0,1,2.9,2
2520,15,0,0,4,2.23,11,1,2,0,0,0,0,3.52,0
4761,15,0,0,0,0.35,16,0,4,0,0,0,0,3.3,1
4390,16,0,0,1,14.64,8,0,1,1,0,0,1,3.02,1
4571,17,1,0,1,3.0,26,0,2,1,1,1,1,2.24,3
2954,18,1,0,3,19.44,15,0,3,1,1,0,1,3.65,0
2456,15,0,0,1,19.77,17,0,2,1,0,0,1,2.69,2
2532,16,0,3,1,12.62,14,0,2,0,0,1,1,3.0,1
5560,16,1,1,0,6.76,21,1,2,0,1,1,1,1.95,4
2902,15,0,0,4,3.14,29,1,1,1,1,0,0,2.33,3
4417,16,1,2,1,4.35,7,1,1,1,0,0,0,3.07,1
2357,18,0,1,1,1.16,23,0,3,0,1,0,1,2.43,3
4160,17,1,2,1,15.6,23,1,4,1,1,0,1,3.56,0
1929,16,0,1,2,6.59,22,0,2,1,0,0,0,2.93,2
1142,15,0,0,2,19.63,4,1,3,1,1,0,0,3.45,1
2818,17,0,3,1,1.24,2,0,2,0,1,1,1,2.93,2
3489,18,0,1,1,17.01,23,1,3,0,0,1,0,3.69,0
1616,17,1,2,2,6.18,30,0,4,1,0,0,0,2.75,2
3247,15,1,2,0,0.2,14,1,2,1,1,1,1,2.36,3
4891,18,0,0,3,6.12,3,0,3,0,1,0,0,2.14,3
4157,18,0,2,1,14.28,28,1,2,0,0,1,0,2.62,2
1785,16,1,0,3,12.92,29,0,2,1,1,0,1,2.92,2
4844,16,1,3,1,11.27,27,1,0,1,1,0,1,2.61,2
1093,16,1,2,2,9.14,3,0,2,0,1,0,1,2.94,2
5069,18,0,0,3,8.21,28,0,2,1,1,0,1,2.2,3
5191,18,1,3,2,14.26,9,1,2,1,1,0,1,3.42,1
1473,17,1,0,3,12.27,1,1,1,0,0,0,0,3.16,1
3798,18,1,0,2,12.22,28,0,2,1,1,1,1,3.59,0
3394,17,1,1,4,15.67,6,0,3,1,1,1,1,3.04,1
4817,17,0,1,1,5.24,22,0,2,1,0,1,0,2.2,3
5419,17,1,1,4,3.7,2,0,3,1,1,0,1,3.51,0
4564,18,1,3,2,7.47,5,0,1,1,0,0,0,2.2,3
1317,17,1,0,2,0.43,30,1,2,1,0,1,0,2.93,2
1919,18,0,0,3,16.44,13,0,1,1,0,0,0,3.57,0
1883,17,1,0,2,6.28,18,1,2,1,0,1,0,2.23,3
5317,17,1,2,1,0.11,13,1,3,1,0,1,1,2.76,2
5336,15,1,0,4,19.42,17,0,3,1,1,1,0,2.41,3
5612,18,1,0,3,1.57,22,0,3,0,0,1,0,2.14,3
5037,16,1,0,1,14.12,26,1,4,1,1,1,0,2.22,3
2965,15,1,0,2,16.55,24,0,2,1,0,0,1,3.42,1
3546,15,1,0,1,14.28,17,1,4,0,0,0,0,3.52,0
5827,18,1,1,2,5.22,17,0,2,1,1,1,1,3.4,1
4557,15,0,0,1,2.22,17,0,3,1,1,0,0,2.46,3
5298,16,0,2,0,11.61,27,0,2,1,0,0,0,2.76,2
2872,15,0,0,2,18.02,23,1,0,0,0,0,0,2.89,2
5042,18,1,0,1,6.61,30,0,2,0,0,1,0,2.49,3
4957,17,0,1,1,8.59,11,1,0,1,1,0,0,2.78,2
3179,17,0,0,2,15.23,30,1,3,1,1,0,0,2.83,2
5242,17,1,2,4,0.35,14,0,1,1,1,1,1,2.17,3
2215,16,1,2,3,6.52,14,1,2,1,0,0,0,2.68,2
1187,16,0,2,3,8.47,25,1,2,1,0,1,0,2.76,2
3190,17,1,1,2,3.94,6,1,3,0,1,0,0,2.44,3
1419,18,0,1,2,9.66,22,0,1,1,0,0,1,2.63,2
1172,15,1,1,1,2.17,14,0,2,0,0,1,1,3.51,0
2707,17,1,3,4,18.42,29,0,1,0,1,1,1,2.32,3
4375,16,0,1,2,4.14,14,0,3,1,1,0,0,2.08,3
3046,18,1,0,1,11.47,16,1,1,1,1,1,0,2.96,2
1634,15,1,0,2,13.56,8,1,2,1,0,0,1,2.87,2
5709,18,0,0,1,1.52,11,0,2,1,0,0,0,3.0,1
3760,17,1,0,2,3.27,8,1,3,1,1,0,1,3.3,1
5948,16,1,0,2,3.26,28,0,4,0,1,0,0,2.54,2
2378,15,1,2,2,9.63,25,1,3,1,0,0,1,2.26,3
4308,15,1,0,4,14.55,2,0,3,1,0,0,1,2.39,3
1079,17,0,1,1,1.54,21,0,2,0,0,0,0,2.13,3
5814,18,1,2,1,5.85,27,1,3,1,0,0,0,2.15,3
2799,17,1,0,1,0.91,1,0,0,1,0,0,0,2.35,3
5627,17,1,1,2,3.68,14,0,4,1,0,1,1,2.9,2
3595,15,1,0,1,15.65,29,0,4,1,0,0,0,2.85,2
1573,15,1,2,1,17.57,21,0,3,1,1,0,1,3.34,1
4657,15,0,1,2,16.78,28,1,3,1,0,0,1,2.83,2
1824,17,1,2,1,11.49,18,1,2,1,1,0,0,3.44,1
3242,17,0,3,1,10.71,27,0,3,1,1,0,1,2.18,3
3944,17,1,0,3,11.51,23,1,2,0,1,0,0,2.86,2
5276,17,0,0,1,9.0,15,0,2,0,0,1,0,3.42,1
4885,16,1,2,1,16.73,18,0,4,0,1,1,1,2.51,2
4170,18,0,0,3,5.86,3,0,2,0,1,0,1,3.03,1
5379,15,0,3,2,5.73,25,0,2,1,1,0,0,2.41,3
4253,15,1,0,2,13.43,13,1,1,1,1,1,0,2.53,2
3925,16,0,3,2,7.35,30,1,3,0,0,0,1,2.45,3
3099,16,1,0,3,6.68,15,1,0,1,0,0,0,1.76,4
5922,17,1,3,4,7.1,30,0,3,1,0,1,0,2.7,2
2179,17,0,0,3,11.28,17,1,4,1,1,1,1,3.03,1
1101,17,0,1,4,9.32,26,0,3,1,1,0,1,3.73,0
2669,17,1,0,3,14.37,1,0,2,1,1,0,1,3.94,0
1010,16,0,1,3,4.06,26,0,2,1,1,1,0,2.07,3
1127,16,1,1,2,12.81,4,0,3,0,0,1,1,3.38,1
3383,16,1,3,2,4.42,11,0,2,1,1,0,1,3.29,1
4482,17,1,0,0,19.81,5,0,1,1,1,0,0,3.36,1
2033,15,0,2,2,17.31,0,0,3,1,0,1,0,3.38,1
3991,16,0,2,4,5.92,15,0,2,0,1,1,0,2.6,2
5253,15,0,0,2,6.39,24,0,3,0,0,1,1,2.39,3
4043,15,1,0,4,8.98,16,0,2,0,1,1,0,2.64,2
2373,18,0,3,3,8.27,28,0,3,1,0,1,0,3.06,1
3476,17,1,1,2,0.44,1,0,3,0,1,1,1,2.83,2
3954,16,0,0,1,7.37,5,0,1,1,0,0,1,2.32,3
4611,17,1,1,2,18.46,13,0,1,1,0,1,0,1.77,4
4994,15,0,1,2,10.54,27,0,3,1,1,0,1,2.67,2
4640,17,1,1,3,16.66,16,1,1,1,0,0,0,3.44,1
5081,17,1,0,1,10.13,23,1,4,1,0,1,0,2.27,3
1648,15,1,2,3,16.41,1,0,3,1,1,0,0,3.42,1
3707,15,0,1,1,14.71,28,0,2,0,0,0,0,2.66,2
3032,15,0,0,2,8.9,22,0,2,0,1,0,0,2.48,3
1750,16,0,2,0,0.76,10,1,3,0,1,0,0,2.4,3
5416,15,0,0,3,8.45,25,0,2,1,0,1,0,1.55,4
2082,15,1,3,2,4.96,25,0,2,0,1,1,0,3.22,1
1544,16,1,2,3,14.89,28,1,1,1,0,1,0,2.44,3
2630,16,1,2,2,5.43,5,0,2,0,1,0,0,3.18,1
2924,17,0,1,4,14.54,27,0,0,1,0,0,1,2.47,3
2360,17,0,2,2,16.87,13,1,1,0,0,1,0,3.49,1
4101,17,0,2,1,1.53,24,0,3,1,0,1,1,2.97,2
4599,18,1,1,1,13.98,12,1,2,1,1,0,1,3.7,0
3738,16,0,0,2,9.02,30,0,2,1,1,1,1,2.92,2
3843,15,1,0,2,19.33,27,1,3,1,0,1,0,2.05,3
4698,15,0,1,1,6.62,16,0,1,0,0,0,1,2.83,2
1758,17,1,1,3,5.34,7,0,2,0,1,1,1,1.73,4
1332,15,0,0,2,18.75,30,0,2,1,0,1,0,3.53,0
5485,17,1,3,1,4.65,6,1,4,0,0,1,1,3.02,1
2955,17,0,2,3,19.56,13,0,3,1,0,0,0,3.25,1
1089,18,1,1,3,11.91,6,0,3,0,0,0,0,3.37,1
2622,16,0,1,1,16.3,8,1,1,0,1,0,0,3.24,1
3905,18,0,0,4,9.49,16,0,2,1,1,0,0,3.75,0
3155,18,1,0,2,15.73,19,0,3,1,1,0,0,3.02,1
5023,18,0,1,2,11.71,18,0,4,1,1,0,0,3.43,1
3401,15,0,0,3,14.08,8,0,2,1,1,0,0,3.59,0
5520,16,0,0,2,13.31,19,0,3,1,1,0,0,2.75,2
2364,16,0,1,2,7.49,22,0,3,0,1,1,1,3.22,1
3018,16,0,0,3,1.87,23,0,2,1,1,0,1,1.57,4
1382,16,1,1,3,6.44,26,1,3,1,0,0,1,1.56,4
4007,16,1,2,4,6.84,1,0,4,0,0,1,0,1.9,4
5537,18,0,1,3,9.63,21,1,2,1,0,1,0,2.55,2
1279,15,0,3,2,7.12,17,0,4,0,0,0,0,2.54,2
3225,18,1,3,3,19.43,6,0,0,1,0,1,0,3.14,1
5466,18,0,3,2,5.64,16,0,4,1,0,0,1,3.1,1
5802,17,1,0,3,1.43,13,0,2,0,1,0,1,2.43,3
5598,15,0,0,4,8.62,28,0,2,1,0,0,0,2.46,3
4260,17,0,2,1,6.12,25,1,1,0,1,0,0,2.22,3
3677,15,1,2,1,13.65,28,0,3,1,0,0,1,2.48,3
5853,15,0,0,3,1.29,22,0,2,1,0,0,0,2.79,2
1872,18,1,0,3,0.7,3,1,2,1,0,0,1,2.7,2
4630,18,1,2,4,14.53,26,0,3,1,0,0,1,3.19,1
2292,15,0,0,2,3.92,3,0,3,1,0,1,1,2.95,2
3968,15,1,0,3,8.02,4,0,3,1,1,0,1,3.02,1
2950,17,1,0,3,6.98,17,1,2,0,0,0,1,2.31,3
3131,15,0,0,3,15.4,9,1,3,1,0,0,0,2.77,2
1823,16,0,2,4,15.85,23,0,2,1,0,0,0,2.97,2
5257,16,1,0,1,17.15,2,1,0,0,0,1,0,2.66,2
4002,16,0,2,0,8.05,20,0,4,0,1,0,1,2.58,2
4276,16,0,2,2,13.43,15,1,2,0,1,0,0,3.28,1
3949,16,0,3,4,8.56,27,1,2,1,0,0,1,2.86,2
4217,17,1,1,2,12.27,21,0,1,1,1,1,0,2.42,3
2852,15,1,3,4,0.34,3,1,2,1,1,0,1,3.33,1
3120,18,0,1,3,5.51,1,1,2,1,0,0,1,3.03,1
4137,18,0,0,4,17.49,24,1,3,1,0,1,0,2.65,2
3059,16,1,3,1,14.4,16,0,2,1,0,0,0,2.83,2
2245,17,1,2,1,10.85,18,0,1,1,1,1,0,2.82,2
3496,18,0,0,4,10.3,14,1,2,1,1,1,1,3.45,1
2175,15,0,1,4,19.95,13,0,4,1,0,0,1,3.39,1
5510,18,1,0,3,14.39,14,0,1,1,0,1,0,1.93,4
3617,16,0,0,1,8.46,22,1,2,1,1,0,1,2.17,3
4248,15,1,1,1,11.21,22,0,0,1,1,0,1,2.59,2
4969,16,1,1,3,10.73,3,1,2,1,0,1,1,2.33,3
1765,15,1,3,3,2.72,14,0,2,0,0,0,0,3.1,1
2257,16,1,1,0,14.73,13,1,2,1,0,0,1,2.64,2
4078,17,0,1,3,7.61,8,0,1,1,1,1,1,2.55,2
1977,18,0,0,4,9.34,17,0,3,0,1,0,0,3.25,1
1376,18,0,2,2,13.12,27,1,2,1,1,1,0,2.92,2
1410,16,0,1,1,6.2,26,1,3,1,0,1,1,1.9,4
5743,18,0,3,3,10.73,25,0,3,0,0,0,0,2.21,3
3904,16,1,2,3,0.42,28,1,3,1,1,0,0,2.7,2
1389,15,1,1,4,9.33,26,0,3,1,1,1,0,3.04,1
4933,15,1,0,1,9.99,15,0,2,1,1,0,0,2.32,3
2817,16,0,0,2,6.64,21,0,4,0,1,0,0,2.34,3
2994,15,0,0,0,1.86,24,0,3,1,0,1,0,1.99,4
2167,15,1,1,1,9.52,14,1,3,0,1,0,0,3.1,1
2731,16,1,1,3,11.56,11,0,3,1,1,0,0,2.71,2
2742,16,0,0,2,18.1,30,0,3,1,0,0,1,3.06,1
5209,18,0,2,4,8.44,26,0,3,0,1,1,0,3.66,0
5178,17,0,2,2,1.07,6,0,2,0,0,1,0,2.55,2
4583,18,0,3,1,2.27,29,1,0,0,0,1,0,2.07,3
1055,17,0,1,2,9.44,26,1,2,1,1,0,0,2.43,3
4976,17,0,1,1,17.62,27,0,4,1,1,0,1,3.05,1
2544,15,1,0,2,10.92,26,1,3,0,1,0,1,2.21,3
3405,17,1,0,4,15.49,25,0,3,1,0,0,1,2.78,2
4968,18,1,2,4,4.24,27,0,4,1,0,0,0,2.72,2
4023,16,0,2,4,14.3,23,0,3,1,1,0,0,3.02,1
5941,17,1,3,2,1.84,24,1,2,1,1,1,0,1.76,4
1412,18,0,0,3,11.14,19,0,3,1,1,0,0,2.7,2
4500,18,0,0,3,2.61,3,0,4,0,1,1,0,3.04,1
3289,15,0,3,1,14.37,15,0,2,1,0,0,1,2.6,2
1891,17,1,2,4,0.75,7,1,2,0,1,0,1,2.81,2
5400,17,0,0,1,7.44,24,1,2,1,1,0,0,3.24,1
1892,17,0,1,1,10.01,1,1,4,0,0,0,0,2.46,3
3710,18,0,2,2,2.02,0,0,2,0,1,1,1,3.44,1
1821,17,0,2,2,1.37,26,0,3,1,0,1,0,2.5,2
5911,18,0,0,1,10.61,28,0,1,0,0,0,0,3.12,1
1144,18,1,2,2,8.37,27,0,1,0,0,1,1,2.01,3
3379,15,0,1,2,19.31,23,1,4,1,1,0,0,3.54,0
2171,18,0,0,3,1.01,20,1,2,1,0,0,0,1.86,4
2148,16,0,1,2,13.94,28,0,2,0,0,1,0,2.97,2
4455,17,0,3,2,17.42,10,0,2,1,0,1,1,3.84,0
4282,15,1,3,1,5.28,28,0,0,0,1,0,0,2.28,3
4416,17,0,0,2,18.19,11,0,2,0,0,0,1,3.31,1
3714,18,1,1,2,10.73,28,1,3,0,1,0,1,2.83,2
5119,16,1,3,4,11.13,14,0,2,1,0,0,1,2.71,2
4747,18,0,0,4,0.08,28,0,2,1,1,1,1,3.79,0
2884,15,0,1,0,11.82,7,0,3,1,0,0,1,2.27,3
3752,15,1,2,1,5.88,25,0,0,0,0,1,1,2.49,3
2564,16,0,1,2,10.19,5,1,2,0,1,0,0,3.05,1
3958,17,1,2,4,18.76,9,0,3,1,0,1,1,2.95,2
3156,18,0,2,1,6.68,26,0,2,1,1,1,1,3.06,1
3806,17,1,0,3,9.17,18,0,3,0,0,1,1,2.85,2
4122,15,0,1,0,19.45,16,0,2,1,0,1,1,4.0,0
5186,18,0,2,2,15.56,27,0,2,1,1,1,0,2.95,2
2225,15,1,0,2,0.91,12,0,4,1,0,0,1,2.33,3
4488,17,1,1,3,6.11,30,0,3,0,0,1,1,2.2,3
1593,15,0,0,2,14.17,7,1,4,1,1,0,0,3.33,1
3881,16,0,0,3,5.82,17,0,3,1,1,0,1,2.81,2
1179,15,1,1,3,10.47,19,0,4,1,0,1,1,3.07,1
4677,18,1,0,2,19.32,22,1,3,1,0,0,0,3.15,1
3942,17,1,1,3,7.44,21,1,2,1,1,0,0,1.88,4
5429,17,0,1,2,7.38,19,0,0,1,1,1,0,3.35,1
5574,15,0,0,4,9.1,22,1,4,1,0,1,1,3.2,1
4949,15,1,0,2,11.62,1,1,3,1,0,1,1,3.26,1
5157,16,1,3,4,5.93,4,1,2,0,0,1,1,2.7,2
1095,16,1,0,3,11.86,20,0,2,1,0,1,0,2.88,2
1932,18,0,0,2,6.54,27,0,2,1,1,1,1,3.21,1
1802,16,0,0,3,5.53,10,1,3,0,0,0,1,2.92,2
3395,15,0,0,3,8.16,1,1,3,0,1,0,1,3.82,0
2675,15,0,0,0,12.29,30,1,3,0,0,1,0,2.39,3
1422,16,0,0,2,13.73,22,1,2,1,0,1,0,3.65,0
3075,17,0,1,2,11.4,7,1,1,0,1,0,0,2.81,2
2347,17,1,0,4,7.2,29,0,1,1,0,0,0,1.3800000000000003,4
4537,15,0,0,2,3.21,22,1,4,0,1,0,0,2.08,3
4491,17,1,2,4,17.65,27,1,1,1,0,1,0,3.17,1
5251,15,0,0,1,16.02,11,1,2,0,1,1,1,2.24,3
3030,18,1,0,2,6.5,6,0,2,0,0,1,1,1.85,4
1606,17,0,1,1,4.2,27,0,3,1,0,1,1,2.78,2
1164,18,0,1,2,9.86,7,0,2,1,0,1,0,2.14,3
5288,15,0,2,4,4.74,8,1,2,0,1,1,0,2.81,2
1780,17,0,0,1,19.94,7,1,0,1,0,1,0,3.98,0
2537,15,0,2,4,12.67,5,0,3,1,1,1,0,4.0,0
3487,16,1,1,2,9.08,25,0,3,0,1,1,1,3.04,1
3909,18,1,0,3,11.57,23,0,4,0,1,0,0,2.83,2
3159,16,0,0,2,13.94,21,1,2,1,0,1,1,3.37,1
2923,18,0,0,1,14.69,16,0,1,1,1,0,0,1.73,4
2650,16,1,3,3,6.51,17,1,3,1,0,0,0,2.58,2
2423,17,0,0,4,4.9,30,0,4,1,1,1,0,3.14,1
3201,15,1,0,2,11.33,18,0,0,1,0,1,0,2.29,3
1176,16,1,2,1,14.29,9,0,2,1,1,1,0,3.21,1
5783,18,1,2,4,5.51,19,1,2,1,1,0,1,3.0,1
4629,18,0,0,4,19.51,28,0,3,0,1,0,1,2.07,3
3514,18,0,0,2,10.9,20,0,4,1,1,1,0,2.74,2
2985,16,1,2,2,5.89,4,1,0,0,1,0,1,2.94,2
2938,16,1,2,2,5.18,4,0,4,1,1,0,1,3.8,0
1938,15,1,0,1,3.45,27,0,4,1,1,1,0,2.39,3
3879,17,1,1,2,9.82,29,0,1,0,0,0,0,2.2,3
3725,15,0,3,3,14.84,2,0,2,0,1,0,0,2.61,2
2198,17,0,2,2,1.12,26,0,4,0,0,0,0,2.65,2
4261,18,0,0,3,8.17,23,1,3,1,0,0,0,3.44,1
5967,15,1,2,2,14.76,19,0,0,1,1,1,1,2.52,2
4026,17,1,1,0,17.74,26,1,3,1,0,0,1,2.58,2
5992,17,1,0,2,15.19,10,1,2,1,1,0,1,3.74,0
5804,17,1,2,1,11.94,20,1,3,1,0,1,1,3.36,1
2337,17,0,0,2,6.89,3,0,2,1,0,0,0,2.49,3
3583,16,0,0,3,2.11,8,0,2,1,0,0,0,2.09,3
1963,16,1,1,2,11.48,8,1,2,0,0,0,0,3.14,1
1266,16,0,1,0,5.96,23,0,3,1,1,0,0,2.11,3
5579,18,0,0,1,6.96,30,1,1,1,1,1,0,3.33,1
1644,15,0,0,4,5.77,30,0,1,1,1,0,1,2.57,2
1981,18,0,1,3,13.15,21,1,4,0,0,1,0,3.64,0
5867,15,1,1,3,7.22,23,1,4,1,1,1,1,2.36,3
4851,18,1,3,1,19.51,22,0,2,0,1,0,0,2.62,2
2556,15,1,2,2,6.72,12,0,2,1,1,0,0,3.78,0
5526,18,1,1,2,14.82,25,1,3,1,1,0,0,2.4,3
4601,15,0,1,1,6.68,10,1,2,1,1,0,1,2.34,3
3655,17,1,2,1,3.85,9,0,2,1,1,1,1,2.5,2
1091,18,0,0,1,4.52,8,0,3,1,0,0,1,2.84,2
1943,18,0,0,2,11.79,11,1,3,1,1,0,1,3.69,0
1154,17,0,2,1,4.22,21,0,0,0,0,1,0,1.65,4
5286,18,0,2,3,15.4,0,0,2,1,0,0,1,3.15,1
1973,15,0,2,1,18.67,0,0,1,0,0,0,0,2.71,2
3117,15,0,2,2,1.67,2,0,1,1,0,1,0,2.17,3
4808,18,0,2,1,5.13,5,0,3,0,0,0,0,1.66,4
5826,16,0,2,1,13.45,11,1,3,0,0,0,0,3.22,1
2704,17,1,0,2,11.54,13,1,0,0,1,1,0,3.1,1
1511,15,1,0,1,5.84,22,0,3,1,0,1,0,1.77,4
4107,16,0,0,2,2.24,27,0,3,0,0,0,0,2.91,2
1195,17,0,0,1,4.97,21,0,4,0,1,0,1,2.8,2
4650,15,1,0,3,13.83,7,1,3,0,1,0,1,3.27,1
3504,16,1,0,3,1.53,15,0,2,1,0,0,0,1.87,4
3212,17,1,0,2,2.88,28,1,3,1,0,0,0,3.11,1
1152,17,1,0,1,17.02,26,0,4,0,0,0,0,3.42,1
4967,15,0,1,4,0.44,25,0,2,0,0,1,1,2.76,2
2754,17,0,0,1,9.47,2,0,2,1,1,0,1,3.21,1
5906,18,1,0,3,8.64,14,0,4,0,0,0,0,3.69,0
4900,15,1,3,1,9.54,20,0,2,0,1,0,0,2.19,3
3748,15,1,2,3,5.27,16,0,2,1,0,0,1,2.82,2
1182,17,0,2,2,3.52,5,1,2,1,1,0,1,2.39,3
4631,18,0,2,1,18.3,13,0,2,0,0,1,1,3.74,0
3802,16,1,0,1,18.87,24,0,1,1,0,0,1,3.63,0
4396,17,1,2,1,12.07,30,0,2,1,0,0,1,3.19,1
4539,18,1,1,3,5.86,27,0,2,0,1,0,0,2.63,2
2705,17,1,1,1,14.79,21,0,2,1,0,0,1,3.05,1
1060,15,1,0,2,8.77,5,0,2,1,1,1,1,1.96,4
4314,15,1,1,3,4.27,8,0,3,0,0,0,1,2.83,2
2948,16,0,0,1,18.79,27,0,3,1,1,1,0,3.13,1
2866,16,0,0,1,12.67,22,0,3,0,1,0,0,1.62,4
1510,16,1,1,1,3.72,30,0,2,0,1,0,0,3.13,1
4193,17,0,0,1,4.51,21,1,2,1,1,0,1,2.54,2
4596,17,0,1,2,18.51,19,0,3,1,0,1,0,2.83,2
2321,18,0,1,3,17.68,4,0,3,1,1,1,1,4.0,0
4910,15,1,3,1,5.0,23,1,2,0,1,0,1,3.64,0
3211,15,0,1,3,15.02,18,0,2,1,0,1,0,3.14,1
1875,16,0,1,4,9.19,1,1,3,1,1,0,0,4.0,0
5850,16,0,1,2,6.12,18,0,1,0,0,1,0,2.31,3
3467,18,1,2,1,8.44,28,1,3,0,0,1,0,2.19,3
5390,16,0,1,2,8.99,12,1,4,1,0,0,0,3.0,1
2643,15,0,1,2,16.91,14,1,2,1,1,0,0,2.94,2
1945,15,1,3,2,5.19,20,1,1,0,1,1,0,2.85,2
3329,17,0,0,4,15.72,18,0,3,1,0,1,0,3.04,1
5843,16,1,0,1,15.49,22,0,3,0,1,0,0,3.78,0
1910,16,0,0,1,4.93,21,0,2,0,1,1,0,1.51,4
2797,17,0,3,1,2.87,17,0,3,0,1,1,1,2.32,3
2589,17,1,0,3,0.87,0,1,4,1,0,1,1,2.68,2
2238,18,0,2,4,18.64,30,0,3,1,1,1,0,2.91,2
2023,16,1,3,4,2.21,26,1,3,1,1,0,0,3.46,1
1433,15,1,2,3,11.91,21,0,1,1,0,0,1,2.38,3
3098,16,0,0,4,4.63,11,0,3,1,1,0,0,3.39,1
1257,17,1,0,2,15.66,8,0,1,0,1,1,1,2.27,3
2702,16,1,2,2,1.11,23,0,2,1,0,0,0,3.26,1
3031,17,1,2,2,10.33,14,1,3,1,1,1,1,4.0,0
3606,17,1,2,2,7.83,6,0,2,0,1,0,0,3.29,1
3409,17,0,0,4,2.21,21,0,3,1,0,0,0,2.19,3
3801,18,1,0,2,19.43,13,0,2,0,0,0,0,2.67,2
1553,15,1,3,2,2.04,27,1,3,0,1,1,1,2.32,3
1743,16,0,2,1,18.36,24,1,1,1,1,1,0,3.47,1
1210,15,0,0,3,1.77,24,0,0,0,0,1,1,2.62,2
5798,16,1,1,1,4.06,30,1,4,1,0,0,1,3.34,1
1348,18,0,0,4,11.28,21,1,3,1,1,0,1,3.71,0
3356,17,0,2,1,7.86,17,1,3,0,1,1,0,3.27,1
2543,18,0,3,3,15.17,30,0,4,1,1,0,1,3.21,1
1568,18,1,2,2,6.44,19,0,3,1,1,1,1,2.16,3
1734,18,1,1,3,7.52,5,0,3,0,1,0,0,2.45,3
4658,18,1,0,2,15.18,30,0,2,0,1,0,0,3.28,1
3716,17,0,3,1,7.03,20,0,2,1,1,1,1,2.67,2
4809,15,0,0,1,1.12,19,1,2,1,0,0,1,3.43,1
5777,18,1,1,1,7.79,13,0,3,1,0,1,1,2.08,3
5422,17,0,1,2,10.77,19,1,4,1,1,0,0,3.26,1
4037,15,1,0,2,9.3,17,0,2,0,0,1,1,2.66,2
1700,17,1,0,2,9.92,26,0,3,1,1,0,0,2.75,2
4509,15,1,3,2,1.76,6,0,2,1,1,0,0,3.08,1
3740,16,0,0,3,6.07,8,0,3,1,0,1,1,3.16,1
2452,15,0,3,3,3.16,0,0,2,1,0,0,1,2.73,2
3128,17,1,0,4,6.49,1,0,4,1,0,0,0,2.95,2
5135,17,0,2,3,6.1,2,0,4,1,0,1,1,3.36,1
5082,16,1,1,3,15.33,23,1,2,1,0,0,0,2.93,2
3017,15,0,0,1,6.39,4,0,2,1,1,0,1,3.14,1
2156,15,0,0,2,8.79,3,1,3,1,1,0,1,3.31,1
5561,15,0,2,3,7.03,17,1,4,1,0,1,1,3.59,0
1956,17,1,1,4,16.21,8,0,2,1,0,0,1,2.76,2
1118,16,0,1,3,17.89,15,1,1,0,0,1,0,4.0,0
3832,16,0,1,1,3.67,9,1,1,0,0,0,1,2.93,2
2976,15,1,1,4,12.98,24,0,2,1,1,0,0,2.44,3
4667,17,1,2,2,12.22,23,0,2,1,1,0,1,3.26,1
4807,16,0,1,2,19.72,27,0,2,1,0,0,0,2.53,2
4093,17,1,1,1,2.56,3,0,2,1,0,0,1,2.87,2
5102,16,0,2,3,3.22,5,0,1,1,1,0,0,2.49,3
3627,16,0,3,2,12.9,2,0,2,0,1,0,1,3.04,1
1373,16,1,1,2,13.59,22,1,3,0,1,0,0,2.52,2
3381,16,1,1,2,14.43,30,1,2,1,1,0,0,2.74,2
5766,15,1,0,2,7.43,18,0,3,0,1,0,0,2.56,2
2346,17,0,0,4,10.45,5,0,3,1,1,1,0,3.19,1
5095,16,0,1,3,11.54,17,0,3,0,1,0,1,1.3800000000000003,4
3810,18,0,0,2,5.34,16,0,4,1,1,1,0,3.35,1
2079,16,0,1,1,15.57,22,1,2,1,1,1,0,3.17,1
5413,17,0,2,3,10.2,5,0,2,0,1,1,0,3.54,0
4886,16,1,2,4,14.33,3,0,3,0,1,0,1,2.7,2
4038,18,0,3,2,14.02,30,0,3,1,1,0,0,1.75,4
5478,18,0,3,4,0.9,30,0,1,0,0,0,0,3.07,1
4575,17,0,3,2,3.2,30,0,4,0,0,1,0,1.68,4
1183,16,1,0,2,15.49,13,0,3,0,0,0,1,3.23,1
3455,15,0,3,2,6.37,11,0,4,0,0,1,0,3.61,0
2180,17,0,0,0,3.15,21,0,2,0,1,1,1,1.76,4
3177,18,1,3,0,8.51,19,0,0,0,0,0,1,2.3,3
4472,17,1,0,2,16.87,29,1,4,1,1,1,0,3.22,1
2961,16,0,1,4,12.16,12,0,2,1,0,0,0,3.27,1
5059,17,0,0,2,2.35,24,0,3,1,0,0,1,3.0,1
5664,15,0,0,2,7.61,30,0,2,1,1,0,1,2.34,3
3345,15,0,1,2,8.89,17,0,1,0,1,1,0,3.35,1
4719,18,0,3,2,5.03,15,1,0,0,1,0,1,2.26,3
3053,16,0,3,3,4.08,24,1,1,1,1,0,0,2.88,2
1045,18,1,1,3,14.34,30,0,3,1,0,0,0,2.49,3
5365,17,0,0,1,6.79,28,0,0,1,1,0,0,1.8,4
5825,15,0,1,2,9.35,13,1,2,1,1,1,0,3.52,0
2387,15,1,1,0,0.82,22,0,2,1,1,1,0,2.26,3
1486,16,0,3,3,16.3,27,1,3,1,0,0,0,3.7,0
1727,17,0,0,2,9.59,28,0,2,0,1,0,0,2.3,3
2372,17,0,0,1,15.13,12,0,2,0,0,0,1,2.73,2
4724,18,0,0,1,16.13,22,0,3,1,1,0,0,3.12,1
2497,18,1,0,1,6.76,16,0,2,1,0,0,1,3.35,1
5001,18,0,3,1,7.73,6,0,2,1,1,1,1,2.45,3
4370,15,0,0,2,16.8,14,0,3,1,0,1,0,2.29,3
3014,18,0,0,3,2.32,5,0,2,0,0,0,0,2.76,2
3653,18,0,0,1,11.36,24,0,1,0,0,1,1,2.98,2
3086,15,1,0,1,15.61,6,0,4,1,1,1,1,3.61,0
5471,16,1,1,4,1.96,19,0,3,1,1,1,0,3.19,1
5726,17,0,3,4,14.01,30,0,2,0,1,0,0,2.81,2
3488,16,0,3,1,10.52,8,1,1,1,0,0,0,3.33,1
3181,18,0,0,1,19.51,4,0,4,0,1,1,0,4.0,0
4656,16,1,1,4,12.47,6,1,4,1,1,0,1,3.87,0
5158,18,1,1,3,3.95,13,0,3,1,0,1,0,1.98,4
4003,16,1,0,4,9.44,21,0,2,1,0,0,1,3.8,0
1627,15,0,1,3,12.17,5,1,3,0,1,1,0,3.23,1
1855,17,0,1,1,4.61,15,1,1,1,1,0,0,2.68,2
2125,16,1,2,0,10.13,14,0,3,1,0,0,1,2.68,2
2732,17,0,0,1,1.05,5,1,3,1,1,0,0,2.68,2
4437,15,1,1,2,7.39,28,0,2,1,1,0,1,3.43,1
1947,15,1,0,1,4.75,15,1,2,0,1,1,0,3.52,0
2193,15,1,2,1,18.64,30,0,3,1,1,0,0,3.0,1
1559,18,1,0,2,18.4,19,0,3,1,0,0,1,3.74,0
3992,16,0,0,2,17.42,21,1,4,0,1,1,0,2.89,2
5502,15,0,2,4,8.7,19,0,2,0,0,0,0,2.95,2
2810,16,0,0,1,1.41,22,0,2,0,1,1,0,1.91,4
1753,16,0,0,2,6.26,20,0,3,0,1,0,0,3.47,1
5459,17,0,2,3,5.03,30,1,3,1,1,0,1,2.91,2
5819,15,0,0,0,7.18,2,0,3,0,1,1,0,2.57,2
2233,15,1,1,1,14.39,19,0,2,1,1,0,1,2.51,2
3705,18,0,0,1,8.35,6,0,3,0,1,0,0,2.82,2
3009,15,1,0,2,18.66,0,0,1,0,0,0,1,2.84,2
1254,15,0,0,2,15.16,28,0,4,1,0,1,0,3.99,0
1374,18,1,2,2,9.75,6,0,2,0,0,0,1,4.0,0
4294,15,0,0,0,9.22,10,0,2,1,1,1,0,2.72,2
4684,16,0,1,2,1.83,25,1,2,1,1,1,0,3.51,0
2987,16,1,1,1,5.93,20,0,2,1,0,1,0,2.89,2
4990,18,1,1,1,1.94,16,1,1,1,1,0,0,2.96,2
5208,16,0,2,4,19.71,12,0,4,1,1,0,0,3.53,0
4936,16,0,1,1,15.22,28,0,3,1,1,0,0,1.98,4
4935,15,1,1,3,4.38,26,0,1,1,1,1,1,3.13,1
1624,16,0,2,4,14.62,15,1,2,1,1,0,1,2.75,2
1075,15,0,3,4,18.64,19,0,4,1,0,0,1,3.85,0
2839,18,1,0,1,0.74,26,0,3,1,0,1,1,2.42,3
5268,18,0,0,1,15.03,18,1,1,1,1,1,0,3.4,1
5223,15,0,1,2,15.06,24,0,3,1,1,0,0,2.94,2
1799,15,0,3,3,2.64,5,1,4,0,0,0,1,3.1,1
5385,17,0,1,3,17.37,16,0,2,1,0,0,0,2.49,3
3805,15,0,0,3,19.15,1,1,4,1,1,0,0,4.0,0
5480,16,0,0,1,17.33,25,0,2,1,1,1,1,2.69,2
2150,15,1,3,4,17.75,26,0,3,0,0,0,0,3.37,1
5151,18,1,1,3,10.46,24,0,2,1,1,1,0,3.58,0
5224,17,1,0,2,19.24,0,0,2,0,1,1,0,2.79,2
5357,18,0,2,4,14.74,24,0,2,0,0,1,0,2.63,2
1988,18,1,3,0,6.39,12,0,2,1,0,1,0,2.17,3
1031,15,0,0,0,12.91,7,0,3,0,1,0,1,2.46,3
1878,16,1,2,2,0.19,30,1,2,1,1,0,1,2.14,3
1150,18,0,0,2,2.27,28,0,2,1,1,0,1,1.79,4
2899,18,0,0,3,18.71,28,1,4,0,1,0,0,2.79,2
2189,17,1,0,1,13.42,3,0,2,0,1,1,0,3.2,1
3052,17,1,1,2,1.83,9,0,4,1,1,1,0,2.61,2
2100,17,0,3,4,17.05,15,1,3,1,1,1,1,3.47,1
4566,18,1,1,2,17.62,28,0,3,1,1,0,1,2.22,3
2353,17,0,0,1,0.19,0,0,0,1,0,0,0,1.96,4
3341,16,0,3,3,14.65,15,0,3,1,0,0,0,1.3800000000000003,4
3939,15,0,0,1,19.29,20,0,4,1,1,0,1,2.76,2
1991,16,1,0,3,12.17,9,1,2,0,0,1,0,2.98,2
1992,18,0,1,3,7.87,29,0,2,0,0,0,0,2.42,3
2204,16,0,2,3,19.51,25,1,3,1,1,1,0,2.87,2
5907,17,1,2,2,6.42,23,0,2,0,1,1,0,3.32,1
5566,16,0,0,1,17.84,9,0,3,0,1,1,1,3.63,0
5039,18,0,2,2,18.51,10,1,1,1,1,0,1,3.45,1
4131,18,1,2,3,9.9,27,0,2,1,0,0,0,1.72,4
3551,18,1,3,2,8.23,3,0,0,1,1,0,0,3.59,0
2277,15,1,0,1,4.24,27,1,1,1,0,1,1,2.37,3
5293,18,1,1,1,16.05,25,0,2,1,1,0,1,2.8,2
3093,16,0,2,1,19.25,2,1,2,1,1,1,0,2.72,2
2190,18,1,0,3,12.91,4,1,3,1,0,1,1,2.38,3
4695,18,1,1,3,9.29,15,0,3,0,1,0,1,2.18,3
5198,15,1,3,3,6.52,14,1,3,1,1,1,0,2.83,2
3403,17,0,1,2,1.32,18,0,4,0,1,0,1,3.06,1
3132,15,0,1,1,4.46,27,1,3,1,1,1,1,2.24,3
5085,15,1,0,1,18.48,12,0,2,1,1,0,1,3.19,1
3764,15,0,2,3,11.91,30,0,2,0,0,0,0,2.88,2
2830,15,1,1,0,11.0,16,1,3,0,0,0,1,3.6,0
1121,18,1,0,0,11.38,23,0,2,1,0,1,0,3.08,1
2848,18,0,1,3,13.25,0,1,1,0,1,1,0,2.4,3
3062,16,0,1,3,13.47,24,1,1,1,1,0,1,2.42,3
1740,18,0,1,1,8.56,15,0,2,0,0,1,1,2.54,2
4125,15,1,0,1,7.31,27,1,3,1,1,0,0,2.78,2
4008,15,0,0,4,18.61,28,1,0,1,1,0,1,2.98,2
4405,15,1,1,1,1.11,20,0,2,0,0,1,0,2.42,3
1742,16,0,1,3,14.25,9,1,2,1,0,1,0,3.11,1
5699,16,0,1,1,5.1,21,0,2,0,1,1,1,1.78,4
4280,18,0,0,4,14.39,6,0,2,1,0,0,1,3.05,1
5134,18,0,0,2,12.53,15,0,3,1,0,0,1,2.69,2
5933,15,1,0,2,4.78,20,0,1,1,1,0,0,2.11,3
4965,16,0,1,3,8.24,0,1,1,1,0,0,1,2.76,2
1692,16,0,0,1,13.64,26,1,2,0,0,1,0,2.11,3
2012,15,0,2,3,6.7,26,0,3,1,1,1,0,2.59,2
5194,15,0,2,3,5.43,12,1,4,0,0,0,0,3.04,1
4022,16,1,2,4,5.4,15,1,4,0,0,0,0,2.75,2
3392,16,0,0,4,17.31,13,0,4,0,1,0,0,2.37,3
4155,17,1,2,1,6.38,23,0,1,0,1,1,1,2.39,3
2974,18,0,1,3,18.75,22,1,2,1,1,1,1,3.85,0
4203,18,0,3,2,19.8,29,0,3,0,0,1,1,2.41,3
1642,16,1,2,4,8.58,22,0,0,1,0,0,1,1.78,4
3246,16,0,0,1,12.12,20,0,2,0,0,0,1,2.87,2
5473,15,1,3,1,2.77,28,1,3,1,1,0,0,2.16,3
1888,16,0,3,1,6.99,15,0,1,1,0,1,0,2.38,3
4000,18,0,0,0,16.43,27,0,3,1,1,1,0,2.16,3
1037,18,0,1,4,7.68,2,0,3,1,1,1,1,3.54,0
2250,18,1,0,4,0.92,14,1,4,1,0,1,0,3.19,1
1655,16,0,0,2,14.58,6,0,0,0,1,1,0,2.59,2
1478,18,1,2,1,10.93,20,0,2,1,1,0,0,3.34,1
4227,15,1,0,2,14.68,29,0,2,1,1,1,0,2.72,2
5597,18,1,1,4,19.96,23,0,0,0,1,1,1,2.99,2
2482,15,0,1,2,15.8,10,0,2,1,1,0,1,2.86,2
5708,17,0,1,2,9.29,30,0,2,0,1,0,0,3.21,1
1643,18,1,0,2,17.95,18,1,1,0,0,1,0,2.39,3
1390,15,1,3,4,17.96,26,1,3,0,1,1,0,3.59,0
5620,17,1,0,2,15.97,0,0,0,1,0,1,0,2.77,2
4458,15,1,0,1,13.23,19,1,4,0,1,0,1,3.58,0
2290,15,1,1,3,0.35,21,0,2,1,0,0,0,3.07,1
3346,18,0,0,3,13.18,13,1,1,0,1,1,1,2.94,2
4661,18,0,1,3,3.83,20,1,2,1,1,0,1,3.04,1
5975,18,0,1,0,15.27,23,0,2,1,0,0,0,2.76,2
4714,16,0,1,1,16.22,8,0,3,1,0,0,1,3.46,1
3870,17,1,0,3,8.13,21,0,1,1,0,0,0,2.84,2
5159,16,0,2,4,2.58,17,0,2,1,1,0,0,2.82,2
2016,16,1,2,4,10.9,24,0,2,0,1,0,0,2.91,2
1923,15,0,0,2,4.76,6,0,4,1,0,0,0,2.93,2
3217,16,0,1,2,2.65,26,0,4,0,0,0,0,2.57,2
4438,17,1,0,3,12.13,12,1,4,1,1,0,0,3.28,1
4351,18,0,2,4,5.35,2,0,4,0,0,0,1,2.92,2
2750,17,0,1,1,3.66,29,0,2,1,1,0,0,2.96,2
2947,15,0,0,2,17.41,4,1,1,1,1,0,0,3.47,1
1356,17,0,1,1,15.3,27,0,4,0,0,1,1,2.07,3
1710,18,0,3,1,10.99,13,0,4,0,1,1,0,3.97,0
4801,18,1,2,4,10.24,6,0,3,1,0,0,1,3.01,1
4535,18,1,1,2,14.25,18,0,4,1,0,1,0,2.34,3
3538,16,1,0,3,17.0,1,0,4,1,0,1,0,3.0,1
4688,16,0,0,4,2.83,9,1,2,0,1,1,0,2.37,3
4042,18,1,0,3,17.63,2,0,3,1,0,0,0,3.24,1
4196,18,0,0,3,11.21,11,0,2,0,0,0,0,3.31,1
2222,16,0,2,2,7.19,2,1,2,1,1,1,0,3.14,1
5118,17,1,3,1,3.6,19,0,2,0,0,0,0,2.01,3
5995,17,1,0,3,18.02,1,0,4,0,0,0,1,2.84,2
5898,15,1,2,1,12.57,25,0,1,0,0,0,0,2.79,2
3876,16,1,1,2,11.57,8,1,3,1,0,1,1,2.37,3
4214,18,1,1,4,11.47,23,0,3,0,1,1,1,3.53,0
3917,17,1,2,2,7.4,26,0,3,1,1,0,0,3.2,1
4213,16,1,0,1,1.08,25,0,1,1,1,0,0,2.05,3
4778,17,0,0,2,15.59,2,1,1,0,1,1,0,4.0,0
3557,18,0,0,3,7.1,4,1,1,0,1,1,1,2.62,2
2144,17,1,3,3,19.29,9,0,2,1,1,0,0,3.35,1
5958,15,1,2,3,17.54,28,1,3,1,1,1,1,2.88,2
4328,17,1,3,1,3.44,2,0,3,1,1,0,0,2.79,2
5740,18,0,1,2,7.55,2,1,3,1,0,1,0,3.37,1
1012,17,1,2,3,3.43,16,1,3,1,0,0,1,2.88,2
5668,16,0,0,2,2.5,17,1,4,1,0,0,0,3.21,1
4105,16,0,2,3,7.59,25,0,3,0,0,0,0,4.0,0
1747,17,0,2,4,12.82,13,1,3,0,0,1,0,3.12,1
4461,18,1,3,4,2.56,3,0,4,0,0,0,0,3.1,1
5058,15,1,0,3,1.38,9,0,0,0,0,1,1,2.04,3
1003,15,0,3,1,11.25,3,1,3,0,1,0,0,2.59,2
1153,15,0,3,1,19.09,24,0,3,1,0,1,0,3.92,0
3325,17,0,0,1,10.08,12,1,3,1,0,0,1,2.88,2
3854,16,1,0,2,9.27,27,0,2,0,0,1,1,2.99,2
3856,15,1,1,1,19.93,25,0,3,1,0,0,0,3.27,1
1137,15,1,1,1,0.55,1,1,3,1,0,0,1,2.55,2
3453,16,1,0,0,10.82,3,0,1,0,0,1,1,2.98,2
1630,17,1,0,2,2.17,12,0,4,1,1,0,0,3.79,0
1300,18,1,0,3,7.84,13,1,3,0,1,1,1,2.24,3
2379,16,0,3,1,10.59,28,1,3,0,1,1,0,2.13,3
4605,16,1,1,0,6.5,29,1,4,1,1,1,0,3.11,1
3811,15,1,0,1,17.58,14,0,4,0,1,1,1,2.16,3
1047,18,1,1,1,2.87,29,0,1,1,0,1,0,2.61,2
2803,17,1,0,2,16.56,13,1,2,1,0,0,0,2.62,2
1587,16,0,1,1,4.16,7,0,0,1,0,0,1,2.54,2
3040,17,1,2,1,11.76,19,0,3,0,0,0,0,2.83,2
3404,15,1,1,1,15.27,16,1,3,1,1,0,0,2.17,3
3900,16,0,3,0,7.7,30,0,4,0,1,1,0,2.59,2
4109,15,1,2,4,8.36,1,1,4,1,1,0,1,3.06,1
3744,15,1,0,1,16.9,12,0,3,0,1,1,0,2.88,2
3431,18,1,0,4,18.47,8,0,2,1,0,0,1,3.26,1
3023,16,0,3,4,9.38,21,0,2,1,0,1,1,3.55,0
1822,18,1,1,1,17.36,5,1,3,0,0,0,0,3.83,0
4241,16,1,2,1,11.85,30,0,4,1,0,0,0,2.72,2
5344,17,1,2,4,15.73,12,0,2,0,0,0,1,3.0,1
5797,18,0,3,1,14.98,18,0,3,0,1,0,0,3.19,1
4365,18,1,1,2,6.46,19,0,2,1,0,0,0,2.09,3
3412,17,1,1,4,6.98,27,0,2,1,0,1,1,2.9,2
3794,15,0,2,4,14.48,13,1,1,1,0,1,1,3.41,1
4174,16,0,0,3,1.65,25,1,2,0,1,0,1,2.94,2
5246,15,1,3,1,19.92,24,0,2,1,1,0,0,2.56,2
1117,15,1,1,1,13.41,18,0,3,1,0,1,0,3.37,1
1403,17,1,3,1,16.9,16,0,2,1,1,1,1,3.23,1
1386,18,0,1,1,13.11,17,1,2,1,0,1,0,2.58,2
2165,15,0,0,2,8.42,1,1,2,1,0,1,1,3.73,0
3461,18,1,1,1,2.91,18,0,3,1,1,0,0,2.97,2
1258,16,0,1,2,3.62,9,0,2,1,0,1,0,2.97,2
4277,15,0,1,2,2.98,27,1,2,1,1,0,1,3.28,1
5590,15,1,2,1,15.07,20,0,2,0,0,0,0,2.39,3
4767,18,0,2,1,12.52,16,1,1,0,0,0,0,2.37,3
4856,15,1,0,4,15.65,18,1,3,1,0,0,0,3.7,0
2417,15,0,0,4,19.34,15,1,4,0,0,1,1,3.85,0
1293,15,1,0,2,13.95,12,0,2,1,1,0,0,3.24,1
1842,18,0,0,2,18.68,19,1,1,1,0,1,0,3.44,1
1294,16,0,0,3,13.83,24,0,4,1,1,1,0,2.85,2
3734,18,1,2,1,9.59,5,1,4,1,0,1,0,4.0,0
5146,18,1,1,3,3.78,17,1,4,1,1,1,0,3.39,1
3106,18,1,0,3,15.06,23,1,3,1,1,0,0,4.0,0
2395,15,0,3,3,8.26,9,0,1,0,0,0,1,1.95,4
1196,16,0,2,4,7.57,2,0,3,0,1,0,1,2.85,2
2940,17,1,0,2,10.3,18,0,2,0,1,0,1,3.77,0
5055,16,0,1,1,9.67,14,1,1,1,1,0,1,2.99,2
5424,18,1,1,1,2.5,11,0,1,1,0,1,0,2.7,2
4521,17,0,1,2,1.42,15,0,3,1,1,0,1,2.11,3
3643,15,1,1,3,6.9,24,0,2,1,0,0,0,3.07,1
4894,15,1,1,4,10.84,24,1,4,1,1,0,0,3.51,0
2293,18,1,3,2,16.26,25,0,1,0,1,0,0,2.71,2
1353,15,0,0,1,12.88,15,1,1,1,0,1,1,2.98,2
2107,15,1,1,3,9.44,22,0,2,0,1,0,0,1.76,4
3466,17,0,0,1,12.19,0,0,2,0,0,1,1,2.96,2
5904,17,0,1,1,1.24,22,0,4,1,1,1,0,2.37,3
4307,16,0,0,2,10.08,20,1,4,0,0,0,0,3.01,1
1525,16,1,1,2,10.7,6,0,3,1,1,0,0,3.75,0
1897,16,1,3,1,13.61,20,0,1,1,0,0,1,2.55,2
2833,18,0,1,3,11.47,9,0,3,1,1,0,1,3.92,0
1407,16,0,3,1,14.68,18,1,3,1,0,0,0,2.18,3
5706,17,0,0,2,8.54,8,0,2,0,1,0,0,2.23,3
3316,15,0,3,1,14.51,18,0,2,1,1,1,1,3.44,1
2475,18,1,2,3,16.31,2,0,2,1,1,0,1,2.95,2
3436,18,1,3,4,9.63,13,0,1,1,0,0,0,2.97,2
1328,17,0,0,1,3.37,1,0,1,0,0,0,0,2.29,3
5196,18,1,0,1,19.59,4,1,4,1,0,0,0,2.33,3
1652,18,0,2,3,4.74,2,1,2,1,0,0,1,2.06,3
3422,17,1,2,2,3.57,7,0,2,1,1,0,1,3.24,1
3003,16,0,2,1,17.78,16,1,3,1,0,1,1,3.44,1
2282,17,0,1,1,15.83,24,0,3,1,0,0,0,3.19,1
5441,16,1,0,2,10.28,2,1,2,1,0,0,0,3.22,1
1685,15,0,0,2,15.23,12,0,1,1,0,1,1,2.07,3
3130,18,1,3,2,16.16,18,0,3,0,1,1,0,2.91,2
5325,16,0,0,4,4.49,3,0,1,1,1,1,1,2.7,2
2619,16,0,1,4,0.99,20,1,4,0,1,0,1,2.93,2
1864,16,1,1,2,5.13,13,0,3,1,1,0,0,2.64,2
4041,17,0,3,2,10.94,17,0,2,1,1,1,0,2.65,2
2572,18,1,0,2,3.66,19,0,2,0,1,0,1,3.2,1
5873,15,1,0,2,7.11,23,1,0,1,0,0,0,2.42,3
1185,15,1,2,3,0.21,2,0,2,0,1,1,1,3.09,1
3867,18,0,0,2,1.63,14,1,2,1,1,0,0,1.98,4
5031,15,0,0,2,18.63,9,1,0,0,0,0,1,2.33,3
3895,17,1,1,2,2.97,25,0,1,0,0,1,0,2.21,3
2467,16,0,1,1,9.63,21,1,0,1,1,1,0,3.16,1
2386,18,0,1,2,4.11,6,1,4,1,1,0,0,3.36,1
5088,15,1,3,1,17.91,11,1,1,1,1,0,1,2.57,2
3369,15,0,0,1,13.02,12,1,2,0,0,0,1,2.3,3
5170,16,0,0,2,15.84,4,1,3,0,0,0,0,3.39,1
4048,16,1,0,2,2.77,3,0,4,1,1,0,1,3.02,1
5862,16,1,1,2,18.67,9,1,1,0,1,0,0,3.45,1
4439,17,1,1,4,9.06,20,0,2,0,1,1,0,3.12,1
3244,16,0,1,4,4.51,14,0,3,1,0,0,0,2.84,2
4171,17,0,2,2,13.87,13,1,3,1,0,1,0,3.17,1
4379,16,0,1,3,13.25,8,1,2,1,1,0,1,3.06,1
5308,16,0,2,1,3.21,19,1,3,0,1,0,1,2.91,2
4477,17,1,0,1,11.32,19,0,3,1,0,0,0,3.17,1
1173,17,1,0,2,14.99,22,0,0,1,1,1,1,1.46,4
2633,18,0,2,3,9.78,12,1,2,1,0,0,0,2.58,2
1564,17,0,0,1,4.27,22,0,3,0,1,0,1,2.56,2
5028,15,1,0,0,12.37,22,0,1,0,0,0,1,2.61,2
4475,15,0,3,2,18.11,18,1,2,0,0,1,1,3.19,1
3371,18,0,2,1,4.08,13,0,2,0,0,1,1,2.09,3
4197,18,1,2,4,15.37,15,1,4,0,0,0,0,4.0,0
2052,15,0,3,1,10.51,10,0,3,1,0,0,1,3.05,1
5754,16,1,2,2,11.58,10,1,1,1,1,1,0,2.62,2
3236,18,0,1,4,13.27,16,1,3,1,0,1,0,3.53,0
1541,17,0,0,1,8.32,14,0,2,0,0,0,1,3.07,1
1810,15,1,1,2,4.69,20,1,3,1,0,0,0,3.38,1
5572,16,0,0,4,19.56,16,0,1,1,0,1,0,4.0,0
2463,15,1,3,3,3.39,19,0,1,1,1,0,0,3.16,1
3972,16,1,1,4,12.82,4,0,1,0,0,1,1,3.35,1
1744,15,1,3,2,13.34,30,1,3,0,1,0,1,2.93,2
4775,15,0,3,4,6.24,23,1,2,0,0,0,1,3.07,1
5467,18,0,3,2,17.7,14,0,1,1,0,1,0,2.77,2
5324,18,0,1,2,0.53,23,1,3,1,0,0,0,2.46,3
1723,18,0,2,2,15.35,20,1,2,0,0,0,1,2.36,3
4198,15,1,0,2,15.16,16,1,1,0,1,1,0,2.05,3
4191,16,1,3,3,7.36,26,1,0,1,0,1,0,2.46,3
2978,17,0,2,4,18.07,26,1,3,0,1,0,0,3.11,1
5220,16,1,0,2,3.18,25,0,1,1,1,0,0,2.27,3
1682,15,1,1,4,0.19,5,0,3,1,1,0,1,3.24,1
1748,17,1,3,4,1.21,6,0,3,1,0,1,1,2.9,2
4606,17,1,1,1,12.65,8,1,3,1,1,1,1,3.39,1
5534,15,1,2,2,17.49,27,1,0,1,1,0,0,2.66,2
1326,16,1,1,1,11.07,1,1,4,1,0,1,1,2.73,2
1107,16,0,0,1,1.4,30,1,1,1,0,1,1,2.46,3
4221,16,0,3,2,7.36,0,0,3,1,0,1,0,3.06,1
1866,15,0,1,4,1.54,10,0,3,1,0,1,1,2.74,2
5381,16,1,0,4,11.78,30,0,2,0,0,0,0,3.45,1
3386,16,0,0,1,15.44,17,0,2,1,1,0,0,3.02,1
4772,16,1,0,3,15.69,21,0,3,0,0,0,0,2.38,3
4154,15,1,3,2,3.33,9,0,4,1,1,0,0,3.56,0
3450,15,1,0,2,8.46,10,1,0,1,0,0,0,2.58,2
4325,17,0,0,3,5.14,28,0,4,1,1,1,0,1.8,4
1340,18,1,0,4,1.53,13,0,3,0,1,1,0,2.94,2
4510,15,0,0,2,8.22,26,0,2,1,0,0,1,2.46,3
5281,18,1,1,4,8.33,18,0,2,1,1,0,0,2.82,2
4570,18,0,0,4,10.14,12,0,2,0,0,1,0,3.15,1
1818,17,0,1,3,18.71,9,0,0,1,0,1,1,2.59,2
1903,16,1,0,3,5.3,15,1,2,0,0,0,0,1.99,4
5662,17,1,0,3,1.51,1,0,3,0,0,0,0,2.56,2
5565,18,0,0,2,6.56,13,0,2,1,0,1,1,3.41,1
4734,15,0,1,3,18.56,6,1,3,1,1,0,1,2.68,2
1391,17,1,0,4,2.99,13,0,4,0,1,1,0,2.8,2
2515,18,0,1,3,17.45,12,1,2,1,1,0,0,3.08,1
2925,16,1,1,1,8.5,10,1,2,1,0,1,1,2.19,3
2584,18,1,0,3,16.36,15,1,3,1,0,1,1,3.74,0
2499,17,1,0,1,5.92,27,1,1,1,1,0,1,1.84,4
4418,16,1,1,4,16.62,17,0,3,1,1,1,0,3.76,0
3042,17,0,0,2,10.46,12,0,3,0,1,1,0,2.63,2
3311,16,0,3,3,11.68,8,0,3,1,1,1,0,2.52,2
2666,16,1,2,2,3.15,11,1,3,0,0,0,1,3.5,0
2072,16,0,0,4,11.44,26,0,4,0,0,0,1,3.23,1
3387,16,0,0,3,12.45,17,0,3,0,0,0,0,2.95,2
4234,18,1,1,0,6.38,14,0,2,1,0,0,0,2.73,2
5080,15,0,0,2,17.06,2,0,3,1,0,0,1,2.69,2
3936,15,1,0,3,15.74,11,0,3,0,1,1,1,2.46,3
4448,17,1,3,2,8.84,23,0,0,1,1,0,0,2.84,2
3963,18,0,0,3,8.68,25,1,3,0,1,1,1,2.88,2
4697,16,1,3,4,17.24,3,0,1,0,1,0,0,3.12,1
4560,16,1,2,2,18.69,19,1,3,0,1,0,0,3.1,1
3368,15,1,1,2,19.86,8,1,4,0,0,0,1,3.65,0
3418,16,1,0,2,7.93,21,0,3,0,0,1,0,3.11,1
2953,17,1,1,0,12.87,1,0,3,1,1,1,1,3.64,0
3629,16,0,3,2,12.68,20,0,2,0,1,0,0,2.23,3
2971,15,1,0,1,5.9,16,0,2,0,0,1,1,3.05,1
2486,17,0,1,2,12.95,22,0,3,0,0,0,1,2.43,3
5637,18,0,3,1,3.86,20,0,3,0,0,0,1,2.5,2
4672,16,1,0,0,19.83,9,0,2,1,1,1,1,4.0,0
3924,15,0,0,4,13.18,30,0,0,1,0,0,0,2.55,2
2579,16,1,0,3,0.96,19,1,2,0,0,0,0,2.69,2
1001,17,0,0,2,9.99,21,0,2,0,1,0,1,2.85,2
3804,18,0,0,1,4.53,12,0,4,1,0,0,0,2.34,3
4692,18,1,2,0,14.13,17,1,1,1,1,0,0,2.21,3
5435,18,0,0,4,9.1,10,0,3,1,0,1,1,2.93,2
4802,18,1,0,0,16.62,6,1,2,0,1,0,0,2.62,2
4897,17,1,0,2,12.9,19,0,1,1,0,1,1,3.1,1
2055,15,0,2,4,16.82,23,1,3,1,1,0,1,3.29,1
3104,16,1,1,3,7.05,17,0,3,1,1,0,1,2.94,2
3216,16,1,1,2,7.64,30,1,3,1,0,0,0,1.92,4
1215,17,1,0,4,10.53,10,0,4,1,0,0,0,3.0,1
5931,15,0,2,1,5.38,30,0,2,1,1,1,0,2.19,3
2752,18,1,1,4,12.24,6,0,2,1,0,0,0,3.21,1
4018,17,1,1,2,17.79,9,1,1,1,1,0,0,3.58,0
4618,16,1,0,2,18.26,0,1,4,0,0,0,1,3.73,0
4223,16,1,0,3,16.63,15,0,2,0,0,1,1,2.53,2
2784,16,1,0,3,9.97,1,0,2,0,1,1,1,3.37,1
2389,17,1,0,4,6.9,9,1,3,0,0,0,1,3.66,0
2507,18,1,2,4,11.84,9,1,2,1,1,1,1,3.13,1
3973,17,1,0,3,1.29,22,0,2,1,0,0,1,1.85,4
1524,17,1,1,2,16.96,3,0,2,0,1,1,0,3.9,0
2110,17,1,3,3,3.17,8,1,1,0,0,0,1,3.0,1
3119,15,0,2,3,10.87,27,1,2,1,0,0,0,3.19,1
5988,17,1,0,3,15.8,14,0,2,1,1,0,0,2.64,2
4881,16,1,1,2,0.1,20,1,2,0,0,1,0,2.55,2
1444,18,0,3,4,11.94,18,1,3,1,1,0,1,3.01,1
3762,15,0,0,3,16.27,14,0,2,1,1,1,1,3.28,1
5608,16,0,1,3,7.64,14,1,4,1,0,0,0,3.32,1
1921,15,0,0,3,17.8,10,1,1,0,1,1,1,3.79,0
5043,17,0,3,3,3.6,0,1,2,1,0,0,0,3.01,1
1445,18,0,0,1,9.15,8,1,2,1,1,1,0,2.74,2
2296,16,1,3,0,6.51,26,0,3,1,0,1,1,2.73,2
5009,18,1,1,2,2.71,11,1,2,0,1,0,0,2.99,2
1691,16,1,0,3,3.54,22,0,3,1,1,1,1,3.04,1
5619,17,0,2,3,15.94,6,1,4,1,1,0,1,3.32,1
4129,17,1,3,3,9.35,14,1,3,0,0,0,0,3.46,1
5944,17,1,2,2,16.46,25,0,2,1,0,1,0,2.16,3
4890,18,0,0,3,1.86,6,1,3,1,1,0,1,2.84,2
1311,18,1,0,4,19.87,29,1,3,1,1,0,0,3.26,1
2399,18,0,1,2,0.91,21,0,2,1,0,0,0,2.21,3
2342,18,0,1,1,14.64,8,1,2,1,0,1,0,3.47,1
2105,16,1,0,3,15.57,11,0,3,1,1,1,1,3.28,1
2113,18,0,3,0,6.76,21,0,1,1,0,0,0,2.58,2
4145,17,0,3,1,1.06,13,0,1,1,1,0,1,2.2,3
5845,17,1,0,3,14.02,26,0,2,0,0,0,1,2.99,2
4081,17,0,0,1,6.56,21,1,2,1,1,1,0,2.5,2
2426,16,1,0,2,13.67,13,1,3,0,1,0,0,3.16,1
4597,18,0,1,2,1.17,1,1,4,0,0,1,0,3.24,1
1868,16,1,0,3,18.51,15,0,2,0,0,0,1,3.3,1
1713,15,0,1,4,1.99,29,1,3,0,1,0,0,3.05,1
5644,15,1,0,3,9.67,10,1,3,0,1,1,0,3.36,1
1240,18,1,0,1,0.35,21,0,4,1,0,0,0,2.64,2
2616,17,0,2,3,6.72,30,0,2,1,1,0,0,1.95,4
5367,15,0,1,4,19.16,15,1,1,1,1,1,0,3.32,1
1449,17,1,1,2,8.76,30,1,4,1,0,1,0,2.51,2
1287,15,1,3,2,13.92,22,1,3,0,0,0,0,2.76,2
3946,16,0,0,2,6.13,17,0,3,0,1,1,1,2.99,2
3245,18,1,0,1,10.12,30,1,2,1,1,1,1,3.06,1
2131,16,1,0,3,14.93,24,1,3,1,1,0,0,3.14,1
4984,16,0,1,1,7.48,0,0,1,1,0,1,1,2.23,3
1998,18,1,2,3,14.34,27,1,2,1,1,0,1,2.61,2
4586,17,1,1,0,3.73,26,0,4,1,1,0,0,3.02,1
5086,18,1,0,2,12.71,9,1,2,1,0,1,0,3.46,1
4302,18,0,0,1,3.75,11,0,1,1,1,0,0,3.32,1
4077,16,1,1,3,12.15,11,0,1,0,0,0,0,2.98,2
2049,15,1,2,2,11.34,15,1,4,0,1,0,1,2.36,3
1704,18,0,0,4,0.57,10,1,2,0,0,1,1,3.0,1
1492,15,0,2,0,3.81,24,0,3,1,0,0,0,2.15,3
2889,17,1,0,2,5.08,4,0,3,1,1,0,0,3.17,1
5865,15,1,2,3,15.47,16,1,2,1,0,0,0,3.02,1
5329,17,1,0,1,1.51,19,0,3,1,1,0,1,2.26,3
2844,17,0,0,3,14.9,0,0,2,0,0,1,0,3.45,1
5671,16,1,1,2,17.36,6,1,4,0,0,0,1,2.52,2
3083,15,1,1,1,2.06,26,1,1,1,1,1,0,2.68,2
5101,16,1,1,3,18.48,16,1,2,1,0,1,1,2.86,2
4349,18,1,1,2,19.13,18,0,2,1,0,0,1,2.66,2
4821,17,1,0,1,19.08,15,0,2,0,1,0,0,2.77,2
5674,18,1,0,3,11.95,10,0,3,0,0,0,1,3.04,1
2956,15,1,0,3,9.42,16,0,4,0,0,1,0,2.99,2
2237,15,0,1,2,2.18,25,0,2,0,0,0,1,3.28,1
5641,18,0,1,2,4.89,2,1,2,1,1,0,0,3.59,0
1585,16,0,1,2,2.21,8,1,2,1,0,0,0,2.95,2
3435,16,1,0,1,1.63,27,1,2,0,0,0,0,2.09,3
3602,15,1,0,2,13.16,22,1,2,1,1,1,0,3.77,0
3324,18,0,2,2,0.6,1,0,1,1,0,0,1,1.87,4
1320,16,1,1,1,11.72,14,0,4,1,0,0,1,3.24,1
5300,18,0,0,3,16.79,24,1,1,1,1,1,1,2.54,2
2913,16,0,0,1,18.83,0,1,2,0,1,0,0,2.94,2
3955,16,1,3,2,17.7,18,0,4,0,1,0,0,3.09,1
3995,16,1,0,2,14.56,6,0,2,1,1,0,0,3.33,1
2331,16,1,0,3,3.74,3,0,4,0,1,1,1,3.16,1
1483,15,0,1,3,12.28,7,0,3,1,1,0,0,3.63,0
3005,18,0,0,2,17.88,7,0,3,1,0,0,1,3.52,0
4637,15,1,2,3,12.55,14,1,2,0,1,0,0,3.4,1
4012,18,0,1,3,19.82,6,0,4,1,0,0,1,3.53,0
2333,17,1,1,4,14.93,24,0,3,1,1,0,0,3.03,1
5000,16,1,3,3,16.06,22,0,2,0,1,0,0,3.04,1
5499,15,1,3,2,8.38,4,0,3,0,0,0,0,3.85,0
4795,17,0,1,4,2.3,25,0,4,1,1,0,1,3.65,0
2488,15,1,0,2,10.21,15,0,4,0,0,0,0,4.0,0
5287,18,0,1,1,12.7,16,0,1,0,0,1,0,2.92,2
1076,16,0,1,1,10.46,23,0,3,0,0,0,1,2.76,2
4483,15,0,3,3,17.64,20,0,3,0,0,0,1,3.47,1
5985,18,1,3,3,6.79,1,0,2,0,0,1,1,3.09,1
3772,15,1,2,3,16.57,18,0,4,0,0,1,1,3.5,0
3785,16,0,3,2,4.72,6,0,3,1,0,1,1,3.5,0
4558,15,1,1,3,11.8,19,1,2,1,1,1,0,2.62,2
1638,17,1,2,3,1.92,4,1,4,0,0,1,1,2.23,3
5378,18,0,1,3,11.62,29,1,3,0,1,1,1,2.41,3
5791,15,0,0,2,2.31,24,1,2,1,0,0,0,1.82,4
1316,18,1,1,2,16.76,29,1,3,0,0,1,0,4.0,0
2578,16,1,0,4,17.01,9,0,1,1,0,1,1,3.27,1
3029,16,1,0,2,13.23,15,0,3,1,0,1,0,2.86,2
1448,16,0,1,3,6.23,20,1,4,1,0,0,0,2.64,2
5891,16,0,2,3,3.1,19,0,4,0,0,0,1,4.0,0
1839,18,1,1,3,18.83,2,0,2,1,0,0,0,2.34,3
5005,18,0,1,3,15.2,15,1,4,1,1,0,0,3.27,1
2721,16,1,2,1,6.28,29,1,2,1,1,1,0,2.48,3
3599,17,0,3,2,16.77,3,0,2,1,1,1,1,3.1,1
3169,16,1,0,2,16.65,18,1,0,0,1,0,0,2.62,2
5897,15,1,2,2,5.41,26,0,3,0,1,0,1,1.72,4
1226,16,1,0,2,0.95,14,0,1,1,1,0,0,2.67,2
2538,16,0,3,2,7.65,17,1,2,1,0,1,0,2.76,2
5275,15,1,2,1,7.93,4,0,2,1,0,1,0,2.38,3
2207,15,1,0,3,18.73,16,0,2,0,0,1,0,3.64,0
2000,17,1,0,2,18.1,18,0,4,1,1,1,0,3.21,1
2397,17,0,1,3,9.18,4,1,2,0,1,1,1,3.39,1
2470,15,0,2,4,4.75,25,0,3,0,1,1,0,2.45,3
1480,18,1,0,2,3.66,30,0,2,1,1,1,0,3.18,1
2632,17,1,0,4,12.12,29,0,2,0,1,0,0,2.55,2
1059,17,0,1,2,4.73,23,0,1,0,1,1,0,2.22,3
2908,15,1,2,2,1.24,4,0,2,1,1,1,0,2.08,3
4895,18,1,0,2,6.01,2,0,2,0,0,0,0,3.1,1
3768,17,1,0,4,15.37,21,0,1,0,0,1,0,2.61,2
2740,17,1,3,1,10.75,28,0,4,0,1,1,1,3.42,1
4087,16,1,3,2,7.76,2,1,3,0,1,0,0,3.23,1
1803,15,1,0,1,11.37,7,1,0,0,0,1,1,3.64,0
4989,17,1,2,1,8.6,27,1,2,0,0,0,0,3.01,1
3508,16,1,0,4,13.88,21,0,4,1,0,1,0,3.63,0
3690,18,0,2,2,15.48,13,1,0,1,1,0,1,2.75,2
5596,18,1,0,3,9.47,10,0,3,0,1,0,1,3.0,1
5693,15,0,0,3,0.85,28,1,2,1,0,1,1,1.97,4
5809,16,0,3,3,12.17,1,0,2,0,1,1,0,3.14,1
2030,15,1,0,0,17.51,20,0,2,1,0,0,0,3.24,1
5003,17,0,2,3,1.3,19,1,2,1,0,0,0,2.81,2
1296,18,1,0,4,15.71,7,0,1,0,0,0,0,3.83,0
5994,15,1,2,2,9.85,12,0,2,1,1,0,1,2.75,2
3485,17,1,1,3,17.36,20,0,2,0,0,0,0,3.12,1
1234,18,0,1,2,9.27,19,0,4,0,1,1,0,2.67,2
4175,17,1,1,1,17.63,14,1,2,1,1,1,1,1.78,4
1105,16,1,0,3,17.32,28,1,0,1,0,1,1,2.7,2
5127,16,1,1,3,18.58,13,1,3,0,0,0,0,4.0,0
5806,17,1,2,2,15.43,23,0,4,0,1,1,0,3.38,1
5973,18,0,3,1,11.0,7,1,4,1,0,1,0,3.34,1
4744,17,0,0,3,19.9,14,1,4,0,1,0,0,2.4,3
1887,15,0,1,1,13.75,9,0,1,0,1,0,1,2.82,2
4091,18,1,3,1,19.42,8,1,1,1,1,0,1,2.98,2
3279,15,1,2,3,2.42,19,0,0,1,1,1,1,2.53,2
5689,17,0,0,4,16.71,7,0,2,1,0,0,1,3.89,0
2514,15,0,2,2,9.81,8,0,2,0,1,0,0,3.13,1
4423,17,1,0,3,11.95,30,0,2,1,0,0,0,3.05,1
3154,15,0,3,3,12.22,3,0,2,0,0,1,0,2.08,3
4925,16,1,0,2,5.01,5,1,3,0,0,0,1,3.47,1
3648,17,1,0,1,14.4,8,0,1,1,1,0,0,2.51,2
1394,18,0,1,2,16.17,15,0,4,1,1,0,1,3.73,0
3277,18,1,0,3,10.31,3,0,2,0,0,0,1,2.59,2
5555,15,0,1,1,18.63,16,0,3,1,1,0,1,3.59,0
4721,17,1,0,2,18.52,12,1,3,1,1,1,0,2.61,2
2608,15,0,1,1,19.97,26,0,2,0,0,0,0,2.53,2
2457,16,1,1,2,13.5,3,1,4,1,1,1,1,2.91,2
4845,16,1,0,2,12.94,10,0,3,1,0,0,0,1.83,4
1666,15,1,2,1,16.35,30,1,2,0,0,0,0,3.38,1
3676,15,0,1,3,11.37,28,0,4,1,1,0,0,2.44,3
2655,16,1,0,4,17.43,23,0,1,0,0,1,0,3.27,1
1681,18,1,0,2,16.4,20,1,2,1,1,1,0,3.09,1
5332,17,0,2,1,17.19,12,1,1,0,0,0,0,2.52,2
2601,18,0,1,2,8.06,8,0,2,0,0,1,0,3.02,1
5124,16,0,3,2,19.59,22,1,2,0,1,1,0,2.58,2
2631,17,1,1,4,2.91,17,0,3,1,0,0,1,2.41,3
1225,16,0,0,0,0.12,19,0,2,0,1,0,0,1.8,4
1826,18,1,0,2,5.47,12,1,2,0,1,0,1,3.75,0
3420,18,0,2,2,12.57,20,1,1,1,0,0,1,2.71,2
1420,16,0,0,2,7.11,26,1,1,1,1,1,1,2.66,2
1350,17,0,2,2,12.44,30,0,3,1,0,0,1,2.43,3
4997,18,0,0,4,4.55,17,0,3,0,1,1,1,3.39,1
2522,15,1,0,0,15.74,1,0,3,1,1,1,0,3.35,1
3964,16,0,1,1,7.18,20,0,2,1,1,0,1,2.08,3
3960,15,0,0,4,19.22,27,0,2,1,0,0,1,2.29,3
1090,16,0,0,1,6.85,8,0,2,1,0,0,0,2.56,2
2244,17,1,2,2,4.01,9,0,1,1,0,1,0,2.74,2
4715,15,0,3,1,1.55,19,1,2,1,0,0,1,4.0,0
5930,17,1,3,2,19.0,27,0,2,1,1,0,0,2.22,3
2550,18,0,1,4,1.83,26,0,1,1,0,0,0,1.9,4
2371,17,0,2,4,11.76,29,0,3,0,1,0,0,3.26,1
5580,16,1,0,1,4.52,10,1,2,1,0,0,0,3.19,1
2434,18,0,1,2,5.2,14,0,1,1,0,0,1,4.0,0
5468,16,0,3,4,7.98,20,0,3,0,0,0,1,3.08,1
4083,18,0,0,2,13.63,17,0,1,1,0,0,0,2.7,2
2017,16,1,0,3,19.75,7,1,3,0,0,0,0,3.67,0
1820,15,1,1,2,3.85,7,1,4,1,0,0,1,3.78,0
5848,15,1,0,4,1.42,15,0,2,1,1,0,0,2.38,3
1068,15,0,0,3,12.35,27,1,2,1,0,0,1,3.12,1
5636,18,0,0,1,11.78,0,1,4,1,0,1,1,3.44,1
4818,18,0,0,2,2.52,12,0,2,1,0,0,1,2.44,3
5810,18,0,1,4,9.83,26,0,4,1,1,1,0,2.74,2
5741,15,1,0,4,8.27,2,0,4,0,0,0,0,3.63,0
4443,15,1,2,4,19.53,27,0,2,1,0,1,1,2.71,2
1659,18,0,3,2,4.9,17,0,3,0,1,0,0,2.12,3
3532,16,1,0,3,7.88,3,0,2,0,0,1,0,2.71,2
2575,18,1,0,3,2.11,1,0,2,1,1,0,0,3.07,1
2219,15,0,0,2,19.61,18,0,1,1,1,1,0,2.26,3
1042,17,1,1,1,0.4,13,0,1,1,0,0,1,2.37,3
1716,18,0,0,0,17.65,2,0,3,1,0,0,0,3.37,1
1465,18,1,0,1,16.56,11,1,4,1,1,0,1,2.94,2
2526,17,0,3,3,12.64,4,0,0,1,0,1,0,3.4,1
2598,15,0,0,1,12.54,15,0,1,1,0,0,1,2.76,2
5078,17,0,2,1,2.16,29,1,0,0,0,0,1,1.72,4
2298,15,0,0,1,18.17,0,0,2,1,0,1,1,3.73,0
1238,16,1,2,2,11.55,19,1,2,1,1,0,0,2.82,2
5340,17,0,1,2,9.69,8,1,3,0,1,0,1,2.5,2
2182,18,0,0,4,18.19,18,1,1,1,1,0,0,2.63,2
4245,18,1,0,3,5.81,12,1,2,1,0,0,0,3.28,1
3510,18,1,3,4,17.05,24,1,3,1,1,0,1,3.4,1
3161,15,1,2,2,10.97,14,1,4,1,0,0,1,3.2,1
4067,15,1,1,3,4.05,18,1,1,0,1,0,0,2.96,2
3122,18,1,0,2,10.55,17,0,3,1,1,0,0,3.72,0
2260,17,1,0,1,14.39,24,0,3,0,0,1,1,3.27,1
4678,16,1,2,4,18.94,8,0,1,1,0,1,0,2.98,2
5519,18,0,1,4,4.4,23,1,2,0,1,1,0,2.96,2
5347,15,0,2,1,3.99,30,0,1,1,1,0,1,2.62,2
4332,18,0,1,2,10.02,12,0,2,1,0,0,1,3.85,0
4876,17,0,0,1,18.19,4,1,2,0,1,0,0,3.63,0
5625,15,1,0,2,3.72,30,0,4,0,1,0,1,1.88,4
1542,16,1,1,3,6.0,15,1,1,1,0,0,1,2.82,2
2886,16,0,3,1,8.55,28,0,2,1,0,0,0,3.26,1
5915,17,1,1,2,1.71,14,0,2,1,1,0,1,2.86,2
4285,15,1,1,2,17.13,2,1,0,1,0,1,0,2.6,2
4459,17,0,3,4,9.38,0,0,2,1,1,0,0,3.79,0
4841,18,1,1,1,18.83,0,0,3,0,1,1,1,4.0,0
1149,15,0,1,4,18.77,3,1,2,1,1,1,1,3.47,1
4528,16,0,2,1,3.82,29,0,3,1,0,0,0,2.3,3
5617,18,0,2,1,12.12,9,0,1,1,1,0,1,2.2,3
2887,16,0,0,1,19.45,9,0,3,1,0,0,1,2.96,2
5894,15,1,2,3,1.97,29,0,4,1,0,0,1,2.56,2
3604,15,0,3,2,10.14,27,0,3,1,1,0,1,2.55,2
5771,18,0,2,4,17.6,7,0,4,1,0,1,0,3.82,0
3185,15,0,0,1,4.45,0,1,2,1,0,0,0,2.52,2
3619,17,1,3,1,19.01,15,0,2,0,0,1,0,3.56,0
4716,16,0,2,1,14.27,6,0,3,0,0,0,1,3.36,1
2256,16,1,1,4,19.92,15,0,4,1,1,1,1,3.87,0
1537,18,0,0,2,5.69,18,0,1,1,0,1,0,2.78,2
5899,16,0,2,0,18.35,29,0,3,1,1,1,0,2.5,2
4440,15,1,1,2,15.56,8,0,3,1,1,0,0,2.33,3
5536,17,0,1,1,10.25,30,0,2,1,0,0,1,2.98,2
4504,15,0,3,1,8.11,14,1,3,1,0,0,0,2.72,2
2690,18,0,0,3,9.83,1,0,2,0,1,1,0,2.86,2
1057,18,0,1,2,2.8,6,1,2,0,0,0,0,2.77,2
1601,15,0,0,1,6.83,17,0,3,1,0,0,0,2.12,3
1777,15,1,1,2,18.34,14,0,0,1,1,1,1,3.13,1
5655,18,1,1,2,10.7,13,1,4,0,0,0,1,3.57,0
2545,18,1,1,2,13.03,4,0,3,1,1,1,0,2.72,2
3842,15,0,1,2,0.19,28,0,3,0,0,1,0,1.72,4
5460,16,0,0,3,1.83,6,1,1,1,1,0,0,2.42,3
2159,18,0,0,3,5.05,16,1,1,0,0,0,0,2.33,3
3416,16,0,1,1,18.4,29,0,4,0,0,0,1,3.24,1
5607,17,0,2,3,17.93,19,1,2,1,1,1,1,3.91,0
3454,17,0,1,3,1.98,13,1,1,0,1,1,1,3.21,1
1814,18,1,0,3,14.31,14,1,2,0,1,0,1,2.89,2
2224,17,1,0,4,10.34,26,0,3,0,0,0,0,1.98,4
2739,17,1,0,3,16.66,6,0,3,1,1,0,0,4.0,0
2041,15,1,1,2,2.19,23,0,4,1,0,1,0,2.57,2
3141,18,0,3,3,14.0,26,0,2,1,1,1,0,2.52,2
1751,18,1,0,2,9.14,16,1,2,0,1,1,1,3.51,0
3189,16,1,1,2,0.02,3,1,1,1,1,0,0,2.43,3
4610,18,1,3,2,10.61,23,0,3,0,1,0,1,2.54,2
5606,16,1,2,4,7.17,14,0,3,0,1,0,1,2.61,2
3592,16,0,2,3,15.9,13,0,2,0,1,1,0,3.44,1
3298,17,1,1,2,16.35,7,0,4,1,0,0,1,2.9,2
4300,15,1,2,1,14.91,3,0,2,1,1,1,1,3.46,1
1437,18,0,0,1,15.95,3,0,2,1,1,1,1,4.0,0
4842,17,1,3,2,19.08,26,0,1,1,1,0,1,2.42,3
3541,15,0,0,1,10.37,20,1,3,0,0,1,1,2.53,2
5900,17,1,0,2,6.33,26,0,4,0,0,1,0,3.0,1
3249,18,0,0,1,16.4,22,0,3,1,1,0,0,3.72,0
2826,15,0,2,1,1.58,5,1,3,0,1,1,1,2.46,3
2771,17,0,0,0,17.12,10,0,1,1,0,1,1,2.72,2
5054,15,1,0,2,18.87,5,1,2,1,0,0,0,3.35,1
5181,17,0,1,1,16.58,22,0,2,0,0,1,0,1.87,4
5056,15,0,3,3,19.9,3,0,3,0,1,1,1,3.87,0
5212,18,0,3,4,14.92,1,0,4,0,0,1,0,3.68,0
5216,17,0,0,1,2.59,0,1,2,0,1,1,0,3.34,1
3618,17,0,2,1,11.28,30,1,3,0,0,1,0,2.69,2
1202,18,0,3,1,10.44,5,1,2,0,0,0,1,2.82,2
1162,15,0,0,3,10.58,14,0,4,0,0,0,1,3.48,1
1527,17,0,1,2,15.95,30,0,3,0,0,1,0,3.24,1
3519,16,0,2,2,18.65,23,1,2,1,0,0,0,3.21,1
3612,18,1,0,0,7.23,12,1,2,1,1,0,0,2.42,3
4590,18,1,2,1,3.78,7,1,3,0,0,0,1,3.19,1
2724,16,1,1,2,15.25,3,0,4,1,1,1,1,3.04,1
2143,18,1,0,1,17.88,17,0,3,0,0,1,1,2.66,2
2304,16,0,2,1,6.79,0,0,3,1,0,1,0,3.26,1
4317,18,0,3,1,1.11,28,0,2,0,0,1,0,2.38,3
5301,18,1,0,1,15.25,14,0,2,1,1,0,0,3.48,1
4914,15,0,0,4,12.88,24,0,2,1,1,1,0,2.41,3
6000,18,0,0,1,3.45,6,0,4,0,1,1,1,2.55,2
1109,16,1,2,2,11.66,8,0,2,1,1,0,1,3.19,1
5229,18,1,0,0,3.5,23,0,4,0,1,1,1,2.37,3
2137,17,0,1,2,8.63,8,0,0,1,1,1,0,2.94,2
4010,15,0,0,1,3.58,3,1,4,1,1,0,0,3.65,0
5089,16,1,0,0,15.85,7,0,2,1,0,0,0,2.85,2
5313,18,0,2,3,4.4,14,1,4,0,0,1,0,3.96,0
5564,15,1,1,3,3.72,17,0,0,1,1,0,0,2.13,3
5071,15,1,3,2,3.33,10,1,1,0,1,0,1,3.12,1
3883,15,1,1,2,9.63,2,0,2,1,0,0,1,2.86,2
2312,16,0,1,2,18.29,24,0,0,0,1,0,1,3.58,0
5283,16,1,2,3,11.98,5,0,2,1,0,0,0,3.26,1
3363,17,0,1,3,18.36,11,1,2,1,0,0,1,3.57,0
1779,18,1,2,3,0.66,7,0,3,1,0,1,1,2.97,2
2635,15,1,1,2,7.91,30,0,2,1,1,1,1,2.93,2
2032,18,0,0,0,4.2,10,0,1,1,0,0,1,1.91,4
1397,18,1,0,2,7.3,11,1,2,1,1,1,0,2.98,2
5128,17,0,1,1,8.91,8,1,3,0,0,1,0,3.32,1
4429,16,1,0,1,7.5,29,0,0,0,0,1,0,2.29,3
5817,18,0,1,2,15.51,21,0,3,0,1,0,0,3.88,0
3210,15,0,2,1,16.65,29,0,4,0,1,1,0,2.85,2
4653,16,0,0,0,19.13,8,0,3,0,1,0,1,3.38,1
2885,15,0,3,3,10.79,18,0,2,1,1,1,0,2.08,3
3364,18,0,2,1,3.82,20,0,3,1,1,0,0,2.17,3
3064,18,0,2,3,0.66,20,0,4,1,0,1,0,3.11,1
5734,16,1,2,3,8.74,6,0,0,1,1,1,1,2.47,3
4028,15,0,0,1,15.43,7,0,2,1,1,0,1,2.48,3
4047,16,0,2,1,16.99,20,0,3,1,0,0,1,2.51,2
1762,16,1,3,2,5.85,13,0,3,1,0,0,1,3.58,0
1036,15,1,0,2,16.15,0,1,2,0,0,0,0,2.85,2
2146,16,0,0,3,2.08,4,0,0,1,1,0,1,2.15,3
3015,16,1,1,1,5.83,9,1,2,1,1,0,1,2.51,2
2103,18,0,0,3,10.84,29,0,2,1,1,0,1,2.46,3
3561,16,1,2,3,12.82,23,0,3,1,0,1,1,4.0,0
3834,15,0,3,2,9.43,8,1,4,0,1,0,0,3.91,0
1552,18,0,0,2,6.14,26,0,4,1,0,0,0,3.23,1
1907,16,0,1,2,18.68,16,0,2,0,0,1,0,2.52,2
1516,17,0,2,2,1.73,28,0,0,1,0,0,0,2.39,3
4377,16,1,0,4,16.62,0,0,4,1,1,0,1,3.77,0
1954,18,0,1,1,6.39,13,0,1,0,1,0,1,2.83,2
3045,18,1,3,3,1.7,7,1,3,1,0,0,1,2.59,2
2341,17,1,0,2,0.03,27,0,3,0,1,0,1,2.51,2
2982,18,0,1,0,7.1,10,0,1,0,0,1,0,2.81,2
2496,15,0,0,2,8.65,7,0,3,1,1,0,0,2.96,2
2774,18,0,0,1,14.51,4,1,3,1,0,0,1,3.66,0
3620,17,0,1,3,2.18,4,0,0,1,0,1,0,2.24,3
1829,17,1,0,4,5.16,17,0,4,1,1,0,1,3.06,1
5274,16,1,0,2,4.69,30,0,0,0,0,0,1,2.05,3
2523,15,0,2,1,16.72,22,0,4,1,1,0,0,2.33,3
3605,17,1,0,3,0.37,25,0,2,1,0,0,1,2.36,3
1094,16,1,0,3,8.0,6,1,3,1,1,1,0,3.95,0
1493,15,0,1,1,11.05,19,1,4,1,0,0,0,2.24,3
1482,16,0,0,3,4.23,20,1,2,1,1,0,0,3.17,1
2043,17,1,1,4,0.71,18,0,4,0,1,1,0,3.5,0
3527,15,1,1,0,14.44,3,0,3,1,0,1,1,2.97,2
3609,16,0,0,4,8.43,3,0,3,0,1,1,0,3.61,0
5799,18,0,1,2,17.25,8,1,4,1,1,1,0,3.3,1
1103,16,0,1,4,3.73,19,1,2,1,1,1,0,3.95,0
1361,18,1,1,4,17.74,12,0,4,1,1,0,1,3.64,0
3758,18,0,3,4,12.24,13,0,2,1,1,1,0,2.84,2
3330,16,0,1,1,5.39,22,0,4,1,1,1,1,2.24,3
3321,17,1,0,2,7.7,0,0,1,1,1,1,0,3.01,1
3506,17,1,3,4,13.63,13,0,4,1,1,0,1,3.11,1
5192,15,1,0,1,19.71,26,0,2,1,0,0,1,2.58,2
3923,15,1,0,2,11.21,2,1,3,0,0,0,0,3.58,0
4039,17,0,0,3,14.74,21,0,4,1,1,0,0,3.44,1
5818,16,0,1,2,18.61,6,1,3,1,0,1,0,3.85,0
4239,16,1,1,4,2.95,19,0,3,1,0,1,1,3.55,0
1325,16,0,0,1,4.54,26,1,1,0,0,0,0,3.34,1
1339,18,1,3,2,9.39,30,0,3,1,1,0,0,2.25,3
3026,16,1,1,1,6.34,8,0,4,1,0,0,1,3.2,1
2977,17,1,2,2,4.88,28,0,2,0,0,1,0,1.92,4
3470,18,1,0,3,7.34,25,0,4,1,1,0,1,2.84,2
1132,15,0,1,1,19.7,27,0,3,1,0,0,1,2.54,2
5453,15,1,0,2,8.8,30,0,2,0,0,1,1,1.98,4
1840,15,1,1,2,17.84,24,0,3,1,0,1,1,2.63,2
4669,18,0,0,4,19.5,14,0,3,0,0,0,1,2.91,2
3198,18,0,2,1,10.66,10,0,2,0,1,0,0,3.0,1
4345,16,1,3,2,10.1,27,0,2,0,1,1,0,3.18,1
5193,18,1,3,2,10.83,18,0,3,1,1,1,1,3.0,1
1161,17,1,1,2,8.83,5,0,2,1,1,1,0,2.31,3
1570,17,0,3,2,9.06,22,0,3,1,0,0,1,2.32,3
5068,15,0,1,2,3.77,21,1,4,0,0,1,0,2.78,2
2897,16,0,2,1,1.38,14,1,0,0,0,0,1,2.43,3
3559,18,0,1,4,13.81,28,0,2,0,1,0,0,2.61,2
3238,17,0,3,4,8.08,8,1,2,1,0,1,1,3.21,1
2587,15,0,1,2,3.26,14,0,2,1,0,1,0,2.66,2
4835,17,1,3,2,10.83,6,0,2,0,1,0,0,3.22,1
3503,15,0,0,1,18.41,12,1,3,0,0,0,1,3.11,1
4660,17,0,3,1,19.22,2,0,4,1,1,1,0,1.94,4
1307,18,1,1,4,12.07,21,1,3,1,1,0,1,1.74,4
2804,18,0,1,4,15.83,15,0,3,1,1,1,0,3.31,1
4507,16,1,0,2,10.96,11,0,2,0,1,1,1,3.0,1
2453,18,1,1,0,0.43,0,1,3,0,0,1,0,3.38,1
4025,17,0,0,2,13.82,21,0,3,0,0,0,1,2.97,2
2028,17,1,0,2,14.92,27,0,3,1,1,0,0,2.9,2
4616,17,1,3,3,12.12,23,0,3,0,1,0,0,2.77,2
2476,18,1,3,1,3.58,1,1,3,1,0,1,1,1.81,4
1148,17,0,3,2,15.23,7,1,2,0,0,1,1,4.0,0
3877,16,0,2,3,4.75,26,1,4,1,0,0,0,2.32,3
3587,16,0,1,1,13.05,30,1,3,1,0,1,0,2.73,2
1377,18,0,1,1,16.84,14,1,3,1,0,0,0,2.86,2
3578,15,0,2,2,1.14,4,0,1,0,0,0,0,2.23,3
3382,15,0,0,2,15.1,6,0,3,0,0,1,0,2.68,2
1396,18,0,0,3,8.55,5,0,3,1,1,0,1,2.85,2
2480,18,0,0,3,10.85,30,0,2,0,0,0,0,2.29,3
4643,15,0,0,3,9.76,11,0,4,0,1,0,1,2.99,2
5354,18,0,0,2,7.97,0,0,4,1,0,1,1,3.29,1
2509,18,0,3,2,4.3,22,1,2,1,1,1,0,2.98,2
1721,16,1,0,3,8.03,27,0,1,1,1,1,0,1.6,4
1405,18,0,0,4,18.65,18,0,2,0,1,0,0,2.72,2
4211,15,0,0,3,5.65,3,1,3,1,1,0,0,3.43,1
2917,18,0,0,4,9.01,3,0,2,0,1,0,1,3.56,0
5742,16,1,0,2,7.47,19,1,2,1,0,0,0,3.43,1
1181,15,1,0,3,2.35,27,1,3,1,1,1,1,3.26,1
4773,18,0,1,3,14.98,7,1,2,0,0,1,1,2.31,3
2895,15,1,1,2,14.08,27,0,2,1,1,1,0,2.94,2
3033,17,0,1,3,6.78,1,1,2,1,0,0,0,4.0,0
3660,18,1,1,3,18.28,0,1,4,0,1,0,0,3.99,0
5262,18,1,1,3,19.94,5,1,1,1,1,0,1,3.49,1
5091,16,0,1,4,0.73,11,0,2,0,1,1,1,1.89,4
5391,18,0,3,0,17.9,28,1,3,1,1,0,0,2.97,2
4847,18,1,3,3,15.52,22,0,4,1,0,1,1,3.06,1
4905,17,0,1,2,0.28,9,0,2,0,0,0,1,2.41,3
2758,15,1,1,3,17.99,10,0,4,0,0,0,0,2.59,2
3626,16,0,2,1,9.36,25,1,3,0,0,0,0,2.38,3
4173,15,1,1,2,3.57,5,0,0,0,1,0,1,2.94,2
2503,16,0,1,3,12.24,27,0,2,0,0,0,1,2.74,2
3372,18,1,1,2,6.49,4,1,2,0,0,0,0,3.23,1
4226,18,1,1,1,9.73,29,1,1,0,1,0,0,2.55,2
4071,15,0,1,2,16.62,14,0,3,1,0,1,0,2.47,3
5628,16,1,3,1,13.48,4,0,1,1,1,1,1,2.74,2
3438,17,1,0,2,12.12,28,0,3,1,0,0,0,2.51,2
5987,17,0,0,3,8.52,2,0,3,1,1,0,0,2.77,2
4963,15,0,1,4,12.99,10,0,2,1,0,1,0,3.31,1
1066,16,1,0,3,13.84,8,1,1,1,0,1,0,3.48,1
2642,15,1,2,3,5.8,3,0,3,0,0,0,0,2.77,2
5863,18,1,3,1,4.18,25,0,2,0,0,0,1,1.57,4
1023,16,1,3,4,1.67,13,0,1,0,1,0,0,2.37,3
5532,16,0,3,4,4.29,1,1,1,1,1,0,1,3.1,1
3477,18,1,2,1,7.2,18,1,0,0,0,0,0,2.61,2
4748,18,1,0,3,7.28,8,1,4,1,1,0,1,3.56,0
1844,17,1,0,1,7.31,3,0,0,1,0,0,0,2.02,3
2882,16,1,0,1,16.25,29,1,2,1,1,0,0,3.57,0
5235,16,1,2,4,14.53,17,0,1,0,0,0,1,2.86,2
5183,17,1,0,4,18.07,1,0,3,1,0,1,1,3.59,0
5364,15,1,0,4,13.97,1,0,3,0,0,1,0,2.42,3
5584,18,1,0,2,10.31,28,0,3,0,0,1,0,2.2,3
2682,16,1,0,1,12.53,14,1,3,0,1,0,1,2.54,2
1658,17,0,3,2,19.66,29,1,0,0,0,0,1,3.86,0
2517,17,0,2,2,9.62,24,0,3,1,1,0,1,1.55,4
5093,15,0,1,2,2.76,1,0,2,1,1,1,0,2.97,2
3695,18,0,3,3,1.26,8,1,2,1,0,0,0,2.62,2
3523,18,1,1,3,8.2,12,1,4,0,1,1,0,2.41,3
1288,15,0,0,1,17.81,14,0,1,0,0,0,0,1.43,4
4327,17,1,0,2,11.96,19,1,3,1,0,0,1,3.28,1
2114,17,0,1,2,19.96,21,0,2,1,1,0,0,2.86,2
3273,15,1,1,4,10.46,1,0,4,1,0,1,1,3.3,1
4291,17,1,3,2,18.44,17,0,2,1,1,0,1,3.19,1
5476,17,0,2,2,1.49,6,0,4,0,0,1,1,2.7,2
5629,17,0,0,3,13.72,21,0,2,1,0,0,0,3.14,1
4046,17,0,0,3,13.48,6,0,3,0,1,0,0,3.13,1
3320,17,1,3,4,8.03,10,0,4,1,1,1,0,2.45,3
3774,18,0,0,2,3.7,15,1,1,1,0,0,0,3.35,1
2183,18,0,0,3,8.99,1,0,4,0,0,0,0,3.33,1
1611,15,1,0,2,11.27,15,1,2,1,1,1,1,3.69,0
4444,18,1,1,3,4.84,0,1,3,1,1,1,0,2.94,2
2962,15,1,0,3,15.32,5,0,4,1,1,1,0,3.41,1
1557,18,0,0,1,18.37,20,1,3,1,1,1,1,3.08,1
4216,18,0,1,2,6.52,24,0,2,1,0,1,1,2.77,2
5840,17,1,2,2,17.77,11,0,3,0,1,0,1,3.45,1
1270,17,0,0,2,1.6,22,1,1,1,0,0,1,3.03,1
4869,16,0,1,3,1.87,14,1,3,0,1,1,0,3.24,1
2109,16,1,0,1,0.93,30,0,3,0,1,0,0,1.89,4
5083,17,1,0,4,4.31,16,0,3,1,1,0,1,2.59,2
1987,18,1,1,0,19.6,29,1,3,0,0,1,0,3.27,1
4096,18,1,3,4,10.66,22,1,4,1,0,0,0,3.93,0
1979,18,1,1,2,3.55,25,1,4,1,0,0,1,2.35,3
4531,18,1,3,4,0.89,9,0,2,1,1,0,0,3.4,1
2317,16,1,2,3,8.59,11,1,4,1,0,1,1,3.35,1
5816,18,1,2,2,6.33,13,1,2,1,1,0,0,2.27,3
5137,18,0,2,2,5.51,1,1,1,0,0,0,0,3.69,0
2883,15,0,0,1,14.88,27,1,1,0,0,1,0,2.33,3
2734,18,1,0,2,12.77,26,1,2,0,1,0,0,2.17,3
2362,16,1,1,2,5.21,12,1,2,0,1,0,1,2.58,2
3428,15,1,0,2,0.53,2,0,3,0,1,0,0,2.51,2
2009,18,0,1,3,10.44,6,0,1,1,0,0,1,2.88,2
1656,15,1,0,4,5.04,0,0,2,0,0,1,0,3.99,0
1706,15,1,0,2,8.65,19,0,4,1,1,1,1,4.0,0
2957,16,1,1,3,3.25,27,1,2,0,0,1,1,3.08,1
3224,15,1,0,2,11.93,15,1,3,0,0,1,0,3.03,1
1466,17,1,1,2,12.77,24,1,2,0,0,0,0,2.61,2
3915,15,1,0,3,2.13,1,0,3,0,1,1,0,3.74,0
4567,17,1,3,1,14.99,11,0,3,1,0,1,0,2.57,2
5553,17,1,2,3,17.6,24,0,2,1,0,1,0,2.42,3
1508,17,0,0,2,7.58,8,0,1,0,0,1,0,2.52,2
5245,18,0,1,3,19.89,8,1,1,1,0,0,1,3.54,0
5570,17,1,2,2,11.82,12,1,2,1,1,1,0,2.04,3
1701,16,1,0,1,5.97,4,0,2,1,0,0,0,2.99,2
2134,17,1,0,3,1.14,0,0,3,1,1,1,1,2.22,3
3250,15,0,2,4,19.31,20,0,4,1,0,0,0,3.32,1
2541,17,1,0,3,0.53,21,0,3,0,0,1,1,2.86,2
1431,15,0,1,1,12.3,2,1,3,1,1,1,0,3.37,1
1243,18,0,1,2,9.47,3,0,4,0,1,0,1,3.11,1
4383,17,1,2,3,19.23,1,1,1,0,0,0,0,3.59,0
1575,17,1,1,4,3.34,26,0,2,0,1,0,1,3.37,1
4824,17,0,0,2,17.97,9,0,3,0,0,0,1,4.0,0
1295,16,1,2,2,6.52,15,0,4,0,0,1,1,3.13,1
2778,17,1,1,2,18.17,11,1,2,1,0,0,0,2.61,2
2287,16,0,3,4,19.86,22,1,2,0,1,0,0,2.45,3
2652,16,1,3,2,0.42,9,0,0,1,1,1,1,2.52,2
4219,15,1,0,3,1.99,9,0,2,1,0,1,0,3.31,1
5048,16,0,1,1,8.16,22,0,1,1,1,1,1,2.08,3
1640,18,1,0,1,15.05,30,0,4,0,0,1,1,2.82,2
2037,18,1,2,3,7.64,17,1,2,1,0,0,1,3.19,1
4742,16,0,1,1,6.58,10,1,3,1,0,1,0,3.27,1
4454,18,0,1,1,1.25,16,0,2,1,0,1,1,2.29,3
2155,18,1,0,3,11.69,15,1,2,0,0,1,0,3.02,1
3961,17,1,3,0,4.91,15,0,3,1,0,0,0,3.35,1
3922,18,0,2,1,18.82,9,0,2,1,0,1,1,3.6,0
3950,18,1,0,1,5.27,26,0,0,1,1,0,0,2.3,3
2808,15,0,1,1,19.01,2,1,3,1,1,0,0,3.58,0
5828,18,1,1,3,6.5,11,1,4,1,0,0,1,3.07,1
4874,18,0,0,4,1.8,28,1,2,0,1,1,1,3.59,0
3646,17,0,2,2,17.09,24,0,4,0,0,0,0,3.32,1
5676,15,0,1,0,8.57,30,0,2,0,1,0,1,2.52,2
3239,18,1,2,2,15.52,21,1,2,1,1,1,0,3.6,0
4177,16,1,0,3,5.53,16,0,4,0,0,1,1,2.76,2
4970,16,1,0,2,9.63,8,0,3,1,0,0,0,2.81,2
1220,17,1,0,1,8.13,23,0,2,0,1,0,1,2.99,2
5765,17,1,3,4,6.53,14,0,1,0,0,0,1,2.91,2
4186,16,0,0,3,2.26,18,0,0,1,1,1,1,3.82,0
1303,17,1,2,1,4.57,11,0,1,0,0,0,1,2.52,2
2011,15,1,2,2,0.89,29,1,2,0,1,1,0,3.17,1
3174,16,0,2,4,3.76,1,1,3,0,1,0,1,3.74,0
2686,15,1,0,2,4.88,22,1,1,1,1,0,0,2.78,2
4831,18,0,0,2,17.8,2,1,2,1,1,0,1,2.93,2
3377,17,1,1,1,7.18,15,1,2,0,0,0,1,3.06,1
5143,16,1,3,2,13.65,2,0,3,1,0,0,0,3.13,1
5511,15,0,1,4,10.98,20,1,2,1,0,1,0,2.92,2
3010,15,0,0,4,14.3,14,0,2,0,1,0,0,4.0,0
1920,18,0,1,1,15.57,16,1,2,0,1,0,0,4.0,0
4079,15,0,0,3,1.13,23,0,2,1,0,0,0,2.22,3
5433,17,1,2,0,6.55,0,0,1,0,0,1,0,2.55,2
2200,15,1,0,4,15.29,24,1,2,1,1,0,1,3.59,0
4926,18,1,1,1,7.07,19,1,2,0,1,1,0,3.9,0
3146,18,0,2,3,13.4,19,1,3,0,0,1,0,3.71,0
3338,16,0,0,2,5.27,25,0,2,1,0,0,1,3.88,0
2683,15,0,3,2,1.68,4,1,3,1,1,0,1,3.05,1
3016,18,0,3,3,19.38,23,0,2,1,0,1,0,3.04,1
3178,18,1,2,3,6.25,27,0,0,1,1,0,0,2.85,2
5615,15,0,3,2,14.92,23,1,2,1,1,0,1,4.0,0
1526,17,0,0,3,2.61,23,1,2,1,0,0,1,2.35,3
1773,15,0,0,2,4.53,4,0,4,1,0,0,0,2.87,2
5103,15,1,0,1,11.94,16,1,0,0,1,0,1,3.94,0
1193,15,1,2,0,5.68,7,1,3,1,1,1,1,3.99,0
1619,17,1,1,1,20.0,10,0,4,1,1,1,0,3.24,1
1313,18,0,3,4,3.25,15,0,3,0,1,0,1,2.68,2
3723,18,0,0,4,3.73,13,0,1,1,1,1,0,3.04,1
1631,15,1,2,2,8.57,12,0,4,0,1,0,1,2.71,2
4766,15,1,2,2,15.75,3,1,4,0,1,1,0,2.88,2
3888,16,1,0,2,10.53,12,0,2,1,1,1,1,2.15,3
4681,15,0,0,4,3.53,3,0,2,1,1,1,0,3.34,1
1548,18,1,0,4,4.87,17,1,4,1,0,0,0,3.06,1
4833,18,1,2,3,5.55,11,0,3,1,0,1,0,1.87,4
5679,18,1,1,2,0.37,24,0,3,0,1,0,1,3.64,0
3907,18,0,0,2,7.9,1,0,4,1,0,0,1,2.23,3
2991,18,0,3,1,1.41,6,0,4,0,1,1,0,2.54,2
5675,16,0,0,1,4.06,21,0,3,0,0,1,0,2.62,2
1554,18,0,1,2,1.25,26,1,2,1,1,0,1,2.57,2
4892,17,1,2,3,9.27,10,0,1,1,0,0,1,1.89,4
5418,16,1,0,3,18.08,20,1,2,1,1,1,1,3.16,1
1155,15,0,2,3,10.08,13,1,3,0,0,0,0,3.08,1
1430,18,1,2,3,5.71,4,0,2,1,0,1,0,3.05,1
5525,16,1,0,2,14.76,23,1,2,1,1,0,1,2.34,3
3292,18,0,0,2,16.2,11,0,2,0,1,0,0,2.49,3
5760,18,1,1,0,6.3,8,0,1,0,0,0,0,2.48,3
3380,18,0,0,4,4.84,22,0,3,1,1,0,0,2.47,3
3956,15,0,1,3,15.1,16,0,3,1,0,0,1,2.67,2
4812,15,0,1,0,19.19,17,0,2,1,0,0,0,2.38,3
5677,17,0,3,1,13.92,28,0,1,0,1,0,1,1.75,4
5008,16,0,1,2,13.65,8,1,1,1,0,0,0,3.13,1
5980,18,1,1,3,8.84,4,0,3,0,1,1,0,2.83,2
1199,15,1,0,1,4.04,19,0,2,1,0,0,1,3.15,1
1775,16,0,0,1,19.59,25,0,2,1,0,0,0,3.11,1
1736,17,0,2,1,7.26,11,1,4,0,1,0,1,3.88,0
5498,18,1,1,2,18.29,5,0,1,0,0,0,0,4.0,0
5474,18,0,0,4,6.82,20,0,3,1,1,0,0,3.27,1
1834,18,0,1,1,2.55,20,1,2,1,1,1,1,2.82,2
5100,16,1,0,4,13.12,11,1,3,0,0,0,1,3.82,0
4613,17,0,3,2,12.09,13,0,3,0,0,0,0,2.98,2
3357,16,1,3,3,5.6,13,0,2,0,0,0,0,2.74,2
5296,18,0,3,3,3.02,19,0,3,1,0,1,0,1.83,4
2699,15,1,2,4,13.34,15,0,2,0,0,0,0,2.28,3
2157,16,1,2,4,6.04,13,0,2,1,0,0,1,3.4,1
1030,18,0,0,3,7.33,22,0,3,1,1,0,1,3.56,0
2729,16,1,3,1,15.79,14,1,2,1,0,1,0,3.84,0
5725,17,0,0,4,5.38,20,0,2,1,1,1,1,2.77,2
2069,15,0,0,2,1.86,20,1,3,0,0,1,0,3.42,1
2945,15,0,1,4,3.73,7,0,3,1,0,0,1,1.48,4
1099,16,1,1,1,13.39,25,1,3,1,0,1,0,2.37,3
2142,15,1,0,4,3.85,19,0,2,1,0,1,1,1.96,4
5168,18,0,0,4,7.67,0,0,2,1,0,1,0,3.33,1
5686,17,0,1,1,10.06,1,1,2,1,1,0,1,3.97,0
3985,18,1,1,2,14.77,30,1,3,1,0,1,1,2.84,2
4857,16,1,0,1,3.21,30,0,4,0,1,0,0,2.2,3
5936,15,1,0,4,4.94,14,0,4,1,0,1,0,1.86,4
5349,18,1,2,1,13.55,10,1,2,1,0,1,0,2.58,2
4533,18,1,1,2,9.11,22,1,2,0,0,0,1,2.9,2
3999,16,0,3,2,13.84,24,1,3,1,1,1,1,2.29,3
4330,18,0,1,4,13.58,7,1,3,0,1,0,1,3.98,0
2093,18,0,0,0,13.8,11,0,3,0,0,1,0,2.87,2
5094,17,1,2,4,4.45,2,0,4,1,0,1,1,3.03,1
3649,17,1,0,3,6.95,2,1,2,0,0,1,0,3.15,1
3930,18,0,0,3,17.07,20,0,2,1,0,0,0,3.15,1
2668,15,0,2,3,18.02,8,1,4,1,0,0,0,3.55,0
5959,15,1,2,3,8.29,2,0,2,1,0,0,0,3.12,1
4385,15,1,0,2,7.57,6,0,3,1,1,1,1,3.25,1
2552,15,1,1,3,7.66,17,0,2,0,0,0,0,3.33,1
4419,18,0,2,4,14.18,29,0,3,0,0,1,0,3.46,1
1435,18,0,1,4,8.91,6,0,2,1,1,0,1,2.62,2
3183,17,0,2,2,9.23,5,0,1,1,0,1,1,2.15,3
4662,16,0,1,1,18.87,15,0,0,1,0,0,1,2.98,2
1224,18,1,0,1,19.18,28,0,3,1,0,1,0,2.44,3
1223,16,0,0,4,19.85,19,0,2,1,1,1,0,2.71,2
2212,18,0,0,3,2.03,10,1,4,0,0,1,1,2.96,2
5895,17,1,2,1,2.31,19,0,2,0,0,0,1,1.91,4
1213,15,1,0,1,17.16,6,0,3,0,1,0,0,2.57,2
1337,15,1,0,1,0.66,28,0,3,0,0,0,1,2.04,3
5112,16,0,1,3,7.67,8,0,3,1,0,0,1,2.89,2
2638,15,1,1,3,1.52,30,1,3,1,0,0,1,2.98,2
3433,16,0,0,4,12.0,5,0,4,0,1,1,0,3.17,1
1764,16,1,0,1,1.28,15,0,1,1,0,0,1,3.31,1
4069,18,1,1,4,12.99,17,0,2,0,0,1,1,2.32,3
2176,17,0,1,2,5.64,4,0,3,0,1,0,0,2.86,2
2351,18,1,0,2,1.6,22,0,2,1,0,0,1,1.98,4
1547,15,1,0,4,12.87,16,0,3,0,1,0,1,3.19,1
3411,17,0,1,3,4.88,16,0,1,1,0,0,0,2.36,3
3773,18,0,0,1,5.71,30,0,2,1,1,0,1,2.25,3
5705,15,1,0,4,19.56,9,0,3,0,1,1,0,2.99,2
1167,18,1,0,2,0.95,28,1,1,0,1,0,0,2.21,3
3430,17,0,2,3,5.58,1,0,1,0,1,1,1,3.18,1
5595,17,1,0,2,6.4,27,1,1,0,0,0,0,2.46,3
1065,17,0,2,1,2.0,18,1,1,1,0,0,0,2.95,2
4426,16,0,0,3,7.88,11,0,2,0,0,0,1,2.37,3
5990,18,0,2,4,18.98,2,0,2,1,0,1,0,3.0,1
1078,18,1,0,2,6.85,12,0,2,1,1,1,1,3.75,0
2267,17,0,3,3,19.12,13,0,2,1,1,0,0,3.17,1
3472,16,1,0,3,6.51,26,0,0,1,0,0,1,2.81,2
4859,18,0,1,2,6.3,19,0,1,1,1,0,1,2.2,3
1667,16,0,2,0,10.88,7,0,4,1,1,1,1,3.13,1
2394,16,1,2,3,3.45,18,0,4,0,0,0,0,3.59,0
3165,16,0,2,2,17.97,30,0,2,0,0,1,1,2.92,2
2528,15,1,2,3,13.6,3,0,1,0,1,0,1,2.85,2
1815,18,0,0,3,7.46,17,1,1,0,0,1,1,2.8,2
4813,16,0,2,2,5.04,24,0,4,1,1,0,0,2.79,2
5045,17,0,1,1,10.1,20,0,3,0,0,0,1,4.0,0
5254,16,0,0,3,9.26,29,1,1,0,1,1,0,3.16,1
2709,18,0,2,2,12.12,19,1,4,0,0,0,0,2.55,2
2959,15,1,2,2,17.79,2,1,2,1,0,1,1,3.87,0
3313,17,0,0,2,15.54,10,0,2,0,0,1,0,2.45,3
4266,18,0,0,4,15.76,12,0,1,0,0,0,0,3.37,1
5591,16,1,1,3,15.04,28,0,3,0,1,0,0,2.41,3
3684,15,0,1,1,2.38,8,1,2,0,0,0,1,1.65,4
3983,15,1,2,1,14.48,8,0,2,0,0,1,0,2.46,3
4549,15,0,0,4,17.11,17,0,3,1,1,0,0,3.01,1
5249,17,0,0,2,19.07,22,1,2,1,0,1,0,2.75,2
5206,18,0,0,3,15.24,9,0,2,0,0,1,1,2.99,2
4388,15,0,0,1,0.26,8,0,1,0,1,0,0,2.09,3
1913,15,0,2,1,15.79,27,1,4,0,1,1,0,1.76,4
1518,16,1,2,2,7.49,24,1,2,1,1,0,1,3.6,0
2557,16,0,0,4,12.79,0,1,3,0,0,0,0,3.87,0
5002,17,1,1,1,4.09,28,0,2,1,0,1,1,2.34,3
5368,15,1,2,3,1.28,16,1,2,0,1,1,1,3.22,1
5524,17,0,2,1,7.23,17,0,2,1,1,0,1,2.56,2
5696,17,1,1,2,4.07,17,0,3,0,0,0,1,2.63,2
4052,15,1,0,2,16.19,27,0,3,0,0,1,0,2.83,2
3988,17,1,1,0,17.03,12,0,1,1,0,1,0,2.38,3
4752,15,0,0,1,11.07,28,0,2,0,0,1,0,3.16,1
5813,16,1,0,2,17.94,27,1,3,0,1,1,0,3.79,0
4941,15,1,1,1,13.58,25,0,4,0,1,1,1,3.0,1
2234,15,1,0,3,5.61,19,0,2,1,1,0,0,2.24,3
1905,17,1,0,3,3.92,29,1,2,0,0,0,0,2.3,3
3622,17,0,1,4,12.16,25,0,2,0,1,1,0,2.54,2
5190,18,0,2,3,13.54,28,1,4,1,1,0,0,3.03,1
3850,16,1,0,2,16.85,18,1,3,1,0,0,0,4.0,0
2812,15,0,0,4,13.73,2,0,3,1,0,1,0,2.72,2
2242,18,0,0,4,12.09,8,0,1,1,0,1,0,3.53,0
4553,15,1,1,3,10.13,6,0,4,1,0,0,1,2.95,2
5051,18,0,2,3,2.97,0,0,2,1,1,0,1,2.97,2
1321,18,0,0,2,15.65,12,1,1,1,0,0,1,2.65,2
5494,18,1,0,1,6.3,25,0,2,1,1,1,0,2.19,3
1115,17,1,0,1,4.33,20,0,1,1,1,0,1,2.84,2
2723,17,1,2,2,12.41,27,0,2,1,0,0,1,3.36,1
3360,15,0,3,2,12.76,27,0,2,1,0,0,1,3.56,0
2335,18,0,0,1,12.94,19,0,1,1,0,0,0,3.16,1
4389,15,0,1,3,14.72,21,0,4,1,0,1,1,3.71,0
3391,16,0,1,3,15.07,1,0,2,1,1,0,0,2.8,2
3307,16,0,2,2,3.39,2,0,4,1,0,0,0,2.33,3
2834,17,1,3,4,16.77,8,0,3,1,1,0,0,3.68,0
4578,17,1,0,2,9.19,6,0,3,0,1,0,1,3.39,1
4523,18,1,0,1,9.21,15,1,2,0,1,0,1,2.96,2
2695,15,1,1,1,15.65,3,1,3,1,1,0,0,3.41,1
5465,18,1,2,4,17.05,15,0,3,0,0,0,1,3.12,1
5092,17,0,0,2,15.98,15,1,2,1,1,0,0,2.22,3
2348,17,0,3,1,0.32,12,0,3,1,0,0,1,2.75,2
1299,15,0,1,0,12.51,18,0,2,1,0,0,0,2.7,2
5407,15,1,0,0,2.94,11,0,2,0,0,1,0,2.75,2
3664,17,0,1,3,19.81,29,0,1,0,0,0,0,2.75,2
5201,18,0,3,2,0.44,7,1,2,1,1,0,1,2.59,2
4582,15,1,2,1,14.01,3,0,0,0,0,0,0,2.58,2
4363,18,0,0,2,7.18,5,1,2,0,0,0,0,3.13,1
4290,18,1,1,1,2.63,21,1,2,1,0,1,1,2.86,2
5512,18,1,1,3,5.39,12,0,2,1,0,0,0,2.24,3
3318,15,0,2,1,12.17,17,0,1,0,0,0,1,2.98,2
5697,17,0,0,1,12.93,5,1,2,0,1,0,0,3.73,0
2835,18,1,3,2,14.45,19,0,1,1,0,1,0,2.46,3
2905,17,0,0,3,13.64,7,0,2,1,0,1,0,3.9,0
5252,16,1,1,4,8.14,16,1,0,0,0,1,1,2.25,3
3882,15,1,1,3,16.15,21,0,2,0,1,0,1,2.99,2
3631,17,0,1,2,14.93,1,1,3,1,1,0,0,3.09,1
5377,17,0,2,3,15.55,10,0,0,1,1,1,0,2.44,3
4836,16,1,0,3,18.12,13,0,1,1,0,1,1,2.11,3
3060,17,1,3,2,1.55,7,1,2,0,1,0,1,3.26,1
2549,15,0,0,2,9.82,5,0,2,1,0,1,1,3.68,0
3284,18,0,1,2,15.87,26,0,3,0,1,1,1,3.27,1
2071,15,1,3,1,5.36,19,0,0,1,1,0,0,3.66,0
2185,18,1,0,3,2.82,27,0,3,1,1,0,1,3.46,1
5243,16,1,2,4,10.74,9,1,4,1,0,1,1,3.47,1
5318,16,0,0,0,19.71,6,0,3,0,0,1,1,2.15,3
3352,15,0,0,4,14.41,29,1,2,1,0,0,0,3.01,1
2798,16,0,0,2,3.35,2,1,4,1,1,1,1,2.95,2
5626,18,1,0,2,5.8,16,1,2,1,0,0,1,2.74,2
5497,17,0,1,3,17.82,3,0,3,0,1,0,1,3.65,0
5893,18,0,2,1,13.8,4,0,1,0,1,0,0,2.77,2
5508,16,0,1,2,17.79,18,0,3,0,1,1,1,3.0,1
4236,16,1,1,4,14.33,30,1,1,0,0,0,0,3.05,1
5926,16,0,0,1,11.87,28,0,2,1,0,0,1,3.38,1
4259,15,1,1,0,15.32,8,1,2,0,1,1,1,3.17,1
1806,18,0,0,1,2.24,29,1,1,0,0,0,1,1.88,4
4289,16,0,0,1,16.57,12,1,3,0,0,0,0,3.17,1
4201,17,1,0,0,17.81,6,0,1,0,0,1,1,2.91,2
5386,17,0,3,3,17.65,19,0,2,0,1,1,1,2.99,2
4733,15,0,0,4,12.32,2,0,1,1,1,0,0,2.85,2
2315,16,1,0,4,3.87,8,1,4,1,0,1,1,2.33,3
5024,16,0,0,1,18.69,9,0,1,1,0,0,1,2.96,2
5215,17,0,0,2,10.15,22,0,2,0,0,0,1,2.17,3
1131,18,0,1,4,5.33,0,1,3,1,1,1,0,3.21,1
2856,16,0,0,1,19.88,25,0,2,1,0,0,0,2.65,2
5788,15,0,0,2,1.45,22,1,2,0,1,0,0,2.83,2
4788,15,1,2,1,18.7,21,0,2,0,0,1,1,3.12,1
1044,18,1,2,2,12.83,1,0,2,1,0,0,0,2.69,2
5657,17,0,3,3,8.97,18,1,2,1,1,0,0,3.63,0
2412,16,1,0,2,13.04,27,1,0,1,1,1,1,2.99,2
2511,17,1,0,0,17.6,17,0,4,0,1,0,1,3.84,0
1808,15,1,3,2,16.42,22,1,3,1,1,0,1,2.83,2
3065,17,1,0,4,16.25,25,1,3,1,0,0,0,2.93,2
1761,18,0,2,0,2.14,23,0,3,1,1,0,1,2.2,3
4386,16,0,1,2,15.24,19,1,3,0,1,1,1,3.19,1
4036,17,0,0,3,19.01,12,1,3,0,0,1,1,3.27,1
1206,15,0,0,1,8.02,29,0,1,0,1,1,0,2.51,2
5049,18,0,3,4,8.18,9,1,1,1,0,0,1,2.8,2
3172,16,0,3,4,4.77,26,0,3,0,1,1,0,2.91,2
3742,16,1,0,2,0.46,28,0,2,0,0,1,0,2.69,2
2327,15,1,3,2,3.95,21,0,3,1,1,0,1,3.04,1
4084,15,0,0,3,18.24,15,0,2,1,1,0,1,3.17,1
4065,16,1,3,2,11.7,10,0,1,0,1,0,0,2.82,2
5801,17,1,2,4,18.93,4,0,3,1,0,0,0,4.0,0
3445,18,0,0,1,4.59,24,1,2,1,0,1,1,2.59,2
3844,17,1,1,1,6.83,8,0,2,0,1,0,1,2.98,2
2484,15,0,0,2,8.64,25,0,3,1,0,0,0,1.84,4
5076,15,0,2,3,12.89,29,0,1,0,0,0,0,2.45,3
1881,15,0,0,2,0.67,20,0,2,1,0,0,1,3.17,1
2535,17,0,0,2,8.19,24,1,2,0,1,1,1,3.02,1
1574,16,0,1,2,3.92,30,1,4,1,0,1,1,2.36,3
2227,17,1,0,3,2.88,27,0,2,0,0,0,1,1.3800000000000003,4
2067,15,1,1,0,1.48,17,1,2,1,1,0,1,2.2,3
1545,15,1,1,4,14.92,4,0,2,0,0,1,0,3.21,1
2677,17,0,1,2,12.36,18,0,2,1,0,1,0,2.65,2
2469,18,1,3,1,14.59,27,0,2,1,0,0,1,2.64,2
2461,15,0,0,1,0.86,0,0,0,1,1,1,1,2.79,2
3662,16,1,1,3,8.96,23,1,2,1,1,1,1,3.31,1
4722,17,0,2,3,15.98,12,1,0,1,1,1,1,2.51,2
2479,16,0,1,2,8.49,23,1,2,1,0,1,1,3.41,1
4165,15,0,0,2,13.64,8,0,1,0,0,1,0,3.14,1
1485,15,1,2,0,14.45,24,0,1,1,1,1,0,3.18,1
2197,16,1,0,3,14.2,27,1,2,1,0,0,0,2.77,2
3138,18,0,1,3,13.98,8,1,3,0,0,0,0,3.52,0
2431,15,0,2,1,5.82,12,0,3,1,0,0,1,3.7,0
2727,18,0,0,1,0.64,0,0,0,1,0,0,0,1.84,4
2086,15,1,1,2,16.74,9,1,3,1,0,1,0,2.75,2
1846,15,0,0,4,11.78,12,1,2,1,0,0,0,2.95,2
2658,17,0,0,4,0.12,7,1,2,1,1,0,1,2.94,2
5034,16,0,2,1,6.68,11,0,0,0,0,1,1,1.89,4
1538,17,1,3,1,13.08,20,0,2,0,0,1,0,2.4,3
2952,17,1,1,1,1.66,8,1,2,1,1,0,0,3.09,1
5673,17,1,0,1,13.28,17,0,2,0,1,0,1,2.35,3
2064,15,1,1,3,5.63,17,0,1,1,1,0,0,2.45,3
4904,15,0,2,3,9.61,15,0,2,0,0,0,1,3.23,1
1958,15,0,0,3,9.69,6,0,1,1,0,1,0,2.81,2
3816,18,1,1,1,2.46,2,1,2,1,0,0,0,2.54,2
5624,17,1,2,4,16.19,29,0,4,1,1,0,1,3.04,1
2609,16,0,3,0,4.02,18,1,3,1,1,0,1,2.72,2
3840,17,0,3,1,14.31,17,1,3,1,1,0,0,3.0,1
2104,15,0,3,2,0.35,2,0,2,1,1,1,0,2.33,3
4352,16,1,0,1,17.78,3,1,1,1,0,0,0,3.01,1
1962,15,0,3,2,15.83,16,0,3,1,1,0,0,2.03,3
1603,18,0,0,3,11.88,28,1,4,1,1,1,0,3.08,1
3912,15,1,1,4,0.37,30,0,2,1,0,1,1,1.9,4
5266,17,0,0,1,17.64,29,0,4,0,0,0,0,3.22,1
2088,18,0,0,2,17.42,18,0,0,0,0,0,0,2.63,2
4232,16,1,1,2,11.8,27,1,3,1,1,0,1,2.8,2
1165,16,0,0,4,5.97,1,1,3,1,1,1,0,3.05,1
5355,17,1,0,1,16.43,20,0,4,1,1,0,1,2.63,2
5556,18,1,2,2,9.91,9,0,1,1,1,0,1,3.66,0
4840,16,0,0,3,4.99,11,0,2,1,0,1,0,1.3800000000000003,4
1070,16,1,0,4,18.9,18,0,4,0,1,0,0,2.71,2
3665,16,1,0,2,13.0,3,0,2,0,1,1,1,3.71,0
5864,15,1,2,3,19.89,28,1,3,0,0,0,1,2.94,2
2664,17,0,2,3,12.87,27,0,3,1,1,1,0,3.45,1
4741,17,1,1,1,10.07,28,1,2,1,1,0,1,3.53,0
2302,18,1,1,1,12.62,6,1,2,0,1,1,0,3.45,1
5772,18,0,0,4,18.54,17,0,3,1,1,1,1,2.89,2
5156,18,0,0,3,5.32,5,1,1,0,0,0,0,3.19,1
5954,16,0,0,2,12.12,4,1,4,0,0,0,0,4.0,0
1228,16,1,3,3,6.98,2,0,2,1,0,0,1,2.37,3
4680,15,1,0,2,15.96,8,0,2,1,1,0,0,2.6,2
1177,17,1,3,3,6.54,1,0,2,1,0,0,0,3.61,0
2970,15,0,1,3,9.47,5,0,2,0,0,0,0,2.17,3
2117,17,0,2,4,18.74,19,1,0,1,1,1,1,3.38,1
4820,17,1,0,1,2.12,18,0,3,0,0,0,1,3.25,1
2822,17,0,1,3,10.55,23,1,4,1,1,1,1,2.97,2
1966,15,0,3,1,7.23,19,0,3,1,1,1,1,2.98,2
3173,15,1,0,0,0.08,12,0,2,1,0,0,0,3.35,1
5477,17,0,3,4,3.05,10,0,2,1,1,0,0,2.25,3
3807,15,1,2,1,4.17,7,1,3,1,1,0,0,3.37,1
2116,17,0,2,4,17.68,30,0,4,0,0,1,0,3.02,1
1670,17,0,2,1,1.11,17,0,3,1,0,0,0,2.04,3
5439,16,1,0,3,14.2,18,1,3,0,1,0,1,3.76,0
1469,15,0,2,3,14.82,9,0,3,1,1,1,1,3.07,1
1771,15,0,1,2,7.42,11,0,3,1,0,0,0,3.7,0
3634,18,1,3,2,12.79,29,0,0,0,0,0,0,2.58,2
1999,18,1,1,1,14.9,24,0,3,1,1,1,1,3.61,0
3419,15,1,0,3,10.7,10,1,3,1,0,0,0,3.47,1
1237,16,0,2,3,7.52,25,0,1,1,0,1,0,2.9,2
2147,17,1,1,2,15.71,15,1,4,1,0,1,1,4.0,0
4882,18,1,1,2,8.17,18,0,0,0,0,1,0,2.37,3
1949,16,1,2,1,9.83,11,1,2,1,1,0,0,2.6,2
1916,16,0,0,1,8.16,3,0,3,1,0,1,0,2.95,2
1421,16,0,0,1,6.44,17,0,1,1,1,1,0,3.39,1
2770,15,0,0,0,11.29,29,0,3,0,1,0,1,2.97,2
2703,17,1,0,1,2.97,15,0,4,0,1,1,0,2.55,2
1688,15,0,3,1,2.36,9,1,3,1,0,0,1,3.74,0
4796,16,1,1,4,11.61,17,0,3,0,1,0,0,2.96,2
1505,17,0,0,3,13.26,17,0,1,0,1,1,1,2.81,2
1745,17,1,0,2,9.43,9,0,4,0,1,1,0,3.88,0
1853,15,1,3,3,3.16,7,1,2,0,0,0,0,2.59,2
2013,16,0,3,4,7.83,30,0,1,1,1,0,0,2.47,3
2121,16,0,0,3,16.6,28,1,4,0,0,1,1,3.77,0
1490,15,0,3,2,13.74,19,1,2,0,1,0,0,2.41,3
1002,18,0,1,2,14.93,1,0,4,1,0,1,0,3.63,0
5277,15,1,0,1,18.43,3,1,0,1,1,1,0,2.78,2
2869,15,1,1,3,4.27,21,0,3,0,0,0,1,2.83,2
2191,17,1,2,3,11.19,25,0,3,1,1,1,0,2.41,3
5255,18,0,2,3,2.94,14,1,2,0,1,1,1,2.53,2
1918,18,1,2,2,11.52,12,0,2,0,1,0,0,2.79,2
2329,16,0,1,3,14.14,17,1,2,1,0,0,0,2.71,2
2229,16,0,2,1,1.67,8,0,3,1,1,1,0,2.91,2
2787,18,1,3,4,7.26,0,1,3,0,1,1,0,3.06,1
5621,17,1,1,4,15.51,2,0,4,1,1,0,0,3.58,0
4670,18,1,2,4,19.33,20,1,2,0,1,1,1,3.0,1
4397,18,1,1,2,7.51,0,0,3,1,1,0,0,3.76,0
1588,17,0,1,4,7.93,11,0,2,0,1,0,0,3.97,0
3558,17,1,1,3,3.08,19,1,2,1,1,0,1,3.21,1
2696,18,1,2,2,13.28,4,0,2,1,1,0,0,3.33,1
2375,17,0,0,4,1.77,21,1,4,0,0,1,0,3.08,1
2270,16,0,1,1,6.75,17,0,4,0,1,1,0,3.62,0
2661,17,1,1,4,15.09,17,0,2,0,0,0,0,3.04,1
2996,15,1,1,0,6.34,27,1,2,1,1,1,0,2.12,3
5876,16,1,0,3,3.45,27,0,1,0,1,0,1,1.82,4
5513,15,0,0,1,19.99,9,1,3,0,1,0,1,3.79,0
3037,16,1,0,1,2.1,11,0,4,1,0,1,0,2.82,2
4209,18,0,0,1,11.01,30,1,3,0,1,0,1,2.69,2
3614,18,1,0,1,7.38,0,0,3,1,0,0,1,3.43,1
4425,17,0,0,4,4.41,25,0,2,1,0,1,0,2.64,2
3300,18,0,1,2,15.06,23,0,3,1,1,0,0,2.89,2
1442,18,1,0,3,3.15,21,0,0,1,0,0,1,2.41,3
5953,15,1,0,3,12.08,15,0,3,0,1,0,0,2.78,2
3057,16,1,2,3,9.39,15,1,2,1,1,0,0,3.87,0
2560,17,0,3,3,12.55,16,0,2,0,0,0,0,2.7,2
2388,18,1,2,3,13.45,3,0,3,1,1,1,0,2.64,2
5273,16,0,2,1,0.88,29,0,1,1,1,0,0,2.04,3
4270,16,0,2,4,12.85,15,1,2,0,0,1,1,2.91,2
5448,15,1,2,2,10.44,23,0,1,0,1,1,1,2.9,2
2582,16,1,3,1,10.86,20,0,4,1,0,0,1,4.0,0
2641,18,0,2,4,12.97,0,1,3,1,1,1,0,2.21,3
1204,15,0,2,2,3.84,1,0,2,1,0,1,1,2.68,2
3724,17,0,2,4,16.77,4,0,2,0,1,1,1,3.56,0
3522,16,0,1,3,11.92,10,1,2,0,1,1,0,3.03,1
4247,18,1,0,2,1.97,3,0,4,0,1,1,0,2.38,3
2493,17,1,1,2,7.9,25,0,2,1,0,0,1,2.83,2
2765,15,0,2,2,16.07,16,0,1,1,0,1,0,3.2,1
2766,18,0,3,3,4.31,15,1,2,1,0,1,0,3.74,0
3389,17,0,0,4,15.59,28,0,1,1,1,0,1,3.16,1
4141,16,1,0,4,6.83,19,0,3,1,1,1,1,3.67,0
1436,18,1,2,2,1.21,7,0,4,1,1,0,1,3.3,1
3085,15,0,1,1,11.37,4,1,3,1,0,0,1,3.09,1
4295,18,1,2,2,16.69,9,1,2,1,1,1,1,3.23,1
4490,16,1,0,2,9.07,27,1,3,1,1,0,0,2.99,2
3145,15,0,3,2,16.99,8,0,1,1,1,0,0,2.97,2
1247,15,0,2,1,16.16,14,0,2,1,1,1,1,3.01,1
2807,18,0,2,3,8.78,16,1,3,1,0,0,0,2.97,2
3194,15,1,0,2,9.15,17,1,3,0,1,0,1,2.41,3
4148,15,0,3,3,6.54,24,0,2,1,1,1,1,2.12,3
4413,16,0,0,0,19.0,4,0,4,1,0,0,1,3.31,1
4584,18,0,0,3,16.58,4,0,3,1,0,0,0,4.0,0
3102,15,1,0,1,16.99,28,1,3,1,1,1,1,3.01,1
5147,15,1,0,3,5.79,26,0,3,0,1,1,0,2.99,2
2777,16,1,2,1,12.96,13,0,2,1,1,1,0,2.89,2
4946,16,1,3,4,19.71,0,0,4,1,1,1,1,4.0,0
3063,17,1,2,2,17.89,4,1,3,0,1,1,0,3.77,0
1874,15,1,2,1,10.7,14,0,4,1,0,1,1,3.02,1
5053,15,1,0,3,19.4,8,1,3,0,0,1,0,3.45,1
5431,17,1,2,4,18.77,18,1,3,1,1,1,1,2.9,2
2427,17,1,3,1,5.39,21,0,3,1,0,0,0,3.09,1
3192,15,1,1,1,14.34,14,1,3,1,1,1,1,3.42,1
2058,17,0,1,4,19.93,7,1,2,0,1,0,0,2.86,2
1304,16,0,3,4,7.64,10,0,2,1,1,0,1,2.16,3
1462,15,1,0,2,16.35,12,1,2,1,1,1,1,3.42,1
3323,16,0,1,1,12.27,20,1,1,1,0,0,1,2.11,3
1629,17,1,1,1,17.68,18,1,3,0,1,0,0,3.02,1
5822,15,0,2,0,7.93,22,0,0,1,1,0,1,2.76,2
5517,18,1,1,2,16.91,20,0,1,0,0,0,1,2.72,2
4333,16,0,2,2,7.28,7,0,2,0,0,1,0,3.36,1
4875,18,0,3,2,17.77,25,0,3,0,1,1,1,2.99,2
1722,17,1,1,1,1.42,25,1,4,1,1,1,0,3.69,0
2421,15,0,3,3,13.4,27,1,0,0,1,0,0,3.02,1
1108,18,1,0,2,8.38,2,1,3,1,0,0,1,2.19,3
2659,15,0,0,2,4.31,0,0,3,0,0,0,1,3.09,1
3283,18,0,0,1,7.83,25,0,1,1,0,1,1,2.72,2
2728,15,0,0,3,0.95,13,0,1,0,1,0,1,2.79,2
1671,15,0,3,4,12.33,24,0,4,1,0,1,1,2.86,2
1289,15,1,0,3,14.33,9,0,3,1,0,0,0,3.12,1
4783,18,1,0,2,1.99,5,0,2,0,0,1,0,3.22,1
5872,15,0,1,2,1.65,25,0,2,0,1,0,0,2.94,2
1653,17,1,0,3,15.48,26,1,3,0,0,0,1,3.74,0
3824,18,1,2,3,8.61,28,0,3,0,1,0,0,1.98,4
1726,15,1,1,2,1.02,22,0,3,1,1,0,1,3.26,1
5087,15,1,0,3,2.12,4,0,1,1,1,1,0,3.02,1
1495,15,0,1,3,7.8,8,0,3,1,0,1,0,3.65,0
4529,18,0,2,2,10.38,28,1,2,1,1,0,1,3.07,1
2576,17,1,2,1,19.64,4,0,3,0,1,0,0,3.54,0
3865,16,0,0,2,15.84,20,0,2,1,1,0,1,2.95,2
2730,16,0,2,1,10.66,11,1,4,0,0,1,1,3.09,1
3633,15,1,0,1,9.24,22,1,3,1,1,1,1,2.72,2
1067,18,0,1,3,0.58,1,1,1,1,0,0,0,2.71,2
1882,16,0,1,1,10.06,24,0,0,1,1,0,0,2.33,3
3728,15,1,1,3,2.89,16,1,2,1,0,1,0,2.53,2
3975,15,1,1,4,10.78,27,0,3,0,0,1,1,2.87,2
5839,18,0,2,1,3.19,25,0,3,0,1,1,1,1.46,4
2922,15,1,0,1,3.26,9,0,1,0,1,0,0,3.31,1
1558,16,1,2,4,17.94,13,0,2,1,0,1,1,3.03,1
5241,18,0,0,3,13.67,10,0,2,1,1,0,0,3.12,1
5366,15,0,1,2,7.6,22,0,3,1,0,1,0,3.35,1
1626,16,0,2,3,6.48,25,0,3,0,0,0,1,2.6,2
4576,15,1,0,3,14.04,12,1,4,1,0,1,0,3.39,1
1975,18,0,0,3,14.01,15,0,1,1,0,0,1,2.49,3
1584,16,1,2,2,11.02,29,1,4,0,0,1,1,2.54,2
2406,18,0,3,2,17.92,9,0,2,1,1,0,0,2.92,2
3892,17,0,1,2,13.89,18,1,3,1,1,0,0,3.12,1
5195,15,0,2,1,13.67,9,0,4,0,1,1,1,4.0,0
4740,18,1,1,4,7.76,18,1,2,1,1,0,1,3.8,0
4487,16,1,0,2,3.7,4,0,0,1,1,0,1,2.92,2
2275,17,1,1,1,15.8,24,0,3,0,0,1,0,3.33,1
3295,18,1,0,1,11.22,1,0,4,0,1,0,1,2.59,2
5603,15,1,0,1,10.92,0,0,2,1,0,0,1,2.8,2
1623,17,0,2,3,16.11,19,0,2,0,1,0,0,2.75,2
2311,17,1,0,1,12.57,6,1,2,1,1,1,1,3.04,1
4189,16,1,1,4,3.29,4,1,2,1,0,0,1,3.19,1
3567,18,0,3,3,13.23,12,0,3,1,1,1,1,3.82,0
5111,16,1,3,3,10.01,6,0,3,1,0,0,1,3.15,1
2029,15,0,2,3,5.07,1,0,3,1,0,0,1,2.89,2
3671,17,0,2,1,0.37,6,0,3,0,0,0,0,2.08,3
1415,17,1,0,4,13.84,18,0,3,0,1,0,0,2.66,2
4550,18,1,0,1,1.0,22,0,3,0,0,0,1,2.94,2
5514,17,1,2,1,11.8,0,1,1,1,1,1,0,3.02,1
1836,18,0,1,4,11.31,25,0,4,0,1,1,1,2.53,2
5167,18,0,3,2,0.43,24,1,3,1,0,0,0,3.04,1
4278,18,0,1,3,6.92,20,1,2,0,0,0,1,2.94,2
4702,16,0,2,3,16.94,4,1,2,0,1,0,1,2.97,2
1928,18,0,2,2,17.23,4,1,3,1,0,0,1,2.76,2
1812,17,0,3,3,1.07,11,0,4,1,0,0,1,2.03,3
2432,15,0,3,3,14.31,23,0,4,0,1,0,1,4.0,0
2912,16,1,3,3,13.29,17,0,1,0,1,1,1,2.38,3
5061,16,1,3,3,12.6,12,1,2,0,0,0,1,3.02,1
5164,18,1,0,1,2.45,22,1,0,1,1,0,0,2.11,3
4565,15,0,1,2,2.78,20,0,4,0,0,1,1,3.04,1
4977,15,1,0,2,12.88,21,1,2,1,0,0,1,2.6,2
4706,17,0,1,1,7.71,26,0,1,1,1,0,0,2.58,2
4512,15,1,2,4,9.24,28,0,2,0,1,0,0,3.22,1
4252,17,0,3,2,1.34,7,1,2,0,1,0,0,3.7,0
4212,18,0,2,1,3.68,26,0,1,0,1,1,1,2.73,2
2066,17,0,2,1,13.77,1,0,2,1,0,1,1,2.26,3
2390,15,0,1,2,0.35,29,1,1,0,0,1,1,2.15,3
2263,17,0,0,3,18.47,8,0,3,0,1,0,1,3.7,0
4708,18,0,1,1,16.33,16,0,2,0,1,0,1,2.62,2
2223,15,1,0,3,6.5,17,0,2,1,0,1,0,2.42,3
2644,16,1,3,3,9.87,19,0,2,0,1,1,1,3.22,1
2053,17,1,1,3,12.49,26,1,2,0,1,0,1,3.18,1
2174,17,0,2,3,18.85,5,0,1,0,1,0,1,3.5,0
5248,15,1,1,3,1.28,2,0,3,0,1,0,1,3.14,1
1385,15,1,1,4,18.84,23,0,2,1,0,1,1,1.75,4
4172,17,1,2,2,18.49,23,0,2,1,0,1,0,1.93,4
1013,17,1,1,4,19.69,5,0,1,1,0,1,0,3.69,0
3362,16,0,1,2,4.52,23,0,0,0,0,1,0,2.53,2
1017,18,0,0,0,10.23,7,0,2,0,1,1,1,3.14,1
2288,16,0,1,2,12.45,24,0,3,0,1,1,1,2.33,3
3809,15,1,0,2,5.69,21,0,4,1,0,0,1,2.84,2
5718,16,0,0,4,16.49,19,1,3,1,1,0,1,2.47,3
4866,18,0,2,3,3.73,9,0,4,1,0,1,0,3.15,1
2068,17,1,0,2,4.07,28,1,1,0,1,0,1,3.25,1
5901,18,1,0,1,4.34,25,0,0,1,0,0,0,1.98,4
4062,16,1,0,1,17.84,1,0,1,0,1,0,1,2.81,2
5585,18,1,3,3,1.73,21,0,4,1,1,0,0,2.91,2
4456,18,0,0,3,3.7,3,0,2,1,1,0,1,3.58,0
2363,15,0,0,3,17.15,15,0,4,1,0,1,1,3.71,0
2111,15,1,3,3,7.96,3,0,3,1,1,1,0,2.74,2
3151,15,1,2,2,10.12,3,1,2,1,0,1,0,2.16,3
1641,16,1,1,2,9.21,26,0,2,0,0,1,1,2.49,3
2700,18,0,0,1,1.6,11,0,1,1,1,1,1,2.07,3
5654,15,1,0,3,4.85,30,0,2,1,1,0,1,1.5,4
1901,15,1,1,2,6.5,4,1,1,0,0,0,0,3.28,1
2647,17,1,3,2,18.94,14,0,2,1,1,1,1,3.76,0
4371,16,0,0,4,12.96,20,0,3,1,0,1,0,3.38,1
5050,18,0,1,0,6.35,15,0,3,0,1,1,0,2.94,2
4943,16,0,3,1,8.21,28,1,2,1,1,1,0,2.45,3
1372,18,0,0,4,12.49,4,0,4,0,1,1,1,2.97,2
1120,15,1,0,3,11.94,14,0,2,0,0,0,1,2.45,3
2500,17,0,2,4,17.73,6,0,2,0,0,0,1,3.51,0
4652,17,1,1,1,5.21,28,0,3,1,0,0,1,2.13,3
4668,18,0,0,1,19.95,19,0,3,1,1,1,0,3.45,1
1647,15,1,0,4,16.18,10,0,1,1,1,0,0,3.05,1
1676,15,0,0,3,16.26,18,0,2,0,1,0,0,2.27,3
5713,16,1,0,2,9.33,23,0,3,1,0,1,0,1.51,4
3195,15,0,2,2,2.97,11,0,2,0,1,0,0,3.2,1
3197,17,0,0,3,2.06,23,1,3,1,0,0,1,2.81,2
2527,17,0,0,1,8.78,6,1,3,0,0,1,0,3.55,0
1845,15,0,3,1,0.91,11,1,2,0,1,1,0,2.64,2
3841,15,1,1,4,17.22,3,1,4,0,1,0,0,3.19,1
2230,17,0,0,2,16.45,9,0,4,0,1,1,0,3.06,1
3442,16,1,0,3,13.87,25,0,2,0,1,1,1,2.59,2
5016,16,0,0,1,5.76,17,0,1,1,1,1,1,3.15,1
2796,16,1,0,4,2.94,13,0,4,0,1,1,0,2.67,2
4791,18,1,3,1,11.9,23,1,3,1,1,0,1,3.2,1
1110,17,0,3,1,2.94,4,0,3,0,1,0,0,2.87,2
2820,17,1,2,2,16.35,22,0,2,1,0,1,0,2.61,2
2163,16,1,0,3,12.17,25,0,3,1,1,0,1,3.02,1
2618,15,1,0,0,6.48,20,0,2,1,0,0,0,2.46,3
3550,17,0,2,4,10.92,29,0,4,1,0,1,1,2.18,3
5148,17,0,1,1,17.8,10,0,3,0,1,1,1,3.48,1
3516,18,0,2,2,18.82,15,0,1,0,0,1,0,3.48,1
5393,16,0,0,1,2.53,12,0,3,0,1,1,0,2.42,3
3479,16,1,3,1,13.81,25,1,1,1,1,1,1,2.64,2
4176,16,0,0,3,18.31,30,0,3,1,1,1,0,3.23,1
3685,16,0,0,2,11.82,21,1,4,1,0,0,0,2.57,2
4476,17,0,2,0,11.52,30,0,1,1,1,1,1,2.52,2
4097,18,1,0,1,0.71,9,0,3,0,1,1,0,2.06,3
2583,15,1,2,4,13.33,2,0,3,0,0,1,1,4.0,0
5062,15,1,3,4,16.86,18,1,1,0,1,0,0,3.23,1
3817,18,1,0,3,9.43,16,1,3,1,1,0,0,2.39,3
4573,18,0,0,4,2.74,4,1,4,1,0,0,1,2.79,2
3632,17,1,1,0,9.94,19,0,2,1,1,0,0,2.38,3
4972,16,0,1,2,4.95,29,0,3,1,1,1,0,3.13,1
5382,17,0,0,2,0.25,8,0,4,1,0,1,0,1.64,4
4598,17,0,0,1,0.23,29,0,4,1,0,0,0,2.51,2
1363,15,0,1,4,2.73,25,1,4,0,1,0,0,2.29,3
1865,18,0,2,1,11.27,3,0,3,0,1,0,0,2.72,2
4218,18,0,0,3,1.04,10,0,2,0,0,0,1,3.22,1
4792,16,1,0,1,15.54,4,0,2,1,1,0,0,3.38,1
2437,16,1,1,2,13.91,5,0,1,1,1,1,0,3.12,1
1133,15,1,0,3,18.22,28,1,2,0,0,1,0,2.77,2
1119,18,0,2,1,1.14,17,0,3,0,1,1,0,2.16,3
4701,17,0,3,4,7.2,22,0,2,0,1,1,0,3.85,0
4980,18,0,0,1,0.01,24,1,2,1,1,1,0,2.49,3
1566,16,0,0,3,4.67,23,0,4,0,0,0,1,3.06,1
2443,18,1,2,1,3.14,22,0,2,0,0,0,1,3.34,1
4420,17,1,0,3,19.26,0,1,0,0,1,1,1,3.61,0
3636,16,0,0,1,9.16,19,0,3,1,0,1,1,2.48,3
5107,16,1,0,2,7.08,5,0,2,1,0,0,0,2.75,2
1021,16,0,2,1,5.45,1,0,2,1,1,1,0,2.66,2
5707,18,1,0,2,7.83,29,0,3,1,0,1,0,2.11,3
5803,17,0,0,4,9.72,6,0,3,0,0,1,0,2.76,2
2842,16,1,0,2,17.01,11,0,3,1,1,1,0,3.13,1
5902,15,0,0,1,2.13,17,0,3,0,0,0,0,2.23,3
5604,18,1,0,1,14.01,20,0,3,0,0,0,1,2.93,2
3670,17,0,0,1,11.39,5,0,2,1,0,0,0,3.09,1
5763,18,1,3,0,17.94,16,1,2,1,0,1,0,3.74,0
3680,17,0,0,1,5.62,12,0,1,0,1,1,1,2.65,2
3490,17,0,2,3,18.63,11,0,3,1,1,0,0,2.31,3
5984,16,0,3,2,6.54,2,0,4,0,0,1,1,3.1,1
3123,17,0,1,2,3.4,19,1,2,0,0,0,0,1.92,4
2258,17,0,2,2,1.75,28,1,3,1,1,0,0,2.17,3
1286,17,0,2,1,14.84,9,0,1,0,0,1,1,3.7,0
3986,16,0,2,4,9.59,3,1,1,1,0,0,0,3.18,1
5969,17,1,2,2,12.48,27,0,4,1,0,1,0,2.56,2
1912,15,1,3,3,15.11,0,0,3,1,1,0,1,3.39,1
2075,15,0,0,2,17.52,24,1,4,1,0,1,1,3.04,1
5322,17,0,3,0,19.28,20,0,3,0,1,1,1,2.9,2
1950,15,0,2,4,15.44,1,0,2,1,1,0,0,2.67,2
3135,17,0,1,1,19.76,10,0,1,1,0,0,1,3.06,1
3315,17,1,0,3,10.19,11,1,2,1,0,1,0,3.97,0
5436,17,0,0,2,15.5,25,1,3,0,0,1,0,2.99,2
1048,17,1,1,0,8.91,21,1,3,0,0,0,0,2.92,2
2634,17,0,1,4,1.92,3,0,2,1,1,0,0,3.21,1
3152,17,1,0,2,9.11,20,0,4,0,0,1,0,2.97,2
2653,16,0,0,1,7.91,30,0,2,1,1,1,0,2.19,3
3524,18,0,2,2,16.77,10,0,2,1,1,1,1,2.97,2
5971,18,1,0,4,6.44,26,0,4,1,0,0,1,3.54,0
5543,16,1,0,1,2.09,21,1,3,0,1,1,1,3.5,0
5759,16,0,0,3,12.98,22,0,2,1,1,1,1,3.19,1
4918,18,1,2,3,16.26,14,0,3,1,1,1,0,3.42,1
1409,18,0,0,3,6.36,10,1,3,0,1,0,0,2.53,2
5019,15,1,0,4,8.39,2,1,0,1,0,0,0,3.66,0
2380,16,0,3,1,18.98,7,0,3,0,0,0,0,3.09,1
5577,15,0,2,4,11.25,15,1,3,0,0,1,0,2.65,2
1476,18,0,1,2,1.65,6,0,1,0,0,0,0,2.52,2
5291,17,0,1,3,14.84,1,1,0,1,0,1,0,3.41,1
5237,16,0,0,4,10.51,11,0,2,0,0,1,1,2.83,2
4498,17,0,1,1,2.32,1,1,3,0,0,0,0,2.5,2
5700,16,1,2,3,12.01,30,1,1,0,1,0,1,1.73,4
4360,17,0,0,1,2.56,28,1,2,0,0,0,0,2.51,2
4635,18,1,0,3,5.89,16,1,3,0,1,1,1,2.89,2
3022,17,1,2,2,5.95,24,0,3,0,1,1,0,2.21,3
4544,16,0,2,4,12.32,8,1,2,0,0,0,1,2.97,2
1451,16,1,0,3,11.32,22,0,2,1,0,0,0,2.84,2
1607,17,0,3,3,15.68,27,0,2,1,1,0,0,2.52,2
1378,15,0,0,2,14.41,29,0,4,1,1,1,1,2.44,3
2816,17,0,0,2,0.24,4,1,2,1,0,0,1,2.86,2
5964,16,0,1,1,18.06,20,0,2,1,1,0,1,3.06,1
4825,15,0,3,2,13.55,29,1,4,1,1,0,1,3.23,1
1801,15,1,0,2,9.88,18,0,3,1,0,1,1,3.13,1
2521,16,0,0,3,3.55,2,0,2,0,0,0,0,3.58,0
2097,16,1,0,3,9.88,19,0,1,1,0,0,1,1.98,4
4501,17,1,1,1,13.62,2,0,2,1,0,1,0,3.61,0
1675,18,1,3,0,18.22,17,0,1,0,1,0,0,2.98,2
4738,15,0,0,3,5.54,16,1,3,0,1,0,0,3.2,1
4140,17,0,0,1,17.92,8,0,3,0,1,1,0,2.91,2
1583,18,1,2,2,4.13,20,0,1,0,1,0,1,2.56,2
4700,15,1,1,1,14.87,20,1,3,1,1,1,0,2.85,2
1481,18,0,2,1,12.12,5,0,3,1,0,1,0,3.14,1
5472,16,1,2,4,19.51,7,1,3,0,0,0,1,3.38,1
2455,15,1,3,4,1.5,7,0,2,0,1,1,1,3.39,1
1145,18,0,1,3,13.98,25,0,2,1,1,1,0,2.65,2
5857,15,0,0,2,0.16,17,1,4,1,0,1,0,3.93,0
1615,16,0,1,2,17.43,30,0,2,1,1,1,0,2.88,2
2181,16,1,1,3,17.12,17,1,4,1,1,0,1,3.57,0
5456,15,1,0,2,4.84,19,0,3,1,0,1,1,2.65,2
1447,17,1,0,2,9.36,27,1,3,0,1,1,0,3.66,0
5077,18,1,2,2,18.74,24,0,1,1,0,0,1,2.65,2
2409,17,1,1,2,9.92,12,0,3,1,1,0,1,3.24,1
1969,16,0,3,3,7.62,11,0,4,1,1,0,0,2.35,3
2217,16,1,0,2,2.62,4,1,2,0,0,0,0,2.7,2
1899,17,0,3,1,0.82,7,1,2,1,0,0,0,3.42,1
4505,15,0,0,1,12.55,9,0,3,0,1,0,0,2.65,2
3585,17,1,1,1,6.42,5,0,2,0,0,1,0,3.13,1
4100,17,0,1,2,0.32,25,0,1,0,0,1,0,1.55,4
2793,17,1,0,4,19.38,28,1,3,0,1,0,0,3.2,1
5927,15,1,1,4,19.06,8,0,3,1,1,1,1,3.89,0
3061,15,1,3,4,4.48,10,0,3,1,0,0,0,3.01,1
4178,15,1,2,2,7.55,30,0,2,0,1,0,1,1.66,4
2873,17,1,1,2,0.32,18,0,3,1,0,0,0,2.95,2
2890,15,1,1,2,4.6,4,1,2,1,0,0,1,2.83,2
1577,15,0,2,4,9.27,14,0,2,1,1,0,0,3.51,0
2491,15,0,1,4,0.62,11,0,2,1,1,1,1,2.93,2
1214,17,1,2,2,1.16,26,0,3,0,1,0,0,2.94,2
4031,17,0,0,2,10.16,16,0,3,0,0,1,1,3.29,1
1996,15,1,2,2,0.15,1,0,2,0,0,1,0,3.38,1
2789,15,0,3,2,17.56,19,0,2,0,0,0,1,2.85,2
3835,17,0,0,2,8.57,20,1,2,1,0,1,1,3.2,1
4460,18,1,0,1,9.99,29,0,4,0,0,0,0,2.54,2
1933,15,1,0,1,17.77,14,0,2,1,1,0,1,2.06,3
4503,15,1,0,1,14.67,16,1,3,1,0,0,1,2.88,2
2418,17,0,3,2,12.23,19,0,3,1,1,1,0,3.15,1
2268,18,1,0,1,11.6,28,0,3,1,1,0,1,3.14,1
1539,15,0,1,2,10.7,23,0,2,0,0,0,1,2.8,2
1460,17,0,3,2,10.96,21,0,2,0,0,1,1,2.56,2
1941,18,0,1,3,8.72,27,0,4,1,0,0,0,2.7,2
4865,18,1,0,3,14.92,21,0,3,1,1,1,0,2.84,2
4703,18,0,0,3,6.56,30,1,3,1,1,0,1,2.67,2
4274,17,1,1,3,15.64,19,0,2,0,0,1,1,2.72,2
5331,17,1,2,1,1.76,15,0,2,1,1,0,0,2.17,3
3687,17,1,2,3,3.14,17,1,2,0,0,0,1,2.38,3
4436,17,0,0,4,0.19,12,1,3,1,1,1,1,3.04,1
1104,18,1,0,2,11.21,30,1,0,0,1,0,0,2.13,3
3150,17,1,1,1,2.95,8,1,3,0,0,0,0,2.6,2
4945,15,0,0,1,8.72,14,1,3,1,1,1,1,2.23,3
1595,18,1,0,4,2.29,25,1,2,1,1,0,0,2.98,2
3126,16,0,1,4,11.48,13,1,2,1,1,0,0,2.09,3
2636,17,0,0,2,10.3,11,0,2,0,1,0,0,3.06,1
5666,18,0,2,2,12.58,0,1,3,1,0,1,0,3.35,1
1216,15,1,1,3,10.79,4,0,3,1,1,0,0,3.1,1
2563,18,0,0,4,14.94,0,0,2,1,0,1,0,3.75,0
3996,15,0,0,4,12.44,24,0,2,1,0,0,1,3.52,0
2436,16,0,1,2,13.22,8,0,4,0,1,1,1,1.84,4
1715,18,0,2,4,0.01,5,0,3,1,0,0,0,2.59,2
4961,15,0,0,1,12.73,11,0,1,0,1,1,1,2.21,3
4108,18,0,1,4,6.27,1,0,2,1,1,0,0,3.05,1
2248,16,1,2,2,13.45,28,1,3,1,0,0,1,2.95,2
4147,16,1,0,4,14.43,24,0,2,1,1,0,0,2.6,2
3675,17,1,1,2,11.4,20,0,1,1,1,0,1,3.15,1
2847,18,1,1,4,16.13,28,0,3,0,0,0,1,3.13,1
4830,18,1,0,2,12.85,10,1,4,0,0,0,0,3.69,0
1323,18,1,1,4,1.01,20,0,3,0,1,1,1,2.51,2
5096,15,1,3,3,5.3,16,1,4,0,1,1,0,2.12,3
1965,17,0,1,4,13.35,11,0,4,0,0,0,1,2.76,2
2715,16,1,3,1,19.11,23,0,0,1,1,1,1,3.16,1
1264,15,0,0,4,9.32,24,0,1,1,1,1,0,2.19,3
2220,17,0,0,2,16.09,10,0,2,0,0,1,0,2.64,2
1567,16,0,2,4,10.3,1,0,2,1,1,1,0,4.0,0
5292,18,1,1,0,19.93,10,0,2,1,0,1,0,2.79,2
3427,17,0,0,2,2.95,8,0,3,1,0,0,1,3.74,0
4313,15,0,0,1,9.36,13,0,3,0,0,0,1,3.09,1
4992,15,0,0,2,0.3,6,0,2,0,0,0,0,1.91,4
3282,17,0,0,4,7.21,30,0,3,0,0,0,1,3.33,1
4050,18,1,0,2,18.69,30,1,2,0,1,0,1,2.62,2
1284,17,1,3,3,8.98,15,0,1,1,0,0,1,2.55,2
4797,15,1,0,4,13.84,3,1,4,1,1,0,1,3.96,0
5672,15,0,2,4,13.48,11,0,3,1,1,0,1,3.14,1
3837,16,1,1,4,1.07,25,1,3,1,1,0,0,3.19,1
3084,16,1,1,1,18.09,9,0,3,1,1,1,0,4.0,0
5721,15,1,2,3,10.79,5,0,2,0,1,0,1,3.04,1
3127,15,1,0,1,2.95,7,0,2,1,1,0,0,2.64,2
5348,18,1,3,2,11.67,13,0,4,1,0,0,1,3.66,0
1292,17,1,0,0,16.66,1,0,2,0,0,0,1,3.88,0
4985,18,0,0,4,13.23,4,0,3,1,0,1,0,2.83,2
5401,16,1,2,0,14.48,8,0,3,0,1,0,1,2.62,2
4132,17,0,1,1,8.64,29,1,3,0,0,0,0,2.22,3
2929,18,0,2,2,1.26,6,0,4,1,1,0,0,2.96,2
2123,17,1,0,2,4.72,17,0,1,1,1,0,0,2.0,3
1134,15,1,0,2,0.58,10,0,3,0,1,0,1,2.1,3
3845,16,1,2,2,19.81,7,1,2,1,0,0,0,2.93,2
4975,16,1,1,3,7.16,6,1,0,1,0,0,1,2.53,2
1111,18,0,3,1,15.31,19,0,0,1,0,1,1,2.42,3
1050,16,0,1,4,9.91,8,1,1,1,1,1,1,2.97,2
1255,15,1,3,4,12.82,18,0,2,0,0,0,1,2.93,2
3305,15,1,0,4,16.59,20,0,4,0,0,1,1,2.95,2
3552,15,0,1,1,2.16,2,0,3,0,0,1,0,2.21,3
1679,16,0,2,1,18.3,9,0,2,1,0,0,0,3.65,0
1026,16,0,1,1,17.62,28,0,3,1,0,1,0,3.27,1
1617,15,1,3,4,10.93,30,0,2,0,1,1,0,2.13,3
4070,16,0,1,3,18.02,4,0,2,0,0,0,1,3.66,0
2081,17,0,1,4,11.13,14,0,1,0,0,0,1,2.52,2
5384,16,1,0,1,10.91,15,0,3,0,0,0,0,3.22,1
5712,15,0,3,1,2.43,7,0,4,1,1,0,0,2.56,2
1935,18,0,0,2,8.13,3,1,2,1,0,0,1,2.83,2
5204,16,1,1,3,0.87,18,0,3,1,0,0,1,2.7,2
4265,18,1,2,2,10.97,19,0,4,0,1,1,0,3.79,0
2459,16,1,0,4,4.92,21,1,2,0,0,0,1,3.28,1
5376,15,1,0,3,10.7,12,0,3,0,0,1,1,3.34,1
5316,17,0,0,3,19.46,22,1,1,0,0,0,0,2.76,2
3914,18,0,0,1,18.42,8,0,3,1,1,0,0,3.15,1
5182,15,1,1,2,5.44,29,1,1,1,1,0,1,2.02,3
1819,18,0,3,1,1.3,11,0,4,1,0,0,0,2.86,2
5533,18,1,0,1,6.88,26,1,2,0,1,1,0,3.14,1
5623,15,0,0,2,5.69,0,1,3,0,0,1,1,4.0,0
2685,17,1,2,4,5.38,17,0,3,0,0,0,1,2.35,3
1687,16,0,1,2,18.6,21,0,3,0,0,0,1,3.17,1
1408,18,1,1,2,5.69,22,0,4,1,1,1,1,3.18,1
5131,17,0,0,0,4.81,5,0,3,1,1,0,0,2.81,2
4592,17,0,0,2,4.73,13,1,3,1,0,1,0,2.91,2
2688,15,1,0,3,11.54,20,0,2,0,1,0,0,3.16,1
5406,15,0,1,0,5.43,27,0,2,1,1,1,0,2.98,2
2278,17,1,0,3,10.64,15,1,2,0,0,0,0,2.89,2
2542,17,1,2,1,9.01,23,0,2,1,0,0,0,2.88,2
2566,17,0,0,1,18.17,5,0,3,0,0,1,0,4.0,0
1767,15,0,0,2,12.64,15,0,3,1,0,1,1,3.21,1
1757,16,0,1,1,13.3,3,0,3,1,1,0,0,3.65,0
4769,17,1,0,3,14.01,13,1,3,1,0,0,1,3.67,0
2992,17,1,0,1,9.43,2,1,4,0,1,1,0,3.04,1
2935,17,0,3,2,3.33,19,0,2,1,0,0,1,2.09,3
5259,17,1,2,1,3.02,27,1,2,0,0,1,1,2.76,2
3574,15,0,2,1,2.18,25,0,2,1,1,1,1,2.53,2
1639,16,0,0,3,16.69,30,0,2,0,1,1,1,2.54,2
2266,17,0,1,4,15.64,4,0,4,1,0,1,1,3.46,1
2054,17,0,0,3,15.15,18,1,3,1,1,1,0,3.11,1
5976,16,0,0,2,17.37,27,0,3,0,0,0,0,2.62,2
5189,18,1,3,1,3.8,21,0,3,1,1,0,1,1.7,4
4342,16,0,1,0,9.36,11,0,3,1,0,0,0,2.51,2
1219,18,0,0,2,4.81,29,1,0,1,0,0,1,3.1,1
3306,15,1,3,1,1.19,27,0,2,0,0,1,0,2.23,3
5370,18,1,1,3,6.19,4,0,4,1,0,0,1,4.0,0
3439,17,0,0,1,8.78,10,1,3,1,1,0,0,3.68,0
1930,15,0,3,4,7.36,1,1,3,0,1,1,1,3.55,0
4520,17,0,2,1,6.86,23,0,2,1,0,1,0,2.73,2
4665,15,0,1,2,2.45,6,0,3,0,0,0,0,3.53,0
1364,16,1,2,4,1.65,2,0,3,1,1,0,1,2.1,3
5152,16,1,1,4,14.31,6,1,1,1,0,1,1,3.2,1
3291,16,1,2,2,8.94,7,0,2,0,1,0,0,2.14,3
3208,18,0,1,2,9.36,0,1,3,0,1,0,1,2.82,2
5342,18,0,1,1,12.89,20,0,3,0,0,0,1,2.36,3
1268,18,0,1,2,12.33,20,0,3,0,1,1,0,2.94,2
4534,16,1,2,2,6.62,30,0,3,1,1,0,0,3.28,1
1809,16,1,1,3,17.72,6,0,2,0,1,0,1,3.2,1
4310,16,1,1,2,5.75,17,0,2,1,1,1,0,3.42,1
1441,15,0,1,3,17.25,16,0,3,0,1,0,0,2.39,3
3827,16,0,3,3,4.36,1,0,2,1,0,0,0,3.04,1
4666,18,1,1,4,10.8,24,0,0,1,0,0,0,2.75,2
3020,18,1,2,1,14.68,6,0,3,0,0,1,0,2.61,2
1831,15,0,3,1,14.62,30,1,3,1,0,0,1,2.85,2
2338,16,0,0,1,7.0,3,0,3,1,0,0,0,2.81,2
4679,17,0,1,2,13.67,28,0,4,0,1,1,1,2.29,3
4407,16,1,0,3,17.66,22,1,2,0,0,0,0,2.46,3
3536,17,0,2,2,17.91,9,1,3,0,0,1,0,3.67,0
2273,17,0,0,2,18.56,18,0,2,0,0,0,0,3.5,0
1863,16,0,0,1,11.76,29,1,2,1,1,0,0,2.66,2
4118,16,0,0,2,18.3,24,0,4,1,0,0,1,3.25,1
4356,17,0,0,3,12.56,10,1,1,1,1,1,0,3.21,1
5535,15,0,1,3,1.0,24,1,2,1,0,0,0,1.68,4
3326,15,1,0,3,16.08,12,0,2,0,0,0,0,3.5,0
3269,15,0,1,3,6.38,27,1,4,0,1,0,0,2.53,2
4395,15,1,2,1,2.29,17,0,3,0,1,1,0,2.2,3
3229,15,0,3,2,10.51,16,0,2,1,0,1,0,2.26,3
2236,18,1,2,2,11.1,26,1,3,0,0,0,0,2.44,3
1085,17,1,0,0,4.9,17,1,2,0,0,0,0,3.06,1
2791,15,1,2,3,11.67,23,0,1,0,1,0,1,2.04,3
2056,15,1,1,2,15.24,10,0,3,0,1,0,1,3.08,1
1880,15,1,1,4,4.47,9,0,2,1,1,1,1,3.26,1
5692,15,0,1,1,1.32,29,0,2,1,1,0,1,2.91,2
3669,15,0,3,2,10.29,14,0,1,1,0,1,0,2.58,2
4075,17,1,2,4,1.27,18,0,3,0,0,1,1,3.38,1
4853,17,0,0,4,2.78,2,0,4,1,1,0,1,2.75,2
5924,16,1,1,2,14.67,12,0,1,1,0,0,1,2.74,2
3243,15,0,0,4,6.25,22,0,3,0,1,0,1,2.49,3
2124,17,1,3,3,7.54,8,0,2,1,0,1,0,2.72,2
4354,17,0,1,3,18.53,21,1,3,1,1,1,1,3.31,1
3529,18,0,1,3,17.68,25,1,3,1,0,0,0,3.45,1
3610,18,0,0,4,8.89,11,1,4,1,0,0,0,3.14,1
4415,15,1,0,4,17.33,6,0,3,1,0,1,1,3.33,1
2706,18,1,2,3,1.53,30,0,3,1,0,0,0,2.7,2
3560,16,1,2,2,19.2,22,0,0,1,0,1,1,3.11,1
2779,18,1,3,4,8.33,28,1,2,0,0,0,0,2.85,2
1016,15,0,0,0,16.98,15,0,2,0,1,0,1,3.6,0
5032,17,1,2,3,11.1,16,0,3,0,1,0,1,2.88,2
3129,17,0,0,3,8.2,25,0,3,0,0,1,1,3.95,0
4298,18,1,1,3,19.15,24,1,2,0,0,0,0,2.82,2
3410,18,0,1,4,9.43,17,0,2,0,0,1,1,3.3,1
4731,16,0,0,2,16.95,13,0,1,1,1,0,1,2.83,2
4587,15,1,3,4,14.38,3,0,1,0,0,1,0,3.21,1
4947,15,0,2,1,1.14,12,0,3,1,0,0,0,2.48,3
1598,17,1,2,3,16.86,16,0,3,0,1,1,0,3.23,1
1406,18,1,3,1,5.01,27,0,3,0,0,1,1,3.8,0
5504,15,0,3,2,7.71,12,0,3,1,0,0,0,2.85,2
5420,17,1,1,1,13.63,29,0,3,1,0,1,0,3.66,0
4988,15,0,3,1,2.81,21,0,1,0,1,1,0,3.41,1
2928,17,0,1,0,5.35,3,1,2,0,1,0,0,3.29,1
1861,18,0,1,4,1.69,0,0,4,0,1,0,0,2.68,2
3505,16,0,1,2,12.19,18,0,4,0,1,1,0,2.31,3
2444,17,1,0,2,13.85,9,1,2,1,0,1,0,2.55,2
5040,17,0,0,1,0.51,12,0,2,1,0,0,0,1.79,4
4392,15,0,0,2,19.13,4,1,1,1,0,0,1,3.52,0
1633,15,1,0,1,19.55,3,0,1,0,1,1,0,3.42,1
3864,17,1,1,2,3.04,27,0,3,0,1,1,0,2.47,3
2979,17,1,2,2,1.99,5,1,2,0,1,1,0,2.21,3
3656,15,0,2,1,14.19,18,1,0,1,1,0,1,2.04,3
4427,16,1,0,2,11.97,21,0,2,0,1,0,1,3.24,1
4005,15,0,1,0,17.53,15,0,2,1,1,1,0,2.77,2
5425,18,1,3,2,9.88,25,0,3,0,0,1,1,2.85,2
3393,18,0,2,3,17.57,3,0,2,0,0,1,0,3.59,0
3797,17,1,3,3,8.96,23,0,4,0,1,1,1,2.87,2
1770,15,1,3,2,5.01,4,0,2,0,0,1,0,2.24,3
4242,18,1,2,1,7.17,0,1,1,0,0,1,1,2.47,3
4627,16,1,0,2,2.21,20,1,0,0,0,0,0,2.36,3
3153,15,0,3,1,19.94,20,0,2,1,0,0,0,2.51,2
3579,18,0,3,2,1.34,0,1,2,1,1,1,0,2.78,2
4920,17,1,1,2,19.89,2,0,2,1,1,0,0,3.32,1
5481,15,1,0,1,6.79,20,0,1,0,0,1,0,2.05,3
5303,16,0,2,1,19.94,26,1,2,0,0,0,1,3.66,0
3761,16,1,1,1,12.81,22,0,2,0,1,0,1,2.27,3
3497,18,1,0,3,9.6,2,0,0,0,0,0,0,2.47,3
4777,15,0,3,2,4.14,12,1,3,1,0,0,1,2.17,3
4956,16,0,0,3,18.03,24,1,0,1,1,0,0,2.21,3
1344,16,1,0,3,0.07,6,1,4,0,1,1,0,3.2,1
2448,18,1,1,2,17.15,16,0,2,1,0,0,0,3.03,1
5232,15,1,0,3,3.73,15,0,0,1,1,1,0,2.22,3
1660,16,0,1,2,7.53,23,0,4,0,1,1,1,2.57,2
2308,18,1,0,1,2.99,26,1,2,1,1,1,0,2.66,2
5145,18,1,2,2,2.52,28,0,2,0,0,0,1,2.76,2
5150,18,0,1,1,18.46,18,0,1,1,0,1,1,3.16,1
5968,17,1,0,2,5.46,29,0,3,0,0,0,0,3.16,1
1724,15,0,0,4,1.43,25,1,2,1,1,0,0,2.88,2
5309,16,1,0,1,17.92,12,1,2,1,1,0,0,2.77,2
3432,18,1,1,0,19.92,12,1,2,1,0,0,1,3.19,1
3625,18,1,1,2,9.68,30,0,1,1,1,0,1,2.05,3
3570,15,1,0,1,15.62,7,0,2,1,0,1,1,2.48,3
4962,18,0,1,2,2.82,23,0,2,1,0,1,1,3.17,1
1139,17,1,2,2,5.39,21,0,2,1,0,0,0,3.26,1
4626,16,0,1,2,14.65,11,1,0,1,0,0,1,2.8,2
2252,16,0,0,3,8.24,21,0,3,1,1,0,1,3.41,1
3688,16,1,0,1,17.06,4,0,2,1,1,0,0,3.0,1
5057,16,0,3,2,13.47,14,1,3,1,1,0,0,3.3,1
5807,15,0,2,1,12.54,30,0,3,1,0,0,0,2.28,3
1816,15,0,0,2,13.59,28,1,1,0,0,0,0,3.2,1
5046,15,1,0,2,2.74,15,0,3,1,1,1,0,3.54,0
1960,17,1,2,4,1.19,11,0,2,1,0,0,1,1.94,4
1737,18,0,1,3,5.14,11,0,4,1,1,0,0,2.95,2
4114,18,1,2,2,10.4,22,0,2,0,0,1,0,2.17,3
5866,15,0,0,0,14.53,18,1,1,0,0,0,0,3.46,1
1739,15,1,0,1,6.79,3,0,2,0,0,0,0,2.64,2
3739,18,1,2,4,6.67,3,0,3,1,0,0,0,2.39,3
3231,16,0,0,3,11.66,3,0,2,1,0,0,0,1.99,4
5222,18,0,1,4,19.84,21,1,4,1,1,0,1,3.5,0
2460,17,1,0,4,13.48,30,0,3,0,0,0,0,3.17,1
5977,17,1,1,2,0.4,18,1,2,0,1,0,0,3.47,1
1833,17,0,2,2,9.05,4,1,2,1,1,0,0,3.39,1
5795,15,1,1,1,12.14,21,0,2,1,0,0,1,2.98,2
2748,15,0,0,0,2.22,24,1,2,1,1,0,0,2.7,2
2513,15,1,2,4,12.5,4,0,2,1,1,0,1,3.08,1
3294,18,1,1,2,17.66,12,0,4,0,1,0,0,3.27,1
2074,17,0,1,0,17.51,19,0,3,0,1,0,0,2.92,2
3147,15,0,2,0,14.66,25,0,3,0,1,0,0,2.08,3
5211,17,0,3,1,0.71,11,0,3,1,1,0,0,1.95,4
1329,18,0,1,2,19.52,24,1,3,1,1,0,1,2.42,3
3385,15,0,2,2,7.0,1,0,3,0,1,0,0,2.86,2
5500,15,1,0,2,13.13,28,1,2,1,0,0,0,3.07,1
2440,17,1,1,3,7.86,30,1,1,1,0,0,1,2.47,3
5610,15,0,2,3,11.97,10,0,3,0,0,0,0,2.74,2
4887,16,0,2,3,7.0,27,0,3,1,0,0,0,3.07,1
5774,17,0,1,2,19.77,20,1,3,1,0,1,1,2.86,2
2251,17,1,1,2,6.77,30,0,3,0,0,1,1,2.3,3
2916,16,0,0,4,9.76,27,1,3,1,1,0,1,3.3,1
5339,16,0,0,2,11.53,29,1,0,1,1,0,0,1.54,4
3741,16,0,1,3,8.22,8,0,3,1,1,0,0,3.22,1
2574,16,0,3,1,14.89,21,1,0,0,0,1,1,2.15,3
4602,18,0,2,1,10.94,23,1,3,1,0,1,0,2.63,2
3425,17,0,1,3,7.42,9,0,3,0,1,0,1,2.38,3
4384,17,0,3,2,10.69,2,0,2,1,0,0,0,2.99,2
5983,15,1,0,4,16.99,28,1,3,1,1,0,0,2.55,2
2259,18,1,2,4,0.4,28,0,1,1,0,1,1,2.8,2
3280,17,0,1,2,4.43,8,0,2,1,1,0,1,2.44,3
5430,15,0,2,1,13.4,3,0,4,1,0,0,0,2.78,2
4607,16,0,2,2,16.68,28,1,2,1,0,1,0,3.1,1
2343,17,0,2,2,15.03,13,1,2,1,1,0,0,3.83,0
4552,15,1,0,2,17.04,18,0,2,0,1,0,1,3.48,1
3459,15,1,0,2,1.3,7,0,3,1,0,0,0,2.23,3
3051,16,0,3,1,11.46,19,0,4,0,0,1,1,2.38,3
4794,17,0,2,3,19.36,13,0,2,0,0,1,1,3.27,1
2805,15,1,1,4,17.65,10,0,4,0,1,0,1,2.54,2
4136,17,1,0,4,14.98,10,0,2,0,0,0,0,3.43,1
2568,18,0,1,2,12.16,3,0,2,0,0,0,0,2.93,2
4283,15,1,3,3,1.75,3,0,3,1,1,0,0,3.97,0
5568,17,1,3,4,14.49,8,0,2,1,1,1,0,3.43,1
4183,17,1,0,1,0.76,20,0,3,0,0,1,0,2.78,2
3935,15,1,0,3,16.81,22,0,2,1,1,0,1,3.27,1
4646,18,1,1,3,9.8,11,1,1,1,1,0,0,2.75,2
2910,15,0,1,0,0.76,9,0,2,0,1,0,1,2.48,3
3874,18,0,3,1,5.59,20,1,2,1,0,0,1,2.61,2
3857,16,0,1,3,11.03,9,0,2,1,1,1,0,2.54,2
1190,16,0,0,1,11.04,24,0,3,0,1,1,0,2.48,3
4717,18,0,1,2,10.71,4,0,4,1,0,0,0,3.48,1
5155,15,0,0,3,19.17,1,0,4,1,1,0,1,3.71,0
5113,16,1,1,1,10.79,13,1,2,1,1,0,1,2.85,2
1322,15,1,0,1,14.92,0,0,0,1,1,1,0,2.67,2
4872,17,0,0,2,6.94,29,1,2,1,0,0,0,2.42,3
3327,16,1,0,3,11.0,18,0,2,1,0,0,1,2.75,2
4019,18,0,1,2,6.6,19,1,0,0,1,0,0,2.48,3
1867,15,0,2,0,16.0,17,0,3,0,1,0,1,3.13,1
4729,17,1,0,1,4.38,9,1,3,1,1,0,0,2.1,3
4495,17,0,0,3,10.34,24,1,3,1,0,0,0,2.71,2
5935,18,0,0,1,15.95,22,0,2,1,0,0,1,3.34,1
1705,15,1,3,1,4.22,19,1,3,1,1,1,1,2.35,3
3782,16,1,0,4,11.35,27,1,4,1,1,0,0,3.78,0
4061,18,1,1,3,1.65,1,1,3,1,1,0,0,3.41,1
1997,15,0,1,4,11.45,30,1,3,0,1,0,1,3.45,1
4094,16,1,3,1,7.06,26,1,4,0,1,0,0,3.3,1
3672,18,1,1,1,14.22,19,0,4,0,0,1,1,3.06,1
1521,18,0,2,2,0.13,4,0,0,1,0,0,1,2.21,3
3767,16,0,0,3,0.41,10,1,3,1,0,0,1,2.73,2
1074,16,0,0,2,0.56,13,0,2,1,0,1,0,1.75,4
1314,17,1,3,1,0.25,7,0,4,1,1,1,0,3.55,0
5890,17,1,0,4,17.02,21,1,4,0,1,1,1,2.99,2
4040,17,0,3,3,13.24,13,1,2,1,1,0,1,3.16,1
2762,17,0,0,1,18.44,27,1,3,1,1,1,1,2.98,2
2501,17,1,0,2,6.04,14,1,2,1,0,1,1,3.02,1
4753,15,1,0,1,5.9,29,0,4,0,1,0,0,2.44,3
2832,15,1,0,3,0.58,0,1,2,1,1,0,0,2.98,2
2585,16,1,2,3,7.49,9,0,2,0,0,0,0,3.0,1
3343,15,0,2,2,15.85,3,0,3,0,0,0,0,2.59,2
5638,17,0,0,2,2.65,0,0,3,1,1,0,0,2.52,2
5879,15,0,2,3,9.87,1,1,2,1,1,0,1,2.61,2
1096,16,1,1,2,9.83,6,0,2,1,1,0,0,3.38,1
5768,17,0,2,4,2.01,19,0,0,0,0,0,1,1.44,4
3862,18,0,0,4,3.33,16,0,3,1,1,0,0,3.14,1
3513,16,1,0,1,1.51,22,1,3,0,0,0,0,2.26,3
1618,18,1,0,4,14.05,0,0,3,1,1,0,0,3.64,0
2508,16,0,3,1,7.02,14,1,2,0,1,0,1,1.92,4
2999,17,0,0,4,14.07,24,0,2,0,0,1,1,4.0,0
1752,15,1,2,3,16.52,10,0,2,1,0,0,0,3.39,1
4934,18,1,2,4,14.18,4,0,1,1,0,0,1,4.0,0
2773,15,0,1,1,12.97,17,1,0,1,0,0,0,1.52,4
4979,15,1,1,0,5.55,28,0,3,1,0,1,1,2.65,2
3666,15,0,0,2,2.54,25,0,3,1,1,0,1,2.49,3
1894,15,0,0,2,11.76,28,0,3,0,1,0,0,2.59,2
5717,18,0,0,4,0.49,17,0,3,1,1,0,1,2.57,2
4559,16,0,2,1,13.63,30,1,2,1,0,0,0,3.49,1
2934,17,1,0,1,0.8,3,1,3,0,0,1,1,3.25,1
3743,17,1,2,2,13.37,21,1,4,1,1,1,1,3.57,0
2781,16,1,0,1,7.77,6,0,1,1,0,0,1,2.9,2
5869,17,0,3,1,13.08,15,1,2,1,0,0,1,3.79,0
5787,18,0,0,3,8.53,8,1,4,0,1,1,1,3.26,1
1365,17,1,1,0,16.86,8,0,3,1,0,1,1,3.23,1
2377,18,1,2,3,3.09,4,0,1,1,1,1,0,3.17,1
4322,16,0,2,2,13.85,11,1,3,1,0,1,0,3.34,1
4839,15,1,3,2,18.96,13,0,3,1,1,0,1,3.4,1
1911,17,0,1,0,18.66,5,0,4,1,0,0,0,3.26,1
4981,16,1,2,1,17.31,9,0,1,1,1,1,1,2.92,2
2294,15,0,0,3,16.9,27,0,4,1,0,0,1,2.47,3
3979,15,1,2,1,8.77,27,1,2,0,1,1,1,1.9,4
2801,17,1,0,1,10.82,21,0,2,0,1,0,0,2.29,3
2958,17,1,2,4,4.04,5,0,3,0,0,1,1,2.73,2
4250,15,1,2,2,4.23,12,0,2,1,0,0,0,1.97,4
1501,17,0,1,0,19.21,4,0,4,1,0,1,1,3.74,0
2396,16,0,0,1,9.65,6,1,3,1,1,1,0,2.34,3
5849,16,0,1,2,0.2,4,1,3,0,1,0,1,2.65,2
4331,15,1,2,1,15.58,20,1,1,1,1,0,0,3.24,1
3241,15,0,2,1,1.58,9,1,1,1,1,0,1,2.8,2
5397,18,1,0,4,15.72,11,0,2,1,0,0,1,3.53,0
1926,17,1,2,1,17.59,9,0,2,1,1,1,0,3.78,0
2188,15,1,0,3,18.19,12,0,1,0,1,1,1,2.82,2
5234,16,0,1,4,11.27,9,0,3,0,1,1,1,3.51,0
3819,17,1,3,2,16.97,12,0,3,1,1,0,0,3.23,1
2228,18,0,3,4,18.06,11,1,2,1,1,1,0,2.18,3
2594,18,0,3,1,8.73,9,0,3,1,0,1,1,2.84,2
2289,18,0,3,2,0.72,0,0,2,1,1,0,0,3.1,1
1786,15,1,3,1,8.73,15,0,2,1,0,1,1,2.64,2
1794,18,0,3,1,16.22,27,0,1,0,1,0,1,2.74,2
4027,15,0,2,0,9.06,8,1,3,0,0,1,0,3.28,1
3987,16,0,2,4,9.07,23,0,3,0,1,1,0,2.41,3
4541,16,1,1,2,15.6,19,0,1,1,0,0,0,1.99,4
3820,16,1,1,2,4.6,24,1,0,1,1,0,0,2.53,2
3019,15,1,0,1,14.15,6,0,3,1,0,0,1,2.43,3
5614,15,0,0,3,7.42,4,0,2,1,1,0,1,2.28,3
3948,16,0,2,1,11.48,21,1,4,0,1,1,1,2.75,2
4348,17,1,0,1,15.57,13,0,2,1,0,0,0,2.5,2
2447,18,0,3,4,16.53,12,0,4,0,1,0,1,2.2,3
3889,15,0,0,4,15.62,0,0,2,0,1,1,0,2.98,2
3776,18,0,0,2,14.35,6,1,2,1,1,1,0,3.17,1
1719,18,0,0,0,7.23,2,1,2,1,0,1,1,2.87,2
1251,16,1,0,3,0.66,7,1,1,0,0,0,1,2.81,2
3230,18,1,1,1,1.82,10,1,1,1,0,0,0,1.94,4
5986,17,1,1,2,17.91,28,1,1,1,1,0,1,3.06,1
2366,16,1,1,3,7.81,30,0,0,0,0,1,1,3.1,1
5506,17,0,1,2,0.02,26,1,3,1,1,0,1,3.66,0
3913,16,1,1,4,12.2,3,0,3,1,0,1,0,3.21,1
2751,18,1,0,2,16.16,23,1,2,0,1,0,1,2.9,2
2095,16,0,0,2,17.59,28,0,1,0,1,0,0,2.27,3
4029,17,1,1,1,16.86,22,0,2,0,1,0,0,3.74,0
1749,15,1,3,2,1.91,11,0,2,0,1,1,0,3.03,1
2763,17,1,0,2,3.54,9,1,2,1,0,1,0,2.46,3
1291,15,0,0,2,6.97,18,0,1,1,0,0,1,2.3,3
2291,15,1,0,2,6.41,20,0,4,0,1,0,0,2.26,3
3885,18,0,0,1,3.79,17,0,2,1,1,0,0,2.76,2
4948,17,0,3,2,14.36,15,0,2,1,1,0,0,2.76,2
4235,16,1,0,3,2.09,14,1,4,0,0,1,0,3.7,0
1169,17,1,0,2,11.64,28,1,2,1,0,0,0,2.7,2
2676,15,0,3,1,8.47,16,0,2,0,0,0,1,2.15,3
1276,18,0,0,2,9.72,16,0,2,0,0,0,0,3.17,1
3303,17,0,0,2,1.24,10,1,4,1,0,1,1,2.99,2
1336,18,1,3,3,16.69,14,0,1,0,1,0,0,2.79,2
4305,16,0,0,3,8.39,12,0,1,0,1,0,1,2.73,2
5122,17,0,1,2,0.65,23,1,3,1,1,1,1,3.14,1
2824,18,0,3,3,2.41,17,1,1,1,1,0,1,2.9,2
3977,18,0,3,1,10.79,0,1,1,1,1,0,1,3.79,0
2811,16,1,2,4,13.64,4,0,2,0,1,1,0,3.2,1
2875,16,0,3,3,10.42,2,1,2,1,0,1,1,3.31,1
5374,15,1,3,2,14.44,27,0,3,0,1,0,1,2.84,2
5319,16,1,1,4,19.61,13,1,3,1,1,0,0,3.37,1
1953,15,1,2,1,6.69,28,0,2,0,0,1,0,2.33,3
5820,17,1,0,2,16.11,19,0,2,0,1,1,1,2.91,2
2673,18,0,0,1,19.98,28,1,3,1,1,1,0,3.49,1
4750,16,0,0,1,15.15,18,0,4,1,1,1,1,2.58,2
2187,18,0,2,1,6.24,8,1,4,0,1,0,1,2.92,2
3596,18,0,3,0,14.16,27,1,2,0,1,0,0,3.14,1
2061,15,1,1,3,7.25,0,0,3,1,1,0,1,2.9,2
4649,15,0,2,2,2.84,16,0,2,0,0,1,0,1.64,4
4267,18,1,2,0,13.17,14,1,3,0,0,0,1,3.66,0
5067,15,1,0,4,1.33,19,0,2,0,1,0,0,3.31,1
5184,17,0,2,2,19.97,6,0,3,0,0,0,0,3.63,0
3507,15,0,1,3,10.11,7,1,4,1,0,0,0,3.3,1
2247,16,0,0,2,7.8,30,0,3,0,1,0,1,1.93,4
1556,18,1,2,2,16.09,8,0,2,0,0,0,0,3.53,0
1211,17,1,3,4,18.16,29,0,3,0,0,1,0,3.14,1
2323,15,0,1,1,19.18,26,0,1,0,1,0,1,2.6,2
5097,15,0,0,2,13.23,1,0,3,0,0,0,1,2.67,2
5493,15,1,0,1,16.29,2,0,3,1,0,1,1,2.86,2
1159,15,0,1,4,5.15,6,0,0,0,0,1,1,2.78,2
5207,18,1,1,2,19.06,0,1,2,1,1,1,0,3.91,0
5549,16,1,1,2,17.71,12,0,4,0,0,1,0,2.87,2
1341,17,1,2,1,14.12,9,0,3,0,1,1,1,2.32,3
2814,15,0,2,1,7.46,14,0,3,1,1,1,0,3.27,1
4585,15,0,1,1,15.22,15,1,4,1,0,0,1,3.13,1
5660,16,1,2,4,9.41,19,1,1,1,1,1,0,2.59,2
3635,16,0,2,3,9.11,9,0,2,0,0,0,0,2.91,2
5444,18,0,0,3,4.41,17,1,2,1,0,1,0,3.15,1
5346,16,1,3,0,13.0,19,0,3,0,1,0,1,2.15,3
1019,18,1,1,1,3.86,0,1,2,0,0,1,0,2.92,2
1355,18,0,1,2,7.63,21,1,3,1,0,0,1,3.17,1
3521,15,1,0,1,11.22,19,1,3,0,1,1,0,3.65,0
2855,18,1,0,2,14.12,3,1,0,0,1,0,1,3.08,1
3607,18,1,0,3,1.5,9,0,3,0,1,0,0,2.4,3
4712,15,1,0,1,13.99,17,0,0,1,1,0,0,3.25,1
5972,18,1,3,2,16.3,12,0,4,0,1,1,0,3.42,1
1417,15,1,0,3,3.03,9,0,4,1,1,1,1,2.81,2
3124,15,0,3,4,16.01,20,0,4,0,0,0,0,2.83,2
1141,18,1,1,0,14.21,23,0,2,0,1,1,0,2.94,2
1497,17,0,1,2,8.15,28,0,3,0,0,0,0,2.88,2
1774,18,0,2,1,17.95,9,0,2,0,0,1,1,2.38,3
2062,15,0,0,1,2.56,9,0,2,0,1,0,1,2.38,3
1360,17,0,1,3,6.38,27,0,3,0,1,0,1,3.31,1
2827,16,0,0,2,11.75,23,1,3,1,0,0,0,3.34,1
5015,15,0,0,1,0.24,10,0,3,0,0,1,1,3.36,1
1915,18,1,1,4,16.73,29,1,2,0,0,0,0,3.37,1
5278,18,0,1,2,11.2,4,0,3,0,0,0,0,2.43,3
5484,18,0,2,2,19.93,12,1,2,1,0,0,0,3.02,1
4518,15,1,3,4,7.91,29,0,2,0,0,1,1,2.48,3
3261,15,0,0,4,15.21,8,1,1,1,1,1,0,3.28,1
2720,15,1,0,2,8.83,11,0,2,1,1,0,0,2.5,2
5185,18,1,2,2,18.39,8,1,3,0,1,0,1,2.35,3
2166,16,1,1,2,16.68,10,1,3,1,0,1,0,2.79,2
5916,16,1,3,1,16.85,15,0,1,0,1,1,1,2.78,2
2941,17,1,2,1,14.59,4,1,3,1,1,0,0,3.96,0
2489,15,0,1,3,19.74,25,1,4,0,0,1,0,2.99,2
5527,15,1,3,2,12.14,7,0,1,0,0,1,0,2.47,3
4088,18,0,2,4,4.8,15,0,2,1,1,1,0,2.87,2
3434,17,1,0,2,0.66,3,0,3,0,0,1,0,2.54,2
1113,18,0,1,3,18.07,7,0,2,0,0,0,1,2.13,3
5694,16,0,2,3,8.18,8,1,1,1,0,0,0,3.55,0
2209,15,0,1,0,13.79,3,0,4,0,0,1,0,2.92,2
4563,18,0,2,3,2.34,15,0,2,0,0,0,1,2.33,3
1084,18,0,0,2,2.38,14,1,2,0,0,0,0,2.75,2
3097,16,0,2,1,14.94,6,0,3,1,0,1,0,3.35,1
1711,17,1,0,2,1.56,25,1,2,1,0,0,0,3.08,1
4255,18,1,1,1,16.62,27,0,2,0,0,1,1,3.73,0
5918,18,0,0,2,4.36,6,0,2,0,0,0,0,3.0,1
2620,15,1,2,1,19.01,21,1,4,0,1,1,1,3.39,1
4889,17,0,0,1,18.81,4,0,2,0,1,0,1,4.0,0
2744,17,0,3,4,18.18,22,0,1,0,0,1,1,3.13,1
5172,17,1,3,0,18.04,2,0,2,0,0,1,1,3.48,1
4995,16,0,0,4,17.0,20,0,3,1,0,1,1,2.24,3
4127,16,1,0,1,13.73,22,0,4,1,0,0,0,1.68,4
5729,15,1,0,4,15.35,8,1,1,0,1,0,0,2.98,2
4757,17,1,0,2,4.47,21,0,4,1,1,1,1,2.42,3
1217,18,1,1,3,17.21,7,1,1,1,1,0,1,3.33,1
5921,15,0,0,3,6.78,8,1,1,0,0,1,0,3.17,1
5280,15,0,0,2,8.16,19,0,2,1,1,1,0,1.77,4
5656,15,1,1,3,13.69,4,1,2,1,1,0,0,2.7,2
5600,17,0,0,4,13.87,29,0,2,1,0,0,0,2.52,2
2005,15,0,0,1,19.49,13,0,4,0,0,1,0,3.98,0
2349,18,0,1,1,11.25,24,1,2,1,1,1,0,2.12,3
1298,17,0,1,2,4.37,20,0,3,0,1,1,0,2.24,3
4542,16,0,2,4,19.26,3,1,3,1,0,0,1,3.76,0
1580,16,1,1,3,15.03,30,1,4,1,0,1,0,3.12,1
2195,16,0,2,1,19.88,30,0,2,1,0,1,1,2.85,2
2534,15,0,0,1,3.22,15,0,2,0,0,1,0,2.41,3
2933,15,1,1,1,3.28,23,0,2,1,1,0,1,2.08,3
1612,16,1,2,3,14.71,21,0,1,0,1,1,0,2.55,2
2216,15,0,2,1,12.91,12,1,3,1,1,1,1,4.0,0
3081,15,0,0,2,9.15,8,0,3,0,1,1,0,3.33,1
1425,18,1,1,3,18.7,19,1,2,0,0,1,1,2.63,2
3896,17,1,2,1,13.59,20,0,4,0,0,0,1,3.22,1
5320,17,0,2,1,19.92,4,0,2,0,0,0,0,3.37,1
2914,16,0,0,4,3.99,21,0,4,0,0,0,0,2.9,2
2712,15,1,0,1,6.57,20,0,2,1,0,1,1,2.48,3
3220,17,0,3,2,7.09,24,0,3,0,0,1,1,2.64,2
2627,15,0,2,3,9.84,20,0,3,0,0,0,1,3.05,1
4244,16,0,1,3,1.94,28,1,1,1,1,1,0,2.29,3
4355,15,0,0,0,1.26,0,1,0,0,0,1,0,2.44,3
1020,17,1,3,1,13.77,9,0,3,0,1,0,1,2.87,2
1319,17,0,0,3,15.15,12,0,3,1,1,0,1,2.67,2
1884,18,1,3,3,3.61,27,0,2,1,0,0,0,2.72,2
4208,17,1,0,3,14.43,0,1,4,1,1,1,0,2.98,2
4955,16,1,0,4,5.18,20,1,2,1,0,0,1,1.99,4
4540,15,0,3,2,14.62,16,0,3,0,0,1,0,3.2,1
3167,18,0,3,4,13.35,6,1,2,0,0,1,0,3.24,1
1858,17,1,0,1,9.17,17,1,2,1,0,1,0,1.72,4
1783,18,1,1,4,5.06,19,0,2,1,0,1,0,2.32,3
5633,16,0,0,1,18.22,13,0,1,0,1,0,1,1.96,4
4868,18,1,1,1,15.86,11,0,3,0,1,0,1,2.75,2
4699,18,1,1,1,5.19,16,1,3,1,1,0,0,2.6,2
2569,17,0,0,1,19.93,13,1,1,1,1,1,0,3.42,1
3691,18,1,0,2,5.64,20,1,3,1,1,1,0,2.93,2
2272,16,1,3,1,14.69,8,1,4,0,1,0,0,4.0,0
1346,17,1,1,2,16.68,2,0,2,0,0,1,1,2.92,2
3990,18,0,2,0,0.66,2,0,4,1,1,1,0,3.02,1
2403,15,0,0,4,8.61,1,0,2,0,1,0,0,2.42,3
2221,15,0,2,1,17.2,8,0,3,1,0,0,1,3.12,1
2425,18,0,1,3,10.43,17,0,2,0,0,0,1,2.67,2
1769,18,1,0,2,11.02,18,0,2,0,0,1,0,2.45,3
4092,16,1,1,2,11.48,5,0,4,0,1,1,1,2.79,2
1140,15,1,3,2,16.39,18,0,3,0,1,0,0,2.73,2
2993,17,0,0,4,10.97,3,0,4,1,1,1,1,3.59,0
4522,15,1,1,1,6.64,11,0,2,1,1,0,1,1.95,4
5341,18,0,2,2,16.92,13,0,3,0,0,0,1,3.31,1
3611,18,0,0,1,0.91,5,0,4,0,0,1,0,3.1,1
2663,18,0,0,3,17.38,17,0,1,0,0,0,1,2.83,2
2764,17,1,0,1,10.57,6,0,3,0,1,0,0,2.69,2
1937,16,0,2,4,7.42,27,0,4,1,0,1,0,3.19,1
4517,17,1,3,2,14.35,27,0,3,0,0,0,1,2.95,2
2759,17,0,3,4,10.39,4,0,2,0,1,0,0,2.57,2
2973,17,1,0,2,13.93,2,1,1,0,0,0,0,3.49,1
1986,16,0,0,1,6.63,8,0,2,1,1,0,1,2.68,2
2743,16,1,1,2,15.8,15,1,4,1,0,1,0,3.33,1
3281,16,1,1,2,7.59,19,1,2,0,1,1,0,2.56,2
1879,15,1,1,1,1.47,8,0,2,1,1,1,1,3.86,0
5302,16,0,1,3,14.42,21,1,2,1,0,1,0,2.9,2
5404,17,0,0,3,14.26,8,1,3,0,0,0,0,3.58,0
4930,16,0,3,2,12.34,11,1,2,1,1,1,1,3.37,1
3149,16,0,1,1,7.43,14,0,2,0,1,0,1,2.05,3
4190,16,0,0,4,18.28,10,1,4,1,1,0,1,3.18,1
3226,15,1,3,2,2.73,19,0,2,0,1,1,0,2.37,3
3833,15,0,0,2,0.2,3,0,3,1,1,0,0,2.47,3
2151,15,0,1,0,19.52,24,0,1,0,1,0,0,2.05,3
1166,15,1,3,1,3.18,13,1,2,0,1,0,0,1.9,4
3471,18,1,2,3,15.57,25,1,2,1,0,0,1,3.01,1
4591,15,1,2,1,3.15,16,1,2,0,0,1,1,2.21,3
2059,16,0,2,1,8.69,29,0,1,1,1,1,0,3.09,1
5428,16,1,2,0,8.87,29,1,3,0,0,1,1,2.79,2
3661,16,0,0,1,9.82,14,1,4,0,1,0,1,2.51,2
2599,18,0,3,1,12.83,20,1,2,1,1,1,0,3.02,1
5363,17,0,1,3,14.61,11,1,2,0,0,0,1,2.83,2
3926,16,0,0,2,15.64,19,0,3,1,1,0,0,2.33,3
3759,16,1,3,1,2.4,12,0,1,1,1,0,0,2.98,2
5647,18,1,2,4,2.24,15,1,2,1,0,1,1,3.63,0
3598,15,0,0,2,2.32,0,1,1,1,0,0,0,3.23,1
2681,18,1,2,1,18.61,16,0,2,1,0,0,1,3.3,1
4464,18,1,2,3,2.71,9,0,3,1,1,1,1,2.6,2
2024,16,0,0,2,8.82,20,0,2,0,1,0,0,2.99,2
3616,18,1,1,3,7.39,27,1,3,1,1,0,0,2.31,3
2876,18,0,1,4,12.43,3,0,2,1,1,0,0,2.96,2
2369,15,1,1,2,8.64,8,0,2,1,0,0,0,2.53,2
3038,17,0,1,4,2.82,10,0,4,1,1,1,0,2.2,3
4909,17,0,1,4,10.27,16,0,3,1,0,0,0,3.23,1
3667,18,0,1,3,10.12,6,0,3,1,1,1,1,4.0,0
3791,16,0,1,1,17.96,0,1,3,1,1,0,0,3.99,0
1388,17,0,3,4,5.03,0,0,2,0,1,0,1,3.26,1
1540,16,1,1,2,11.93,2,0,2,1,1,0,1,3.45,1
5239,18,0,1,2,18.29,23,0,3,0,0,0,1,2.08,3
2621,15,1,0,2,11.62,1,1,2,1,0,0,0,3.72,0
3076,17,1,0,4,4.73,8,0,3,0,1,1,1,4.0,0
5703,16,0,2,2,6.73,29,0,2,1,1,0,1,2.22,3
5923,18,1,1,4,11.59,16,0,2,0,1,0,1,2.84,2
2573,16,1,0,1,17.92,7,0,2,1,0,1,0,3.22,1
3068,15,0,1,4,19.16,7,0,0,1,0,0,1,3.22,1
4161,16,1,3,2,13.42,18,0,3,1,0,0,1,2.72,2
5409,18,0,0,3,10.15,28,0,2,1,0,1,1,3.07,1
4484,15,1,3,1,14.99,0,1,2,0,0,1,1,4.0,0
2714,15,1,2,2,18.32,8,0,1,1,0,0,0,3.56,0
3784,16,1,0,1,0.35,15,1,3,1,1,0,1,2.54,2
1800,17,0,0,1,2.44,23,0,3,1,0,0,1,2.43,3
2942,18,1,3,1,0.71,20,0,2,1,1,0,0,2.28,3
4303,15,0,2,2,3.41,7,0,3,0,1,1,0,3.08,1
5064,15,1,0,2,8.96,25,0,3,1,1,1,0,2.32,3
5877,18,0,0,0,2.78,10,0,0,1,0,0,1,2.94,2
1249,15,1,1,4,15.98,16,0,3,1,0,1,0,3.24,1
5786,17,1,2,3,11.57,25,0,3,0,0,1,1,3.04,1
1599,18,1,2,1,14.94,11,0,4,1,0,1,1,3.4,1
4574,15,0,0,2,14.5,28,1,2,0,1,1,1,1.9,4
4074,17,1,2,2,17.37,11,1,3,1,1,1,1,3.37,1
1009,17,1,0,3,10.08,24,0,2,1,0,0,0,2.76,2
1468,15,1,3,2,12.6,25,0,1,0,0,1,1,1.84,4
4998,16,1,3,2,5.19,26,1,4,1,1,0,0,2.39,3
2316,18,1,3,3,10.05,3,1,3,0,1,0,1,3.46,1
4828,17,1,0,1,16.58,8,0,2,1,1,0,1,3.59,0
2309,15,1,1,3,7.37,9,0,2,1,0,1,0,3.69,0
2262,17,0,3,2,15.74,1,1,3,0,0,1,1,3.31,1
2202,16,1,1,2,15.4,3,1,2,0,0,0,0,3.76,0
5153,17,1,0,2,2.2,30,0,2,0,1,0,0,1.48,4
3780,17,1,1,2,14.86,29,0,2,1,0,0,0,2.09,3
5240,15,0,2,1,18.57,12,0,3,1,0,0,1,3.35,1
4288,16,1,0,2,19.49,29,0,2,1,1,1,0,2.5,2
1791,16,0,0,3,15.97,22,0,0,1,0,0,1,2.61,2
3847,16,0,2,4,9.43,23,1,2,1,0,0,0,2.49,3
3319,17,0,1,0,17.96,12,0,2,0,0,0,1,2.58,2
3054,18,0,1,3,0.62,28,0,3,1,0,0,1,1.61,4
4735,16,0,0,3,10.0,24,0,2,1,0,0,1,2.21,3
4860,15,1,1,2,8.58,27,0,2,0,1,0,1,2.39,3
5979,16,1,3,3,1.8,30,0,4,1,0,0,0,2.56,2
3502,17,1,2,0,5.48,27,0,0,0,1,1,0,1.93,4
1064,15,1,0,1,4.79,8,0,2,0,1,0,1,1.8,4
5925,18,0,1,2,1.26,8,0,4,0,1,1,0,2.72,2
5070,18,0,0,1,2.36,15,1,1,1,0,0,1,2.51,2
4964,15,0,0,0,3.83,1,1,4,1,1,0,1,2.94,2
1007,15,0,2,0,5.16,26,1,3,0,1,1,1,1.92,4
4237,15,1,2,1,5.99,15,0,1,0,1,1,0,3.01,1
5214,15,1,1,4,4.99,20,0,1,0,1,1,1,1.97,4
1549,16,1,0,1,0.45,18,1,1,1,1,1,0,2.19,3
3105,18,1,0,2,1.54,17,0,2,0,1,0,0,2.42,3
3255,18,0,0,3,11.31,17,0,1,1,0,0,1,2.84,2
5396,15,0,0,2,11.91,12,0,3,1,0,1,0,2.64,2
3989,17,1,2,2,14.17,8,1,2,1,0,0,1,2.38,3
1028,16,0,0,4,13.09,30,1,2,0,1,1,0,2.37,3
1789,18,0,3,3,6.83,9,0,2,1,0,0,1,2.57,2
1561,18,0,0,1,10.54,19,1,1,1,0,0,0,2.75,2
4402,18,0,3,3,11.43,4,1,4,1,1,0,0,3.08,1
2692,16,0,0,2,6.33,26,0,3,0,0,0,0,3.04,1
1695,16,1,2,4,5.71,5,0,2,1,0,1,1,2.52,2
2281,16,1,2,1,5.83,7,1,4,0,0,1,1,3.63,0
2367,17,1,0,2,13.09,2,1,3,0,0,0,0,4.0,0
4306,15,0,0,3,13.09,7,0,2,0,0,1,0,3.39,1
2786,18,1,3,4,11.77,6,0,1,1,0,1,1,1.55,4
4532,18,1,0,2,4.42,12,1,1,1,1,0,1,3.03,1
5013,16,1,0,1,7.56,1,0,3,1,1,1,0,2.01,3
3962,15,0,0,0,0.18,11,0,4,1,1,1,0,3.22,1
1572,17,1,0,3,11.41,4,1,4,1,0,0,1,2.81,2
3940,15,1,1,1,17.58,20,0,2,1,0,1,0,3.02,1
3166,17,0,0,3,19.42,17,1,2,1,0,0,1,3.01,1
2129,16,0,0,2,18.17,26,1,3,1,1,0,1,2.59,2
2862,16,1,3,0,6.24,25,0,3,1,1,0,1,2.21,3
5263,17,1,2,2,3.47,25,0,0,1,1,0,0,2.23,3
3175,15,0,0,3,0.08,21,0,3,0,0,0,0,2.36,3
2099,16,0,0,3,9.44,0,0,2,1,1,0,0,3.28,1
5682,15,0,0,0,5.21,18,0,3,0,0,1,0,4.0,0
2567,15,0,2,0,10.48,16,1,3,1,0,0,0,3.49,1
3572,15,1,1,3,19.8,3,0,3,0,0,0,1,3.06,1
1022,15,0,1,0,16.64,18,0,2,1,1,0,0,2.81,2
1158,16,0,2,1,12.01,20,1,2,1,0,1,1,2.8,2
1592,18,0,1,3,12.2,14,1,2,0,1,0,1,3.05,1
5129,18,1,2,3,19.67,29,1,3,0,0,0,0,3.47,1
3887,18,1,0,2,6.36,29,0,3,1,0,0,1,2.24,3
4301,16,0,2,2,12.72,28,1,2,0,1,0,1,3.21,1
4855,18,0,1,1,7.7,9,0,3,0,1,1,0,2.33,3
3187,15,0,1,3,8.18,2,0,3,0,0,0,1,2.81,2
1613,18,0,2,1,5.4,21,0,0,0,1,1,1,1.69,4
2001,16,0,1,2,0.09,10,0,3,1,0,1,0,3.28,1
3573,15,0,0,1,11.63,15,1,2,0,1,0,0,2.54,2
2610,17,0,0,2,10.46,4,1,2,0,0,1,0,3.0,1
4238,17,1,2,3,3.33,27,0,2,1,0,0,1,2.8,2
3803,18,1,3,3,5.32,29,0,4,1,1,1,1,2.24,3
2546,18,0,0,2,10.33,1,1,1,1,1,0,0,3.95,0
2649,15,0,2,0,2.81,12,0,2,0,1,1,0,2.85,2
5886,15,1,2,4,10.59,18,0,3,0,1,1,1,3.61,0
3644,15,1,0,4,2.1,9,1,2,1,0,0,0,2.89,2
3733,18,0,0,3,3.61,3,0,3,0,0,0,0,3.12,1
5755,16,0,0,2,19.67,10,1,2,1,1,0,1,3.93,0
3663,16,0,2,3,19.47,29,0,3,0,0,0,1,3.35,1
2629,17,0,1,2,11.33,19,0,1,0,1,1,0,2.37,3
1256,17,0,1,0,18.47,30,0,2,1,0,1,1,2.15,3
5762,17,1,0,4,19.5,11,1,2,1,1,0,1,2.99,2
3531,16,1,0,1,12.86,4,0,1,0,0,1,0,2.69,2
1395,17,1,2,1,18.41,18,0,3,1,1,0,1,2.18,3
4896,16,0,0,3,13.35,4,1,0,1,1,1,0,3.46,1
3978,15,0,2,0,3.66,10,1,3,1,0,0,1,3.19,1
4323,17,1,0,2,15.6,4,0,1,1,0,0,1,2.71,2
4435,18,0,3,2,14.8,20,1,3,0,0,0,1,2.9,2
2314,15,0,0,4,4.87,1,1,3,1,0,1,0,3.69,0
4281,18,0,0,3,19.05,9,1,3,0,1,1,1,3.43,1
4340,15,1,2,2,10.88,4,1,1,0,1,0,1,2.41,3
1352,15,0,3,3,9.77,10,0,3,1,1,1,1,2.61,2
5538,17,1,2,1,15.02,27,0,0,1,1,1,0,2.44,3
5282,16,1,3,3,19.31,22,1,2,0,0,0,0,2.51,2
2737,15,1,3,3,10.01,15,1,2,0,1,0,0,3.38,1
1318,15,0,3,1,4.66,18,0,1,0,0,0,1,2.52,2
5414,16,1,0,1,7.36,2,1,3,1,1,1,1,3.26,1
4682,18,1,2,3,14.43,4,1,3,0,1,0,1,3.6,0
1005,17,1,3,2,3.71,12,0,2,1,0,0,1,2.5,2
1843,15,0,0,4,6.46,25,0,0,1,1,0,1,1.89,4
4457,15,0,1,0,4.51,24,0,1,1,0,0,1,2.16,3
5737,17,1,2,1,10.57,28,1,2,0,0,0,1,2.71,2
4297,16,1,1,4,1.18,3,1,3,1,1,0,1,3.24,1
2726,16,0,0,2,16.29,16,0,4,1,1,0,0,3.38,1
2871,17,0,1,4,13.41,30,0,2,1,1,0,0,2.76,2
3858,15,1,0,3,14.01,23,0,4,1,1,1,0,2.64,2
1707,18,0,3,3,8.37,10,0,4,1,1,0,0,3.26,1
3720,16,1,3,1,12.18,11,0,2,1,0,0,1,3.88,0
1335,16,0,3,1,10.5,21,0,0,1,1,0,0,2.89,2
2548,17,1,1,4,1.09,15,0,3,1,1,0,1,2.47,3
5125,18,1,0,3,16.58,25,0,2,0,0,0,0,2.37,3
3498,16,0,3,2,12.09,16,0,3,0,1,1,1,2.77,2
5244,17,1,2,2,12.58,9,0,2,0,0,0,1,3.43,1
4958,15,1,3,2,16.28,11,1,0,1,1,0,0,3.49,1
4162,15,1,0,2,14.63,13,0,2,0,0,1,1,3.84,0
5756,16,1,0,3,8.35,7,0,1,0,1,1,0,2.69,2
4144,15,0,0,1,6.09,0,0,3,0,0,1,0,3.35,1
1253,18,0,2,0,3.93,24,0,1,1,0,1,1,1.74,4
5337,18,0,1,2,10.2,16,0,4,0,1,0,0,3.39,1
5970,16,1,0,3,13.92,3,0,1,1,0,0,0,3.34,1
2240,17,1,3,1,14.69,28,1,2,1,0,0,0,3.26,1
1496,17,0,0,1,16.2,4,1,3,0,0,1,1,2.95,2
5352,17,1,0,2,1.82,2,0,3,1,1,0,0,2.54,2
1265,17,1,3,3,12.73,21,0,4,1,1,1,0,3.12,1
4467,17,0,1,2,11.37,29,1,1,1,0,1,1,3.36,1
5710,16,0,1,1,11.06,23,0,3,1,0,0,0,2.61,2
2604,15,0,2,3,19.27,16,0,3,1,1,0,0,2.87,2
1235,18,0,1,3,2.07,8,0,2,1,0,0,0,2.81,2
3157,18,1,1,0,16.63,20,0,3,0,0,0,0,3.01,1
5883,16,0,0,2,14.62,12,1,3,1,1,0,1,3.66,0
5684,18,0,2,1,18.46,26,1,4,1,1,0,0,3.45,1
5132,15,1,2,2,12.76,2,0,3,0,0,1,0,3.41,1
1924,17,1,1,0,8.48,9,1,3,1,1,1,0,3.72,0
2422,15,0,1,1,5.16,12,1,3,1,1,1,1,3.21,1
5680,18,0,0,4,19.07,30,0,4,1,1,0,0,2.72,2
3013,16,0,0,4,12.19,11,0,3,1,1,0,1,2.88,2
4898,15,1,1,1,11.56,14,0,3,1,1,0,1,3.85,0
4119,18,1,0,4,14.48,25,1,0,1,1,1,0,4.0,0
3475,18,1,0,3,6.85,12,0,4,0,1,1,1,3.74,0
4589,15,1,1,0,14.96,15,0,3,1,1,0,1,2.69,2
5120,18,0,3,0,16.86,3,1,0,0,0,0,1,3.1,1
5515,17,1,1,2,13.62,12,1,3,0,0,1,0,3.63,0
2602,17,1,1,3,14.45,23,1,0,1,0,1,1,2.3,3
4632,15,1,0,1,6.08,20,1,2,1,1,0,1,2.51,2
1768,18,0,0,2,12.32,19,0,2,0,1,0,0,3.13,1
5593,16,0,2,3,3.28,30,0,3,1,1,1,0,2.46,3
5446,15,0,0,2,8.61,4,1,2,0,1,1,0,3.39,1
5691,17,1,3,3,1.27,13,0,2,1,0,1,1,2.81,2
2915,18,0,0,4,0.81,1,0,3,0,0,0,0,2.37,3
4581,17,1,0,1,6.4,20,0,3,0,0,1,0,1.95,4
1102,16,1,1,3,1.15,16,0,4,1,1,0,1,2.46,3
1560,16,0,1,4,18.15,20,0,0,0,0,0,1,2.67,2
1781,15,0,2,4,1.98,29,0,3,1,0,1,0,1.97,4
4123,16,1,0,1,15.26,12,1,3,1,1,1,0,3.92,0
3756,17,1,2,3,6.61,14,0,3,0,1,0,0,3.06,1
1848,16,0,2,4,15.47,18,1,3,1,0,0,1,2.67,2
3927,18,1,3,2,3.33,8,1,1,0,0,0,0,2.5,2
5434,15,0,0,4,8.88,24,0,3,0,0,0,1,1.98,4
2249,16,0,2,2,13.81,6,0,1,1,0,1,1,3.14,1
2383,17,1,0,3,10.53,6,0,3,0,0,1,1,3.3,1
3679,17,0,0,3,12.53,30,0,2,0,1,0,1,3.64,0
5530,15,1,3,2,11.04,4,1,2,0,0,0,1,3.54,0
5966,16,0,1,3,1.73,5,1,4,0,1,0,1,2.8,2
3308,18,0,0,4,15.92,6,0,2,1,1,1,1,3.48,1
5880,15,1,1,0,1.26,18,1,3,1,0,0,0,3.09,1
4675,17,0,0,4,4.33,27,0,3,0,0,1,1,2.69,2
4421,17,0,1,4,11.43,19,0,2,1,1,1,0,2.81,2
1534,15,1,2,1,1.86,14,0,3,0,0,1,1,2.47,3
4548,18,0,0,2,8.75,1,0,0,0,1,0,1,2.53,2
2442,16,1,0,2,5.1,28,0,2,1,0,0,0,2.36,3
2725,16,1,1,2,14.71,6,1,3,1,0,0,1,4.0,0
4202,15,1,1,2,12.45,14,0,2,1,0,0,0,2.53,2
3659,17,1,1,2,1.62,8,0,3,1,1,0,0,2.56,2
5823,15,1,2,2,18.77,5,0,3,1,0,1,1,3.23,1
4915,15,1,0,2,13.89,25,1,3,1,0,0,0,3.18,1
2365,18,1,1,1,0.34,14,0,3,1,1,1,0,4.0,0
2004,15,1,1,2,0.59,10,1,2,0,0,0,0,2.58,2
3286,18,0,1,3,10.04,18,1,2,0,1,1,0,3.77,0
4095,15,0,1,4,10.94,1,0,3,1,1,0,0,3.75,0
2135,17,0,0,2,4.11,10,0,4,0,1,1,0,3.16,1
3957,15,1,2,4,6.46,22,0,3,1,0,0,0,2.19,3
1854,17,1,3,3,18.08,7,0,2,1,0,0,1,2.75,2
3775,18,1,0,2,19.44,26,0,2,1,1,1,1,2.41,3
3148,15,1,0,0,4.68,4,0,3,1,1,1,0,3.22,1
3134,15,1,0,1,4.87,4,1,1,0,1,0,1,3.72,0
1804,15,0,2,4,9.03,13,1,1,1,0,1,1,3.33,1
4588,18,0,2,1,13.37,7,1,4,0,0,1,1,3.23,1
3770,15,0,2,2,16.32,29,0,3,0,0,1,0,2.83,2
3111,18,0,2,1,14.92,2,0,1,0,0,0,0,2.5,2
1489,15,1,1,3,6.87,30,0,2,0,1,0,0,2.55,2
3902,16,0,0,1,7.62,23,0,1,0,0,0,0,2.72,2
5443,15,0,0,1,3.26,23,0,1,1,1,0,0,2.64,2
5025,16,1,1,2,6.92,8,1,3,1,1,0,1,3.63,0
3808,17,1,3,2,14.14,26,1,4,1,1,0,1,3.66,0
5199,17,0,2,3,10.84,20,0,0,1,1,0,0,1.78,4
3417,16,0,0,1,10.61,3,0,1,0,0,1,0,2.93,2
5632,17,1,2,3,2.0,18,1,3,1,1,0,0,2.65,2
4911,18,0,2,3,9.3,14,0,4,0,1,0,1,3.02,1
4254,17,1,1,1,9.27,29,0,3,0,1,0,1,1.3800000000000003,4
3001,17,1,0,3,16.26,6,0,3,1,0,0,0,3.11,1
2203,18,0,3,3,4.53,25,1,2,1,0,0,0,3.47,1
3520,15,1,0,3,9.57,16,1,2,1,1,1,1,3.25,1
4195,16,1,0,2,11.49,19,0,3,1,1,0,1,3.28,1
3951,16,0,3,2,15.22,9,0,0,1,1,0,1,3.05,1
3652,15,1,0,1,4.77,13,0,2,1,0,0,1,2.39,3
1796,17,1,2,2,4.21,12,1,2,1,0,0,0,3.28,1
5784,18,0,3,2,0.35,26,1,4,1,0,0,1,2.44,3
1498,18,1,3,2,0.53,5,0,2,1,0,1,1,4.0,0
4508,15,1,1,3,10.79,19,0,2,0,1,1,1,2.95,2
3981,15,1,0,1,9.24,2,1,3,1,0,0,1,2.82,2
5815,18,1,3,2,10.82,27,1,3,0,0,0,1,3.69,0
2420,15,0,1,2,6.9,8,0,4,0,0,0,1,3.15,1
3796,18,1,0,4,0.5,1,1,2,1,1,0,1,2.97,2
5496,15,0,1,2,4.85,0,1,2,0,0,1,0,2.33,3
1227,15,0,1,3,2.95,23,0,3,1,0,0,0,2.74,2
2615,16,0,0,0,11.45,9,0,1,1,0,1,0,3.03,1
5297,16,0,3,3,9.95,16,0,2,1,1,0,0,3.11,1
3884,17,1,3,2,13.1,14,0,1,1,1,0,0,2.62,2
4199,15,1,1,2,13.41,3,0,1,0,0,0,1,3.37,1
5412,16,0,2,3,1.07,2,0,2,1,0,0,1,2.22,3
2139,18,1,1,3,18.89,6,0,3,0,0,1,0,3.62,0
3233,16,0,0,1,14.57,1,0,2,1,0,0,1,2.71,2
3196,16,1,1,2,8.1,3,1,3,0,0,1,0,3.04,1
3458,17,1,1,2,7.82,29,1,3,1,0,0,1,2.34,3
4906,18,1,1,2,8.78,0,1,1,1,0,0,0,3.33,1
4642,17,1,1,2,16.07,10,0,4,0,1,0,1,3.77,0
4049,15,0,3,4,0.62,14,0,2,1,0,1,1,3.13,1
5781,17,0,0,4,1.86,12,1,2,0,0,0,0,2.66,2
4612,17,1,3,4,4.15,17,0,3,1,1,1,0,3.17,1
4156,17,1,0,1,8.64,2,1,3,1,0,0,0,2.97,2
3699,18,0,0,4,12.83,25,1,2,1,0,0,0,2.91,2
5294,15,1,1,1,16.58,4,0,4,1,1,0,1,3.11,1
4471,18,1,0,1,10.35,18,1,3,1,1,0,0,2.78,2
3562,18,1,2,1,12.34,14,1,4,1,1,1,1,2.96,2
1717,17,1,0,1,0.39,22,0,3,1,0,0,0,2.17,3
4117,15,0,2,2,8.48,6,1,2,1,0,1,1,2.98,2
5581,17,1,0,2,14.38,22,1,3,0,1,0,1,3.2,1
3812,15,1,0,2,3.25,19,1,3,1,0,1,1,3.0,1
2671,16,0,0,2,11.75,3,0,2,0,0,0,1,2.77,2
5858,17,1,1,3,16.85,26,0,2,1,0,1,1,2.62,2
3180,18,0,1,1,16.65,10,0,3,1,1,0,1,3.48,1
5432,18,1,0,4,1.72,21,0,1,0,0,1,0,2.07,3
5160,15,0,1,0,4.67,3,1,4,1,1,0,1,2.96,2
1906,16,0,1,2,2.61,4,1,3,1,0,0,0,3.54,0
2172,17,0,1,3,13.07,18,0,1,0,1,0,1,2.53,2
4404,18,1,1,2,11.79,20,1,3,1,0,0,1,3.49,1
2402,17,0,3,2,15.91,21,0,2,0,0,1,0,1.87,4
1143,18,0,1,4,14.23,2,0,3,0,1,1,1,3.06,1
4188,18,1,3,4,15.11,3,0,3,1,1,0,1,2.82,2
2943,16,1,2,1,7.3,7,1,4,1,1,0,0,3.32,1
5518,16,1,2,2,0.19,25,1,2,1,1,1,0,2.64,2
5383,15,1,1,1,18.03,24,0,1,1,0,1,0,2.42,3
2547,18,1,1,2,19.84,22,0,1,1,0,1,0,2.76,2
4901,16,1,0,1,7.12,25,1,1,0,1,1,1,2.86,2
4515,18,1,0,0,16.44,19,0,1,1,1,1,0,3.43,1
4229,17,1,1,1,15.69,8,0,4,1,0,1,1,2.73,2
3182,15,0,1,4,12.84,30,1,2,1,1,0,1,4.0,0
2612,16,1,2,1,10.52,14,0,1,0,1,0,1,1.97,4
4739,17,0,0,1,18.33,14,0,2,1,1,0,1,3.38,1
5748,18,0,0,2,14.18,2,0,0,1,1,0,1,2.52,2
3711,16,0,0,1,2.81,26,1,4,1,0,0,0,2.14,3
2788,18,0,2,2,12.26,14,0,4,0,1,0,1,2.39,3
5038,18,0,2,2,11.32,0,0,3,1,1,1,0,2.9,2
3851,18,0,0,1,14.93,13,1,4,1,0,1,1,2.33,3
3730,15,0,1,2,12.29,13,0,1,1,1,0,0,3.35,1
5351,18,1,0,1,0.61,16,1,2,1,1,0,0,2.39,3
5359,15,1,3,4,6.46,23,1,2,0,0,0,1,2.77,2
1590,15,1,1,1,0.64,2,0,4,1,1,0,0,3.36,1
5304,18,0,1,1,5.19,28,0,2,1,0,0,1,1.91,4
3121,18,0,3,2,4.42,3,0,4,1,0,0,1,3.04,1
5557,17,0,0,2,13.88,7,0,3,1,1,0,0,3.68,0
1454,16,0,1,4,10.02,29,0,2,0,0,0,0,2.89,2
2136,17,1,0,1,9.54,4,0,4,1,1,0,1,2.36,3
1392,17,1,1,2,16.52,26,0,2,0,1,0,1,2.27,3
4151,15,1,1,1,14.67,14,0,2,0,0,1,0,2.57,2
2330,15,0,0,0,18.75,3,0,0,0,0,1,0,3.17,1
5834,16,0,3,2,19.43,8,0,3,0,0,0,1,2.34,3
5852,16,0,3,3,4.82,8,0,2,0,0,1,1,2.49,3
2745,16,1,1,3,4.36,8,0,0,1,1,0,0,2.99,2
1970,17,0,2,1,14.38,0,1,2,0,1,1,0,3.88,0
4664,15,0,1,3,10.57,22,0,3,0,1,0,0,3.01,1
5488,16,1,0,3,3.58,30,1,2,1,0,1,1,2.8,2
5307,18,1,0,1,6.26,5,1,0,1,0,1,1,2.64,2
5554,15,1,1,4,8.89,20,0,3,1,1,1,0,3.0,1
5908,15,1,0,2,14.13,3,1,2,1,0,0,1,3.68,0
5345,17,1,0,4,3.82,19,1,2,0,0,0,1,3.4,1
4863,17,0,3,2,1.17,11,0,4,1,0,0,1,2.82,2
1239,17,1,0,3,8.77,23,0,2,0,1,0,0,2.41,3
3700,16,0,0,1,17.49,12,0,3,1,0,1,0,3.17,1
3071,15,1,0,2,7.08,3,0,0,0,1,0,0,2.3,3
1272,18,0,0,2,12.17,22,0,2,1,0,0,0,2.69,2
2519,18,0,3,3,14.39,10,0,3,1,0,1,0,3.37,1
1532,18,1,0,3,13.12,3,0,4,1,0,1,1,3.85,0
4663,16,1,0,3,8.03,9,0,4,1,1,1,1,3.61,0
2646,17,0,1,1,19.53,19,0,2,1,1,1,0,3.08,1
3021,17,1,1,2,5.71,22,0,2,1,1,1,1,1.87,4
5139,17,0,1,3,18.24,26,0,3,1,0,0,0,2.35,3
1456,17,0,0,2,9.54,25,1,4,0,0,0,1,3.05,1
4843,15,0,0,1,17.64,4,0,1,1,0,0,0,4.0,0
4951,15,0,0,4,19.42,29,0,4,0,1,0,0,3.24,1
3344,15,1,1,3,5.13,30,0,3,0,1,1,0,2.02,3
5920,15,1,1,2,18.04,21,0,3,1,1,0,0,2.86,2
1686,16,0,2,1,15.78,7,1,3,1,1,0,1,2.89,2
5225,18,0,3,2,5.92,26,1,2,0,0,0,0,3.12,1
3793,15,0,1,3,7.84,21,1,2,1,1,1,1,2.63,2
3650,16,0,1,4,19.9,11,1,2,1,0,1,1,4.0,0
4035,18,1,2,0,16.19,29,0,4,1,1,0,0,2.67,2
5589,16,0,0,2,11.44,15,0,2,0,1,1,0,3.23,1
5698,15,1,2,2,13.74,22,1,1,1,1,0,0,2.46,3
3460,16,0,0,1,7.76,21,1,2,1,1,0,1,2.78,2
4493,16,0,1,1,10.17,0,0,2,1,1,0,1,3.27,1
5523,15,1,3,4,8.27,26,0,4,0,0,0,1,3.48,1
1974,17,0,3,3,10.23,15,0,3,1,1,0,1,3.0,1
2194,18,1,3,3,12.56,22,1,3,1,0,0,1,2.99,2
2184,18,1,3,2,5.61,16,0,2,0,0,0,0,3.28,1
3757,15,0,0,2,14.5,28,0,2,1,1,0,1,2.56,2
3866,17,0,3,3,1.24,21,0,3,1,1,0,1,2.61,2
4257,16,0,0,1,2.89,24,1,1,0,1,0,0,3.36,1
5272,16,1,1,2,19.83,21,1,2,0,0,0,1,3.11,1
2623,16,1,1,1,8.46,1,1,2,0,1,0,1,2.59,2
3621,17,1,3,3,0.66,28,0,3,1,1,0,1,1.96,4
1507,18,0,1,2,15.32,5,0,1,1,0,1,0,2.65,2
1672,16,1,0,1,13.7,14,1,4,1,0,0,0,2.17,3
3478,18,1,0,2,17.79,15,0,1,0,1,0,0,2.33,3
3509,18,0,1,1,3.46,18,1,2,0,0,0,0,1.83,4
3789,16,1,0,2,4.85,4,1,2,1,1,1,0,3.07,1
2865,18,0,1,3,7.58,6,0,0,0,0,0,1,1.86,4
4473,16,0,1,1,8.73,0,0,2,0,0,1,1,3.15,1
1362,15,0,0,4,0.98,1,0,3,1,0,0,0,3.5,0
3028,18,0,3,2,16.05,5,0,2,1,1,1,1,4.0,0
4621,16,0,3,2,12.16,9,0,3,1,0,0,0,3.34,1
4179,17,0,0,1,13.2,23,1,3,0,1,0,0,2.41,3
3575,15,0,0,2,9.18,28,0,2,0,1,0,1,2.06,3
2438,15,0,0,4,14.08,22,0,4,0,0,0,0,2.25,3
5501,15,0,1,3,3.31,10,1,4,1,1,1,1,4.0,0
4134,15,0,0,2,10.09,6,1,3,1,0,1,0,2.71,2
3526,18,1,1,2,11.1,28,0,1,0,1,1,0,1.3800000000000003,4
3787,16,0,0,0,2.24,29,1,3,1,1,0,0,2.62,2
5165,16,0,3,2,16.04,28,1,2,0,0,1,1,3.63,0
2678,17,0,0,3,6.83,5,1,0,0,0,0,1,3.37,1
2022,15,1,3,0,13.93,28,0,1,0,1,1,1,2.63,2
4971,18,0,0,1,10.03,26,0,2,0,0,1,1,2.35,3
3158,17,0,1,1,12.3,27,0,1,1,1,0,1,2.74,2
5582,18,0,1,0,9.8,8,1,3,1,0,1,0,3.29,1
4391,18,0,1,1,3.3,18,0,3,0,1,0,0,3.17,1
3451,17,1,1,4,19.65,18,0,4,0,0,1,1,4.0,0
3528,15,0,1,0,18.08,28,0,3,1,1,0,1,3.26,1
1281,18,1,3,2,18.72,2,1,3,1,0,0,0,2.59,2
4034,15,1,0,1,5.06,6,1,2,1,0,0,1,3.29,1
4130,18,1,0,1,14.47,17,0,3,1,1,1,1,3.68,0
2898,17,1,0,4,7.24,8,0,4,0,1,0,0,2.57,2
5126,17,0,3,3,11.92,21,0,2,1,0,1,0,2.25,3
2232,18,0,3,3,0.76,12,1,2,0,1,0,0,2.46,3
4693,15,0,0,3,13.69,11,1,3,0,0,1,1,3.27,1
3565,16,0,1,2,14.59,8,0,3,0,1,1,1,2.84,2
3251,15,1,3,3,3.61,28,1,1,1,1,1,1,2.91,2
1434,18,0,0,2,14.49,5,1,3,0,1,0,1,2.6,2
5007,18,1,0,2,14.52,18,0,3,1,0,1,0,2.83,2
1825,18,0,0,3,1.67,0,0,4,0,0,0,1,3.68,0
1637,15,1,1,2,11.31,16,0,2,0,1,0,0,1.96,4
3530,15,1,0,1,10.17,13,1,2,1,0,1,0,2.78,2
4545,15,0,0,1,6.7,5,1,4,0,1,1,0,2.88,2
5690,16,0,2,2,7.61,20,0,3,1,0,0,0,2.5,2
3852,17,0,2,2,19.84,4,1,2,0,0,0,1,3.55,0
3219,18,1,3,1,12.28,14,1,2,1,1,1,0,3.39,1
4939,15,0,0,2,0.68,16,0,3,1,1,0,0,3.42,1
4334,18,1,1,4,8.64,4,0,2,0,0,0,0,3.02,1
1011,17,0,0,4,1.35,22,1,3,1,0,0,1,2.32,3
4058,18,0,0,0,8.51,15,0,2,0,0,1,1,2.23,3
3446,15,1,2,0,2.15,6,0,3,0,1,0,0,2.12,3
4492,15,0,0,1,2.96,1,0,3,1,1,0,0,3.01,1
3254,16,0,3,2,6.7,3,0,1,0,1,1,1,2.02,3
3406,15,1,0,1,13.44,22,0,3,1,1,0,1,3.22,1
3682,17,1,1,3,15.47,2,0,2,0,0,1,0,3.56,0
5649,15,1,1,3,11.68,7,0,3,0,1,0,0,2.28,3
4312,15,1,0,2,17.18,24,1,0,1,1,0,0,3.0,1
3089,18,0,0,3,10.58,8,0,2,1,1,1,1,2.23,3
4921,17,0,1,1,9.14,13,0,2,1,0,1,0,2.94,2
2239,15,0,3,2,9.05,28,0,4,1,0,1,0,2.31,3
1817,15,1,0,4,14.26,11,0,0,1,1,1,1,3.56,0
3689,15,1,0,3,14.05,9,0,2,1,1,0,1,4.0,0
1841,17,1,1,4,11.53,25,1,1,0,1,0,1,2.14,3
5169,15,0,0,1,1.38,19,0,2,1,1,0,1,3.14,1
1995,18,1,0,4,18.76,24,0,3,0,0,0,0,2.16,3
4673,17,0,1,1,9.11,11,0,1,0,1,0,1,2.44,3
2990,15,0,0,4,19.34,4,1,2,0,0,0,0,3.39,1
1990,18,0,2,3,10.64,27,1,2,1,1,0,0,2.0,3
5060,17,0,0,4,18.32,15,1,2,0,1,0,0,3.78,0
1838,15,1,1,4,9.91,5,0,2,1,1,0,0,3.07,1
3012,15,0,2,2,15.94,18,1,3,1,0,1,1,3.35,1
4823,18,1,0,4,8.88,12,0,2,1,1,0,0,2.27,3
2840,15,0,3,1,17.11,23,1,3,1,0,0,1,2.67,2
2711,15,0,0,4,14.83,25,0,2,1,0,0,0,3.68,0
2108,16,1,0,2,15.97,28,0,3,1,0,1,1,3.94,0
3934,15,0,0,2,2.6,26,0,2,0,0,0,0,2.21,3
1418,16,1,0,1,8.01,11,0,2,0,0,0,0,2.04,3
5989,17,1,0,3,4.73,6,0,1,1,0,0,0,4.0,0
3426,17,1,0,3,0.45,22,0,3,0,1,0,1,2.77,2
2736,18,1,1,3,18.34,12,0,2,1,1,1,0,3.74,0
5335,18,1,0,2,13.77,22,0,2,0,0,0,0,3.33,1
2802,15,1,0,2,14.0,15,0,3,1,1,0,0,3.07,1
5735,15,0,2,2,7.86,8,0,2,0,0,1,1,1.78,4
2850,16,1,0,4,7.52,11,1,0,0,0,0,0,3.3,1
3000,15,0,1,2,2.74,4,0,1,0,0,0,1,3.11,1
4316,17,0,0,1,15.93,29,1,3,0,1,0,0,2.33,3
5567,16,0,1,4,7.37,0,0,1,1,0,1,0,3.66,0
5678,17,0,0,3,10.75,18,0,3,0,0,1,1,4.0,0
3499,17,0,0,3,9.59,12,0,4,0,0,0,0,3.05,1
2870,16,0,3,3,13.34,11,1,2,0,0,0,1,3.47,1
5882,15,0,1,1,15.3,17,0,1,1,1,0,1,1.71,4
4864,18,0,1,4,2.99,25,1,1,1,0,0,1,2.24,3
5063,18,1,2,2,17.97,28,0,1,1,0,0,0,2.45,3
1908,17,1,2,2,2.88,3,0,3,0,0,0,0,2.98,2
2687,18,1,0,1,5.94,3,0,4,1,0,0,1,3.27,1
5221,15,0,0,3,4.12,14,0,1,0,0,0,1,2.53,2
5399,17,1,1,3,7.01,12,0,2,1,0,1,1,2.92,2
2359,18,1,3,3,6.99,29,1,1,1,1,0,1,2.75,2
5950,17,1,1,2,9.27,19,0,2,0,0,0,0,2.8,2
3088,15,1,1,2,5.13,23,0,1,0,1,0,0,2.6,2
5764,18,0,3,2,5.83,22,0,4,1,1,0,1,2.38,3
2122,17,0,0,1,13.59,2,1,3,1,1,1,0,3.73,0
4339,16,0,1,2,7.68,8,0,2,0,0,0,0,2.63,2
3449,18,1,2,3,6.42,28,0,1,1,0,0,1,1.46,4
1732,15,0,0,4,15.69,17,0,3,0,1,0,0,3.08,1
4450,18,1,2,1,9.0,25,0,1,1,1,1,0,2.97,2
1798,17,0,3,2,17.61,3,0,1,1,1,1,1,2.68,2
3683,18,1,1,2,14.11,12,0,3,1,1,0,1,3.43,1
5724,18,0,2,1,8.73,27,1,3,0,1,0,0,2.25,3
5389,17,1,1,2,8.32,17,1,4,1,0,1,1,3.39,1
2334,18,1,1,3,18.55,27,0,1,1,1,0,0,2.79,2
2196,15,1,0,1,10.75,17,0,2,1,0,0,1,2.67,2
1039,15,0,2,2,17.38,28,0,3,0,1,0,0,2.14,3
5761,17,0,3,2,14.3,7,0,1,1,0,0,0,3.73,0
4940,17,1,0,4,8.95,5,0,4,0,1,0,0,4.0,0
1657,17,0,2,2,7.91,8,1,2,1,0,1,0,2.86,2
2031,17,0,1,1,9.2,5,1,0,1,0,0,0,3.45,1
4913,15,1,3,2,20.0,6,0,2,1,1,0,0,2.51,2
1381,18,0,0,3,17.78,6,1,3,0,0,0,0,3.26,1
5217,16,1,1,1,17.43,0,1,2,1,0,1,0,3.81,0
5114,18,0,1,2,7.6,26,0,3,1,0,0,1,3.32,1
5033,17,0,0,4,18.54,29,1,1,1,1,0,0,2.73,2
1174,18,1,0,1,6.1,3,1,3,1,0,0,1,3.84,0
1702,18,0,0,2,2.38,1,0,1,1,0,0,0,1.76,4
1896,18,0,0,1,7.95,20,1,3,1,1,0,0,3.42,1
5284,16,1,0,3,12.71,3,0,1,1,1,0,0,2.95,2
2888,18,0,0,1,11.2,21,1,2,1,0,0,0,2.06,3
2018,17,1,1,4,15.84,29,1,3,0,1,1,1,2.27,3
2299,15,0,2,3,10.05,3,0,3,1,1,1,0,3.13,1
3109,17,1,3,2,14.61,27,0,3,1,1,0,0,3.69,0
5231,17,1,1,1,7.24,15,1,4,1,1,0,0,2.98,2
1787,17,1,0,1,5.01,8,1,2,1,1,1,0,3.5,0
2410,16,0,3,2,18.01,6,0,3,0,1,1,1,3.5,0
2352,18,1,1,0,15.11,6,1,1,0,1,0,0,2.99,2
4146,18,1,0,3,7.47,24,1,2,1,1,1,1,2.9,2
4424,15,0,0,3,13.73,3,1,2,0,1,1,0,2.7,2
2398,17,0,0,3,19.48,2,0,3,1,0,1,0,3.51,0
4749,15,0,0,3,3.37,4,0,2,1,0,1,1,3.0,1
5285,17,0,2,2,14.27,24,1,4,0,0,0,1,2.59,2
4659,18,0,0,1,11.98,20,0,1,1,1,0,1,2.27,3
3899,16,0,0,4,10.33,24,0,2,1,1,0,0,2.71,2
3474,18,0,1,2,7.77,10,0,3,1,0,0,1,2.32,3
2939,16,1,1,1,17.51,10,1,1,1,0,1,1,3.14,1
2416,18,1,1,2,8.05,19,1,1,0,1,1,0,2.34,3
1693,15,1,2,4,10.61,3,0,3,0,0,0,0,3.14,1
5757,18,0,0,2,4.24,30,0,0,1,0,0,0,2.03,3
4516,15,1,0,2,7.51,10,0,2,0,0,0,0,3.0,1
1282,18,0,1,2,16.96,19,1,1,0,0,1,1,2.9,2
4837,15,0,1,4,0.8,6,0,1,1,1,0,1,2.2,3
3746,16,1,1,1,0.92,30,1,4,0,0,0,0,2.32,3
1343,17,0,0,1,5.45,10,0,4,0,1,1,1,3.56,0
3232,15,1,1,4,12.23,18,0,4,0,1,1,1,3.19,1
4950,17,0,1,4,10.01,28,0,2,1,0,0,1,2.74,2
3469,15,1,1,2,19.71,21,1,2,1,1,0,0,4.0,0
3821,18,0,0,1,16.35,17,0,2,1,1,0,0,3.28,1
3452,18,1,1,3,3.13,12,0,2,1,0,0,1,3.33,1
1946,17,1,0,3,10.92,15,1,0,1,0,0,1,2.69,2
5174,17,0,0,3,9.13,27,1,2,0,1,0,1,3.13,1
3278,16,1,0,3,14.92,29,1,2,1,0,1,1,2.42,3
4256,16,1,3,1,1.98,29,0,2,1,1,0,0,1.51,4
4577,18,0,2,2,13.85,19,0,3,1,0,1,0,2.91,2
4525,17,0,1,2,6.27,1,0,1,0,0,0,0,2.54,2
4167,16,0,0,2,19.67,24,0,3,0,0,0,1,2.95,2
5047,16,1,0,1,4.04,6,0,4,1,1,0,1,2.61,2
3070,17,1,0,2,17.0,15,1,4,0,0,0,1,2.75,2
2494,16,1,0,3,6.33,15,0,4,1,0,0,1,2.31,3
5179,16,0,1,1,14.3,9,0,2,1,1,0,1,2.29,3
5836,16,1,0,2,3.21,10,1,2,0,1,0,0,2.63,2
2462,15,1,2,1,16.76,14,1,3,1,0,1,0,2.62,2
2815,18,0,1,1,11.7,22,1,3,0,1,1,1,2.43,3
3171,17,0,1,2,8.55,9,0,3,1,1,1,0,2.88,2
5939,18,1,3,2,7.17,24,0,0,0,1,1,1,2.14,3
1098,18,0,0,3,11.18,11,0,2,0,0,0,1,3.57,0
4299,16,0,0,2,2.96,3,0,3,1,0,1,0,3.36,1
4073,17,0,2,1,17.38,5,0,1,1,0,0,0,3.01,1
1730,18,1,3,3,4.34,5,1,1,0,0,1,0,3.51,0
5140,18,1,1,2,17.66,22,0,1,1,0,0,1,2.78,2
2401,17,0,2,1,11.64,21,0,4,0,1,1,0,2.99,2
5202,16,1,1,4,6.74,5,0,1,0,1,0,1,2.46,3
2717,18,1,0,1,5.25,18,0,2,1,0,0,1,2.76,2
2192,17,1,1,1,0.92,29,0,3,1,1,1,1,2.03,3
5917,17,1,0,3,6.76,29,0,3,1,1,1,1,2.39,3
1347,17,1,0,2,7.9,1,0,3,0,1,1,0,2.63,2
3703,18,0,1,3,7.62,22,1,1,0,1,0,0,2.31,3
4633,17,1,0,1,14.84,3,0,3,1,0,0,0,3.26,1
1428,18,1,0,3,1.38,27,0,1,1,1,1,1,1.84,4
2625,16,0,2,1,9.67,11,1,2,1,0,1,1,3.47,1
5509,18,0,0,4,19.39,24,0,3,0,0,1,1,2.74,2
2490,15,1,2,2,6.04,13,0,2,1,1,0,0,2.96,2
5213,17,0,0,1,12.85,9,0,2,1,1,0,1,2.81,2
2684,15,0,0,1,17.7,27,0,3,1,0,1,0,2.56,2
5859,17,1,0,2,19.1,25,1,2,1,0,0,1,3.47,1
5812,18,1,2,2,19.91,25,0,3,0,1,1,0,2.8,2
4784,18,0,2,1,14.87,15,1,3,0,1,1,1,2.96,2
1668,18,1,2,1,0.64,30,0,2,0,1,0,0,2.31,3
4690,18,1,0,3,7.14,23,0,2,1,1,1,1,2.78,2
2307,18,1,0,4,5.87,16,0,4,0,0,1,1,3.55,0
1122,15,1,3,1,0.71,27,0,3,1,1,0,1,2.34,3
2458,18,0,1,2,15.07,30,0,0,0,0,0,0,3.08,1
4696,17,1,1,1,7.96,26,1,3,1,0,0,0,2.93,2
1741,17,0,3,1,8.07,19,0,3,0,1,0,1,2.48,3
4743,17,0,1,3,13.26,14,0,0,0,0,1,0,2.47,3
2205,15,0,0,4,19.9,12,1,1,1,0,0,1,3.67,0
4705,17,0,0,2,0.9,2,0,3,0,1,1,1,2.96,2
3176,17,1,1,3,14.4,26,0,3,1,0,0,1,3.09,1
5688,15,1,0,3,8.2,8,1,3,1,0,1,0,3.05,1
3207,17,1,0,4,10.29,16,0,3,1,1,0,1,3.37,1
3234,17,0,1,1,15.22,1,0,1,1,1,0,0,2.39,3
4192,18,1,0,2,13.41,1,0,3,1,0,1,1,3.24,1
2997,16,1,2,4,10.72,1,0,2,1,0,0,0,3.73,0
3692,15,1,3,3,5.76,16,0,0,1,1,1,1,2.84,2
3055,17,1,1,3,10.27,21,0,2,0,0,0,1,2.64,2
4923,16,0,1,1,13.65,8,0,4,1,1,0,1,2.69,2
5415,18,0,1,3,10.69,0,0,2,0,1,0,0,4.0,0
4644,18,1,0,2,7.63,14,0,2,1,0,1,1,2.36,3
5141,16,1,1,2,19.42,9,0,3,1,0,0,0,3.42,1
4376,15,1,0,2,19.78,5,0,3,1,1,1,1,3.61,0
4674,16,0,0,1,17.04,17,1,2,1,1,1,1,3.3,1
2485,17,0,0,1,7.65,2,0,2,1,0,1,0,3.9,0
4474,18,0,0,2,8.67,15,0,2,1,1,0,0,3.51,0
3709,18,1,1,2,17.6,9,1,1,1,0,1,0,2.92,2
2648,18,1,3,2,7.17,2,0,3,1,0,0,1,3.03,1
1509,18,1,0,3,9.57,10,1,4,1,0,1,0,2.23,3
1136,15,0,0,0,2.21,10,0,4,0,1,1,0,2.39,3
4603,15,1,3,2,2.05,11,1,3,1,0,0,1,2.37,3
4264,18,0,0,3,18.79,24,1,3,0,1,1,1,3.44,1
3137,16,1,3,3,11.27,27,0,4,1,1,1,0,3.33,1
4546,15,1,1,3,13.56,2,0,1,1,1,1,1,2.95,2
2044,15,0,0,3,17.26,21,0,2,0,0,1,1,2.71,2
4893,18,0,3,1,9.96,22,0,2,0,0,0,1,3.27,1
4848,18,1,2,2,12.6,12,1,2,1,0,1,1,2.41,3
1163,18,0,0,2,8.99,14,0,3,1,0,1,0,2.39,3
3209,16,1,0,2,14.81,1,0,2,0,1,1,0,2.84,2
3350,18,1,3,1,2.29,14,0,2,1,1,0,0,3.02,1
5733,15,0,1,1,9.95,5,0,1,0,1,0,0,2.75,2
2065,16,1,0,0,1.07,11,1,2,1,0,1,1,2.82,2
4942,16,0,0,1,1.9,30,0,2,0,1,0,1,1.8,4
3263,16,1,2,3,15.03,1,0,3,1,0,1,0,3.81,0
2339,16,1,1,4,10.86,27,1,1,1,0,1,1,2.69,2
3007,18,1,1,2,8.77,9,1,3,1,1,0,1,3.83,0
2322,17,1,1,2,18.21,11,1,1,1,0,1,0,2.75,2
2118,15,0,3,2,6.82,23,0,3,1,0,0,1,2.91,2
4082,17,0,0,1,9.36,16,1,2,1,0,0,0,3.71,0
1271,16,0,0,2,0.01,6,0,2,1,0,1,0,4.0,0
3094,16,1,0,3,6.01,28,1,2,1,0,1,0,3.66,0
1661,18,0,0,2,6.02,25,1,2,0,1,1,1,1.68,4
1886,15,0,1,3,4.09,13,1,1,1,1,1,0,3.66,0
4166,15,1,0,1,8.79,25,0,2,1,0,0,1,2.54,2
4687,15,1,0,2,14.49,10,1,2,1,1,0,1,3.88,0
4086,15,1,2,0,9.01,17,1,4,1,1,0,1,2.5,2
4182,17,1,0,0,2.15,5,1,2,0,0,0,0,3.04,1
5631,15,1,0,4,8.31,11,0,2,1,0,1,0,2.61,2
3708,16,0,2,3,0.31,7,1,3,1,0,0,0,2.35,3
1830,18,0,1,2,1.46,11,0,3,0,1,1,0,2.89,2
5648,15,1,1,3,16.67,8,0,1,1,1,0,1,2.96,2
1746,16,0,2,2,15.58,6,0,2,1,1,1,1,2.57,2
4045,16,0,1,2,16.89,30,1,3,1,0,1,1,2.75,2
4431,17,0,0,1,18.81,2,1,3,1,0,1,0,3.04,1
4085,16,0,2,1,16.51,3,0,0,1,0,1,0,2.74,2
2645,15,1,0,1,9.97,0,0,0,0,0,0,0,1.67,4
2070,15,1,0,2,1.26,6,1,1,1,1,1,0,2.7,2
5841,16,1,3,1,19.81,17,0,1,1,0,0,1,2.7,2
2911,18,0,1,4,19.06,13,0,2,1,0,0,1,2.59,2
3077,18,0,1,1,2.87,12,0,2,1,0,1,0,2.74,2
2283,15,0,2,4,16.16,2,0,3,0,1,1,0,3.03,1
3658,18,0,2,0,18.38,21,1,2,1,0,0,0,3.84,0
2656,17,1,1,3,10.23,6,0,2,0,1,0,0,2.93,2
1467,18,1,2,2,17.97,23,0,3,0,1,1,0,2.99,2
4519,18,0,1,1,4.65,1,1,3,1,0,0,1,3.71,0
2101,17,1,0,1,12.91,0,1,4,1,0,0,0,3.65,0
5507,15,1,0,4,16.09,5,1,3,0,1,0,1,3.98,0
3645,15,0,0,2,19.17,27,0,4,1,0,1,1,3.16,1
3170,18,1,0,2,5.42,27,1,3,0,0,0,0,1.3800000000000003,4
4755,18,0,3,1,15.44,4,0,2,1,0,1,1,2.67,2
1370,17,1,0,3,8.03,20,1,2,1,0,0,0,2.89,2
1146,17,0,3,3,19.99,22,1,2,1,0,0,0,2.87,2
1061,17,1,3,1,0.34,1,0,2,1,0,0,1,2.26,3
4013,15,1,1,3,16.47,28,0,1,0,0,1,0,3.34,1
1982,18,1,0,2,17.4,11,0,2,1,1,1,0,3.83,0
3056,17,0,0,2,1.69,19,0,3,0,0,0,1,2.46,3
2149,17,1,1,4,7.09,22,0,4,0,0,1,0,2.83,2
3457,17,1,1,1,18.93,1,0,4,1,0,0,0,3.86,0
4556,18,0,2,2,19.88,27,1,2,0,0,0,1,3.46,1
3462,16,0,0,3,4.6,12,0,2,0,1,1,0,3.39,1
5442,15,0,0,2,11.62,22,0,3,1,1,0,0,2.73,2
1349,18,1,1,2,4.55,7,0,2,1,1,1,1,2.9,2
5154,15,1,1,1,5.38,24,1,3,1,1,1,1,3.38,1
3006,17,0,0,4,17.32,8,1,3,1,0,0,1,3.14,1
1519,18,1,0,3,9.28,18,0,2,1,0,1,1,2.89,2
5667,16,1,0,1,9.53,20,1,3,1,0,0,0,2.99,2
3493,18,0,0,2,18.44,14,0,2,0,0,0,1,2.72,2
3613,16,0,3,1,15.13,20,0,3,1,1,1,0,3.24,1
4024,18,0,1,3,19.14,2,0,3,1,0,1,0,2.69,2
3100,17,1,3,3,0.72,14,0,2,0,1,0,1,2.31,3
1230,15,1,1,1,17.85,23,0,1,0,0,0,1,2.21,3
5203,18,1,1,3,17.31,28,1,3,0,0,0,0,2.37,3
3749,16,1,0,1,2.53,20,0,3,0,0,0,1,3.01,1
2279,15,0,2,3,3.53,25,0,2,0,1,0,0,2.4,3
2152,15,1,1,3,11.16,4,0,3,1,0,0,0,2.66,2
3826,16,0,3,1,14.29,4,0,0,1,0,0,1,3.23,1
2040,17,0,3,3,7.81,10,0,1,1,0,0,1,3.49,1
2776,18,1,0,2,7.69,19,0,4,0,1,1,0,3.15,1
1171,18,1,1,2,3.38,9,0,2,1,0,0,0,2.74,2
5635,15,0,0,3,8.14,18,1,3,0,0,0,1,2.82,2
1402,18,1,3,1,3.06,24,0,3,0,0,0,1,2.95,2
1971,18,0,2,2,17.68,1,1,3,0,0,0,0,4.0,0
5271,16,1,0,2,9.89,12,1,4,1,0,1,0,3.12,1
3668,18,0,2,3,10.58,5,1,2,0,0,0,1,3.1,1
3047,16,1,2,2,11.42,25,0,3,0,0,0,0,1.53,4
1135,17,0,3,0,15.41,29,0,1,1,1,1,0,1.78,4
3043,15,1,1,3,4.31,22,1,4,1,1,0,1,3.99,0
2153,18,0,0,2,11.31,14,1,0,1,0,0,1,2.16,3
3090,15,1,0,2,19.21,24,1,3,0,0,0,1,3.47,1
4311,17,1,1,2,7.27,14,0,2,0,1,0,0,1.79,4
1263,15,1,1,3,11.48,24,0,3,0,1,1,0,3.36,1
2605,18,0,1,2,4.3,9,1,3,1,1,0,0,3.41,1
4899,17,0,0,4,2.28,24,0,3,1,0,0,1,2.09,3
3869,18,0,0,2,10.28,10,0,3,1,0,1,1,3.82,0
3355,16,0,0,2,5.36,22,0,3,1,0,0,1,2.34,3
2879,18,1,2,3,4.55,13,1,1,1,0,1,1,2.26,3
5914,15,1,1,3,7.26,29,0,3,0,1,0,1,2.14,3
4983,16,0,1,1,2.46,13,0,3,1,1,1,0,2.97,2
1569,17,0,2,4,3.08,23,1,1,1,1,1,1,2.89,2
2358,17,0,1,4,11.67,21,0,2,0,1,1,1,2.63,2
1729,15,0,0,1,7.86,3,0,4,0,1,0,0,3.5,0
4434,17,1,3,2,15.31,21,1,1,1,0,0,0,3.0,1
5491,17,0,1,4,18.65,0,0,2,0,0,0,1,3.06,1
3495,15,1,3,1,5.32,29,1,2,0,1,1,0,2.67,2
4090,18,1,3,2,2.22,23,0,1,1,1,0,1,2.18,3
5461,16,1,2,4,6.73,26,1,4,0,0,1,0,3.35,1
4810,16,1,0,1,16.31,16,0,0,0,1,0,1,2.28,3
1893,15,0,1,3,17.09,17,0,2,0,1,1,1,3.58,0
4262,18,1,0,2,6.03,0,1,1,0,0,0,1,3.08,1
4800,15,1,1,3,19.56,1,1,2,0,0,0,0,3.18,1
4822,16,0,3,1,5.57,9,0,3,1,1,0,0,2.95,2
2464,17,0,0,2,13.95,3,1,4,0,1,0,1,3.41,1
2790,16,0,1,3,19.11,21,1,1,1,1,1,0,2.45,3
3164,18,1,2,1,18.3,16,0,2,1,1,1,0,2.55,2
2170,17,1,0,1,12.99,15,0,3,0,0,1,0,2.81,2
2919,17,0,1,1,19.15,15,1,2,0,0,0,1,3.0,1
5910,17,1,0,1,15.7,2,0,4,1,0,0,0,4.0,0
5528,16,1,0,2,5.83,28,0,2,1,0,1,1,2.28,3
1499,15,1,1,1,1.16,18,0,3,1,1,0,0,3.15,1
5588,15,1,1,1,18.07,9,0,2,0,0,1,0,2.84,2
1586,17,1,0,2,5.78,19,0,2,0,0,0,1,2.41,3
3039,16,1,1,2,19.55,5,1,3,1,0,1,1,3.29,1
3096,17,0,1,1,18.67,16,0,1,1,1,1,0,3.34,1
1922,17,0,3,2,18.56,2,1,2,1,1,1,0,2.23,3
5166,17,0,2,2,15.68,20,0,2,0,0,0,0,2.71,2
3203,17,1,1,1,8.37,27,1,2,1,1,1,1,3.05,1
1645,18,0,1,1,4.98,1,1,0,1,0,0,0,3.14,1
1605,17,1,0,2,5.29,22,0,1,1,0,0,0,2.55,2
2785,17,0,2,3,9.89,3,1,0,1,0,1,0,2.84,2
5305,15,0,2,2,14.71,29,0,2,0,1,0,1,2.64,2
3215,16,1,0,3,13.89,11,0,4,1,0,1,0,3.45,1
1201,17,1,0,2,12.74,8,0,1,0,0,0,1,2.21,3
3494,18,1,1,1,1.09,16,0,3,1,0,1,0,2.55,2
3937,18,1,1,2,13.13,7,0,1,0,1,1,1,3.25,1
2080,15,1,0,3,1.4,29,1,2,1,0,0,0,1.3800000000000003,4
2471,15,0,2,1,6.85,19,0,2,1,1,0,0,3.35,1
3035,15,0,1,4,9.67,27,1,2,1,1,0,1,3.01,1
1735,16,1,2,2,10.13,1,0,3,1,0,1,0,1.99,4
2145,18,0,2,0,9.57,24,1,2,1,0,0,0,3.3,1
1784,18,0,0,3,7.84,12,0,2,1,1,0,0,3.09,1
5228,18,0,3,0,9.89,8,0,3,1,1,0,0,2.26,3
1944,15,1,3,2,2.84,27,1,1,0,0,1,0,2.11,3
5187,16,1,2,2,16.25,20,1,2,0,0,0,1,3.32,1
5171,18,1,0,3,14.75,23,0,2,1,1,0,1,3.32,1
5162,16,0,1,1,9.11,23,0,3,1,0,1,1,2.43,3
5180,17,1,0,1,10.87,2,0,2,1,1,1,0,3.39,1
5739,17,1,0,4,14.22,1,1,2,1,0,0,1,4.0,0
5844,16,1,2,2,17.18,0,1,2,0,0,1,0,2.94,2
3396,18,1,0,2,19.64,20,1,4,1,0,1,0,2.52,2
3184,16,1,2,2,6.11,2,0,2,0,0,0,0,1.97,4
1157,17,0,0,1,4.95,4,1,3,0,0,0,0,3.49,1
4110,16,0,2,1,3.19,15,1,3,1,1,0,0,3.36,1
2949,18,1,3,2,1.58,26,1,2,0,1,0,0,2.61,2
5738,15,1,0,4,13.84,15,1,2,0,1,1,0,3.79,0
3186,17,0,3,3,4.26,2,1,2,1,1,1,0,3.07,1
4055,17,1,2,0,2.63,15,0,3,1,1,0,1,2.37,3
5750,15,0,3,4,12.71,13,0,4,1,0,0,1,3.29,1
4506,16,0,2,4,15.4,11,0,1,1,0,0,0,2.45,3
2518,17,1,2,1,18.49,18,0,3,1,1,1,0,3.21,1
2926,15,0,0,4,18.5,4,0,2,1,1,0,1,3.61,0
3256,18,1,1,2,15.65,8,0,2,1,0,0,1,1.68,4
3861,17,0,0,2,18.85,15,0,1,0,1,0,1,2.84,2
3722,15,1,3,1,6.14,12,0,2,1,1,1,0,2.25,3
3959,17,1,0,2,1.53,4,0,3,1,0,1,0,2.15,3
1610,18,1,1,4,11.05,14,0,4,1,0,0,1,2.68,2
4246,16,0,2,3,13.19,29,0,2,1,0,1,1,2.82,2
3890,17,0,1,3,15.38,3,1,1,1,0,1,1,3.23,1
4231,16,1,0,0,3.85,2,1,4,1,0,1,1,2.82,2
5306,18,1,0,3,11.03,11,0,0,0,1,1,0,2.51,2
1790,17,1,0,2,19.19,2,0,4,0,0,0,0,4.0,0
3228,15,1,0,1,15.96,11,0,1,1,0,0,0,2.62,2
5731,16,1,0,4,9.97,2,0,4,1,1,0,0,2.9,2
1662,17,1,0,0,2.19,19,0,4,0,0,0,0,2.31,3
2529,16,0,0,2,2.17,4,0,3,1,0,1,0,1.81,4
4268,17,0,0,3,10.29,28,0,2,1,1,1,1,2.87,2
5892,16,1,0,2,0.3,0,1,2,1,0,0,0,3.68,0
2465,17,1,2,3,4.49,24,1,3,0,0,0,0,2.8,2
4366,16,1,2,3,3.38,8,0,4,1,1,1,0,3.43,1
3301,15,1,0,4,8.67,20,1,2,1,1,1,1,2.82,2
2300,16,1,0,1,13.12,9,0,2,1,1,1,0,3.31,1
3290,15,0,2,0,10.94,10,0,1,1,0,0,1,2.31,3
3312,18,1,1,3,11.91,19,0,3,1,1,0,0,3.08,1
5326,15,1,3,4,18.91,0,0,3,1,0,1,1,2.95,2
5333,17,1,1,1,11.82,17,0,3,1,1,1,1,2.65,2
3259,18,1,2,2,16.2,17,0,2,0,1,1,1,2.45,3
1778,18,0,0,3,12.85,7,1,3,0,1,0,0,3.09,1
3227,17,0,3,2,11.37,20,0,1,0,1,1,0,3.38,1
1229,15,0,0,1,16.6,6,1,4,1,0,0,1,4.0,0
5800,17,0,3,3,6.85,28,1,1,0,0,0,0,2.56,2
5885,16,0,0,2,12.08,0,0,2,0,0,0,1,3.13,1
1528,16,1,0,1,14.2,12,0,1,1,1,1,0,2.8,2
2133,16,1,1,2,18.15,12,0,3,0,0,0,0,3.45,1
4184,18,1,3,1,4.17,25,1,4,1,0,0,1,3.03,1
2533,16,0,3,4,6.33,26,1,2,1,1,0,1,2.67,2
1636,16,0,0,4,0.52,13,1,3,1,1,1,0,2.74,2
4143,17,1,1,2,14.54,4,0,2,1,1,0,1,4.0,0
5405,18,1,0,2,15.55,3,0,1,0,1,0,0,3.05,1
1306,15,0,1,3,1.52,10,1,2,1,1,1,1,3.74,0
5375,17,1,0,4,14.15,5,0,2,1,1,1,1,3.45,1
1260,17,1,3,1,12.83,9,1,1,1,0,0,0,3.12,1
2077,16,1,0,2,5.3,9,1,2,1,0,0,0,3.47,1
4368,16,1,2,3,6.4,7,0,4,0,0,0,1,3.12,1
2047,17,0,0,0,18.44,7,0,2,0,1,0,1,2.57,2
4159,18,0,1,4,6.32,4,1,0,0,1,0,1,3.03,1
5138,16,1,0,1,1.02,25,0,4,1,0,0,0,2.82,2
3921,15,0,1,4,1.1,10,1,2,0,1,1,1,2.07,3
1976,16,0,3,2,17.11,17,0,3,1,1,0,0,2.35,3
3388,18,0,3,2,9.52,15,1,2,0,1,0,0,3.07,1
4919,18,1,1,4,9.9,6,0,2,0,0,0,1,2.75,2
2936,18,0,1,1,9.07,25,0,2,1,0,0,0,2.28,3
3941,15,0,0,1,12.89,16,1,3,1,0,1,1,3.35,1
5464,17,0,1,0,12.22,15,0,3,1,0,0,0,3.78,0
1126,18,1,1,3,5.47,15,1,4,0,1,0,1,3.12,1
3577,15,1,1,0,0.55,5,0,4,1,0,0,1,2.56,2
4433,15,1,0,1,0.02,11,1,1,1,0,0,1,2.92,2
1052,16,0,2,2,15.52,9,1,2,1,1,0,1,3.69,0
4551,15,0,3,2,17.64,29,0,3,1,0,1,0,2.5,2
5052,16,0,1,2,0.09,21,0,2,1,0,1,1,2.5,2
1651,17,1,2,4,0.52,28,1,3,1,0,1,0,2.97,2
1116,18,1,1,1,16.54,15,0,3,1,0,1,0,3.07,1
3745,15,0,1,4,7.09,22,0,2,1,0,0,0,2.91,2
5544,18,1,1,1,3.86,25,0,2,0,0,0,0,2.33,3
5618,15,0,3,2,5.78,17,0,3,1,0,0,0,2.38,3
5402,17,1,0,2,10.0,13,1,3,1,1,1,0,3.29,1
1248,15,1,3,3,5.22,26,0,3,0,1,1,0,2.63,2
5074,15,1,1,4,9.35,10,0,3,0,1,0,0,3.0,1
5747,16,0,2,2,17.97,21,0,2,1,1,0,0,3.33,1
3270,18,1,0,1,8.48,15,1,1,0,0,0,0,2.88,2
2586,16,0,1,3,16.97,27,1,2,1,1,1,0,2.31,3
2741,18,0,0,2,10.34,24,0,3,0,0,0,1,3.5,0
1461,16,0,2,2,3.39,23,0,4,0,0,0,0,2.79,2
4790,15,1,2,3,8.67,13,0,1,0,1,0,1,3.33,1
3880,18,0,0,1,8.38,11,0,3,1,0,1,1,2.72,2
5261,17,0,1,2,8.06,23,1,4,1,0,0,1,2.89,2
4016,18,1,2,3,17.52,14,0,2,1,0,0,0,2.52,2
3092,18,1,3,1,13.66,10,0,4,1,1,0,1,3.95,0
1025,18,0,3,3,2.0,22,0,4,0,1,1,0,2.91,2
4511,16,1,0,2,10.92,9,0,2,1,1,0,1,3.27,1
4408,18,1,0,4,16.82,10,0,4,0,0,1,1,3.15,1
2755,15,1,0,2,13.64,26,1,4,1,0,0,0,2.78,2
2809,18,0,0,0,14.47,22,0,3,1,1,0,1,2.96,2
3928,16,1,3,2,0.98,24,1,1,0,1,0,0,2.46,3
2670,18,1,0,0,6.97,13,0,0,1,1,0,0,2.29,3
2254,16,1,0,4,4.72,13,1,0,1,1,0,0,2.59,2
1677,18,0,1,4,6.1,18,0,2,0,0,0,0,3.05,1
4030,17,1,2,1,14.22,6,1,1,0,0,0,1,2.54,2
1424,17,0,1,2,14.19,25,0,4,1,0,0,1,3.12,1
2354,16,1,1,2,19.18,10,0,4,0,0,1,0,3.87,0
5099,16,0,3,3,2.16,21,0,1,1,1,0,1,2.26,3
5004,17,1,1,2,1.59,26,0,3,1,0,0,0,2.86,2
3615,16,0,0,4,14.3,7,0,2,0,1,0,1,3.78,0
1621,18,0,0,2,8.56,22,0,2,1,0,1,0,1.81,4
1439,17,0,0,2,14.01,23,0,4,1,0,1,1,2.77,2
1032,15,0,1,4,18.95,10,1,2,0,0,0,0,2.86,2
4736,16,0,3,1,17.78,27,1,0,1,1,0,1,3.24,1
2639,15,0,0,2,6.97,1,0,3,0,1,1,0,3.71,0
3823,15,0,1,1,13.54,6,0,2,0,0,0,0,3.12,1
2208,16,0,0,1,5.79,7,0,2,0,1,0,1,2.87,2
5716,17,0,1,1,2.11,7,0,3,0,0,0,1,3.03,1
4200,18,0,0,1,8.98,13,1,4,0,0,0,0,2.58,2
1795,15,1,1,1,3.14,13,0,2,0,1,1,1,3.23,1
4638,15,0,1,2,9.62,6,0,3,1,0,0,1,3.14,1
4785,16,0,1,1,17.73,0,0,2,1,1,0,1,2.74,2
5104,16,0,2,2,6.84,1,0,2,1,0,0,0,3.35,1
1285,16,0,1,1,10.73,17,1,1,1,0,0,1,1.78,4
4759,17,1,0,1,11.74,17,0,4,1,0,1,1,3.21,1
4139,15,0,1,4,4.55,25,0,2,1,0,1,0,2.01,3
2393,18,0,2,3,12.34,29,0,1,1,0,1,0,2.79,2
4636,18,1,2,3,11.02,13,0,2,0,0,0,0,2.55,2
5711,17,0,0,2,6.57,30,0,3,0,0,1,0,2.38,3
2554,18,0,0,3,19.27,12,1,3,0,0,0,0,3.98,0
2930,17,1,1,1,15.91,29,1,1,1,1,0,1,2.96,2
1081,17,1,0,2,13.4,21,1,4,1,0,1,1,3.05,1
3204,17,1,0,3,7.63,17,0,1,1,1,0,0,3.53,0
3491,17,1,0,3,18.59,15,0,4,0,1,1,0,3.03,1
5905,17,1,3,3,1.75,11,0,2,1,0,0,1,2.52,2
2413,15,0,3,1,14.16,3,1,4,0,1,0,1,3.3,1
1106,16,0,0,1,17.66,25,0,1,0,0,1,0,3.08,1
5782,16,0,0,4,12.42,20,0,3,0,1,0,0,2.71,2
5256,18,1,0,4,7.14,24,0,3,0,1,1,1,2.72,2
2010,18,1,0,2,7.6,14,0,3,1,0,0,1,3.7,0
3779,17,0,3,3,7.09,3,0,1,1,0,0,0,3.12,1
5020,18,0,2,1,2.43,20,0,3,1,1,0,1,2.39,3
2495,16,0,3,2,1.94,20,0,3,1,0,1,1,1.89,4
4973,17,1,0,3,13.7,27,1,3,0,0,0,1,3.12,1
3970,15,1,3,1,2.96,0,0,2,1,1,0,0,2.61,2
1452,16,1,0,4,4.76,9,0,4,1,0,1,1,3.85,0
2241,15,0,3,1,10.02,21,0,3,1,0,0,0,2.69,2
2140,15,0,2,4,2.25,1,0,3,1,1,0,0,4.0,0
5962,15,0,1,3,3.88,21,1,4,1,0,1,1,3.31,1
4430,16,1,0,2,2.66,0,0,3,0,1,1,0,4.0,0
2429,16,0,0,0,8.88,4,0,3,1,1,0,1,3.0,1
1209,16,0,3,0,2.68,3,1,2,0,0,1,0,3.99,0
1942,15,1,0,3,5.48,13,1,4,0,0,0,1,3.07,1
2487,17,1,3,2,19.33,28,1,2,1,1,0,0,3.34,1
3601,16,0,2,1,6.55,13,1,1,0,0,0,0,2.89,2
4732,18,1,2,2,17.24,22,0,3,0,1,0,1,2.9,2
1859,16,0,0,3,0.48,3,0,3,0,1,0,0,3.71,0
1092,18,1,0,1,12.79,10,1,3,0,1,0,1,2.93,2
4880,17,1,0,4,1.68,1,0,2,1,1,0,1,2.96,2
5746,17,0,2,2,13.93,9,1,3,0,1,1,0,2.78,2
3074,16,1,0,4,6.43,20,1,1,1,1,1,0,3.13,1
4974,17,0,0,4,14.09,26,1,0,0,0,0,1,2.58,2
4286,18,0,2,4,11.04,17,0,1,1,1,1,1,2.98,2
3747,15,1,0,1,19.74,28,0,4,1,0,0,1,3.41,1
5778,18,1,3,0,10.37,25,1,3,0,1,0,1,3.65,0
1673,16,0,1,1,3.96,0,1,2,0,0,0,1,3.37,1
3906,17,0,3,2,18.62,16,0,2,1,1,0,1,3.05,1
1371,18,1,0,2,3.74,12,1,3,1,1,0,1,3.67,0
1273,18,0,0,4,7.24,4,0,2,0,1,1,0,3.18,1
5116,17,0,1,2,9.28,3,1,2,1,1,1,1,2.95,2
2782,18,0,1,2,8.71,10,0,3,0,0,0,0,2.16,3
4350,17,1,1,2,5.33,12,1,4,1,0,0,1,1.99,4
4804,16,1,3,2,8.45,12,0,3,0,1,0,1,3.49,1
3335,15,0,0,2,4.01,26,0,2,1,1,0,0,2.85,2
2127,18,1,1,3,17.77,26,0,2,1,0,1,0,2.78,2
3034,16,1,1,2,16.96,28,0,3,1,1,0,1,3.32,1
5529,18,0,3,3,18.5,13,0,2,1,0,0,0,3.51,0
5295,15,1,3,3,19.03,12,0,1,0,0,1,0,3.54,0
4594,15,0,3,4,15.87,2,0,3,1,0,1,1,3.46,1
2561,17,1,0,2,0.01,17,0,4,1,1,1,1,2.1,3
4730,15,0,0,1,10.07,1,0,2,1,0,0,0,3.42,1
3293,17,1,0,4,4.87,2,1,2,1,0,0,0,2.85,2
3421,15,1,0,4,18.44,24,1,2,1,1,0,0,3.21,1
2473,15,0,1,4,5.7,23,1,2,1,0,0,1,2.96,2
3163,17,0,1,2,11.78,30,0,0,0,0,0,1,2.49,3
4099,16,1,1,2,5.51,6,1,4,0,0,1,0,3.34,1
3525,17,0,0,0,3.7,27,0,4,1,0,0,1,2.25,3
2210,15,1,0,2,6.76,22,0,2,1,0,0,0,2.12,3
3713,16,0,0,3,17.3,28,1,0,1,0,0,1,1.91,4
2391,16,1,0,0,5.03,12,1,2,0,0,0,1,2.54,2
2667,18,0,0,2,12.55,19,0,2,1,1,0,0,3.0,1
1471,15,0,2,2,1.09,6,0,0,0,1,0,0,2.73,2
2045,16,0,2,2,7.2,0,0,3,1,1,0,1,3.13,1
4329,16,0,3,2,2.08,22,1,3,0,0,1,0,3.13,1
2651,17,0,0,2,0.61,12,1,3,1,1,0,0,3.2,1
5611,15,0,2,2,1.06,29,0,0,1,1,1,0,2.68,2
4829,15,0,0,0,17.55,20,1,2,1,1,0,0,3.02,1
4076,18,0,0,3,16.92,11,0,2,1,1,0,1,3.43,1
4021,16,1,1,2,9.52,8,0,3,1,1,0,1,2.97,2
2713,15,1,2,3,9.87,3,0,1,0,0,0,1,2.85,2
2559,17,0,2,1,16.31,3,1,4,1,1,1,1,3.46,1
4787,17,0,1,3,2.88,17,0,3,1,0,0,0,1.97,4
3624,18,1,2,1,19.79,6,1,2,1,1,0,0,3.35,1
2691,16,0,2,1,14.35,18,1,2,1,1,0,0,3.27,1
2665,17,0,3,3,4.59,23,0,1,1,0,0,0,2.77,2
3673,16,0,3,2,14.25,21,1,2,0,0,0,0,2.5,2
3540,17,1,0,1,7.22,2,0,1,1,0,0,0,2.84,2
1438,18,0,2,2,0.7,11,0,3,1,0,1,0,2.98,2
1550,17,1,0,1,16.17,0,1,3,0,0,0,0,2.69,2
4811,16,0,0,3,12.4,24,0,4,0,1,0,1,3.42,1
4204,15,0,0,3,16.39,15,1,3,1,1,0,0,3.55,0
3144,15,0,0,1,12.73,13,0,3,0,0,0,0,2.21,3
4916,16,0,1,3,9.83,5,0,3,0,1,1,0,3.36,1
3348,16,0,1,3,13.95,26,1,2,1,0,0,0,2.66,2
1308,16,0,0,1,18.62,20,0,3,0,0,1,0,3.2,1
2286,16,0,1,1,12.94,6,0,3,0,1,1,1,3.44,1
2539,16,1,1,2,12.27,2,0,2,1,1,0,1,2.23,3
4547,15,1,2,2,9.27,21,0,3,1,1,0,1,3.28,1
1063,15,0,1,2,1.84,8,0,3,0,1,0,1,1.96,4
4263,15,0,2,3,1.6,6,1,3,0,0,0,0,3.89,0
1189,17,0,3,1,4.28,18,0,2,1,0,1,0,2.83,2
4409,16,1,1,1,6.92,9,0,1,0,1,1,0,2.58,2
1703,15,1,1,1,8.18,8,0,2,0,1,1,1,3.51,0
2424,17,0,0,2,14.29,6,0,1,1,0,1,1,3.03,1
2173,17,1,0,4,17.03,21,0,2,0,0,0,0,1.74,4
4838,16,1,1,3,7.95,6,0,2,0,0,0,1,2.51,2
4158,17,1,0,1,0.26,5,0,2,0,1,1,0,2.84,2
1529,16,1,1,4,10.55,9,1,4,1,1,1,1,2.39,3
4486,15,0,2,4,9.24,26,0,2,1,1,0,1,3.3,1
3911,18,1,3,2,3.37,0,0,2,1,0,0,0,3.67,0
1955,17,1,0,4,3.02,10,1,1,1,0,1,0,2.72,2
2772,17,1,3,1,17.89,19,0,3,0,0,0,0,3.37,1
4138,16,0,3,0,17.66,21,0,0,1,1,0,0,1.93,4
5856,18,0,1,4,15.92,11,1,3,0,0,0,0,3.85,0
4343,18,0,0,2,16.2,3,1,3,0,0,1,1,2.63,2
5601,15,0,0,1,4.09,18,1,2,0,0,0,0,2.37,3
5463,18,1,2,1,14.33,0,0,2,0,1,0,0,2.34,3
3589,16,1,1,4,7.25,7,1,3,1,0,0,1,2.96,2
3337,17,0,0,1,0.15,22,0,1,0,1,0,0,1.74,4
1759,15,0,1,2,2.34,13,1,1,1,1,1,0,3.02,1
4378,18,1,0,4,11.78,19,0,2,1,0,0,1,3.42,1
1850,16,1,1,1,8.88,22,0,2,0,1,0,1,2.52,2
2960,17,0,3,4,18.23,16,1,3,1,0,0,0,3.38,1
1851,17,0,0,2,3.54,12,0,4,1,0,0,1,3.32,1
3763,17,0,0,2,6.99,13,1,2,1,1,0,0,3.65,0
2967,15,1,2,4,10.68,5,0,2,0,0,0,1,3.61,0
2733,17,0,3,2,5.11,25,1,0,0,0,0,0,2.76,2
4779,15,1,2,3,16.09,5,1,4,0,0,0,1,3.63,0
3591,16,1,0,4,5.42,4,0,2,1,0,0,0,3.09,1
3712,17,0,0,1,14.69,19,1,3,0,0,0,0,1.68,4
4718,16,1,2,3,0.33,29,0,2,1,1,1,0,2.45,3
2920,15,1,1,3,16.45,4,1,1,1,1,0,1,3.37,1
5270,18,0,0,2,15.35,6,1,2,0,0,0,1,2.96,2
5576,15,1,0,2,3.86,21,0,2,0,0,1,0,2.96,2
4846,16,1,2,1,17.39,0,1,2,1,1,0,1,2.57,2
5387,17,1,3,3,8.9,30,1,4,1,1,1,1,3.4,1
3718,17,1,3,3,6.53,18,1,0,1,1,0,0,3.03,1
2701,15,0,1,1,17.03,8,0,2,1,0,1,0,2.66,2
3556,16,1,1,2,5.03,15,0,2,1,0,0,1,2.36,3
5505,18,0,0,0,7.15,10,1,3,1,0,1,0,3.39,1
3447,15,1,1,2,2.79,10,0,2,1,1,1,1,3.39,1
5594,18,0,0,2,1.42,13,0,2,1,1,0,0,3.12,1
4080,17,0,1,4,13.55,9,0,3,0,0,0,0,2.63,2
1071,16,0,1,4,18.66,15,0,4,1,1,0,0,4.0,0
4153,18,1,0,0,8.65,25,0,4,1,1,0,0,2.35,3
5874,18,0,0,3,8.68,26,1,2,1,1,0,1,2.69,2
2253,18,0,0,4,1.94,18,0,2,1,0,0,0,2.74,2
1622,16,1,3,1,16.85,8,0,1,1,0,1,0,3.07,1
1218,15,0,2,2,1.95,10,0,2,0,1,0,1,2.08,3
5475,17,1,3,2,6.39,0,1,3,0,1,0,0,2.98,2
2988,18,1,1,1,5.63,25,0,2,1,1,1,1,2.84,2
3783,17,1,3,1,8.58,25,1,3,0,0,0,1,3.04,1
1503,15,1,0,3,7.29,30,0,3,1,0,0,0,3.02,1
2756,18,1,1,2,12.68,13,0,4,0,1,1,0,3.46,1
5960,18,1,0,2,10.04,16,0,1,1,1,0,1,3.12,1
2096,16,0,2,2,19.6,26,0,3,1,1,0,0,3.34,1
1571,16,1,3,3,17.48,24,0,3,1,0,0,1,3.68,0
5455,17,1,3,2,11.29,11,0,2,0,1,0,1,2.4,3
4648,15,1,0,3,10.15,26,1,2,1,0,0,1,3.26,1
1054,18,1,0,2,17.81,26,0,4,0,0,1,1,3.3,1
3771,17,1,1,3,14.17,15,0,1,0,0,1,0,2.08,3
1380,15,1,0,3,4.01,23,0,2,1,0,1,1,3.12,1
1035,16,1,0,3,12.18,1,0,2,0,0,1,0,3.83,0
4321,18,0,0,3,4.74,2,0,1,1,1,1,1,2.71,2
1393,18,1,3,3,5.83,18,1,4,0,0,1,1,2.89,2
4982,15,0,1,3,16.45,19,1,4,1,0,0,1,3.28,1
5410,16,1,1,2,6.84,13,0,4,0,1,0,1,3.58,0
3340,15,1,1,1,0.28,23,1,2,0,0,0,1,2.34,3
4793,17,1,0,3,14.73,16,0,1,0,0,0,1,3.02,1
5868,17,1,0,2,10.92,10,0,2,1,1,1,0,3.91,0
5605,16,0,2,3,19.97,18,0,2,1,0,0,1,2.99,2
4445,16,0,0,1,14.35,5,1,2,1,1,0,1,4.0,0
3398,17,0,3,1,12.77,6,0,2,1,1,1,1,2.96,2
4771,16,1,0,2,11.9,5,0,3,1,1,1,1,2.63,2
3818,17,1,3,4,12.55,2,1,3,0,0,0,1,3.49,1
2408,15,0,0,2,3.98,22,1,2,1,0,0,1,2.03,3
3853,17,1,2,4,12.27,26,1,4,1,1,0,0,2.48,3
5645,18,1,0,3,13.79,5,1,2,0,1,0,0,3.69,0
4497,16,1,3,4,19.79,20,0,2,0,0,0,0,3.56,0
1983,18,1,3,4,17.85,8,0,0,1,1,0,0,3.43,1
3423,15,1,0,1,5.91,8,0,1,1,1,1,0,3.65,0
2392,16,1,1,1,6.19,3,0,1,1,0,1,1,2.09,3
1860,17,1,1,3,9.89,23,0,2,0,1,1,0,2.56,2
3910,17,1,1,4,9.26,25,0,1,1,0,0,0,2.22,3
5438,18,0,0,2,0.54,18,1,2,1,0,1,0,2.6,2
2964,16,0,1,1,13.24,7,1,3,0,0,1,0,3.08,1
3571,16,0,0,4,18.54,11,1,1,1,0,0,1,3.11,1
5752,15,1,0,1,3.16,3,0,3,1,0,1,0,3.8,0
4446,16,0,2,4,2.86,24,1,3,1,0,0,0,2.47,3
2877,15,1,0,3,1.83,12,1,3,0,0,0,1,2.29,3
3413,16,1,0,1,3.25,15,0,3,1,0,1,0,2.22,3
4152,16,1,2,0,17.94,9,1,2,0,1,0,0,3.0,1
2428,17,1,2,3,11.97,29,1,4,1,0,0,0,3.32,1
2903,15,1,0,3,8.98,21,1,4,1,1,1,1,3.25,1
5395,18,0,0,2,19.92,25,1,4,1,0,1,1,2.55,2
4362,16,1,0,2,12.6,11,0,2,0,0,1,0,2.63,2
1925,15,1,0,3,0.29,10,0,3,1,1,0,1,2.58,2
4251,17,0,3,3,3.44,23,0,3,1,0,0,1,2.8,2
1208,18,0,1,1,15.27,30,1,1,1,0,0,0,3.36,1
4220,18,1,2,2,14.04,17,0,2,1,1,0,1,3.24,1
2102,16,1,2,4,0.9,12,1,2,1,1,1,0,2.93,2
2008,15,0,0,4,1.22,30,0,4,0,0,1,1,1.77,4
4852,15,0,1,2,1.15,16,1,3,1,1,1,0,3.55,0
1178,17,1,0,2,5.79,3,1,1,1,0,1,1,2.9,2
5487,18,1,0,0,19.44,17,0,0,1,1,0,0,2.87,2
2868,15,1,0,0,5.94,22,1,3,1,1,0,0,3.29,1
4272,17,1,0,2,8.29,8,0,2,0,0,0,1,2.79,2
3908,15,0,2,3,8.56,29,0,4,1,1,0,0,2.22,3
4113,16,1,3,1,0.93,22,1,1,0,0,1,0,2.14,3
5719,18,0,0,1,18.32,16,0,4,1,1,0,1,3.93,0
5634,15,0,2,3,10.15,2,1,4,1,1,1,0,2.96,2
5646,15,0,2,2,19.03,2,0,2,1,1,1,1,4.0,0
1725,15,0,0,3,18.44,17,1,3,0,1,1,0,3.56,0
3095,17,1,0,3,17.23,7,1,2,0,0,1,0,3.33,1
1342,18,1,3,2,7.87,17,0,0,1,0,1,1,2.47,3
1600,16,1,2,2,4.03,19,1,2,0,0,0,1,2.97,2
3103,15,0,3,4,12.65,12,0,2,1,1,0,0,2.82,2
3539,18,0,1,1,18.97,9,0,2,1,0,0,0,3.78,0
4499,16,0,0,2,2.6,25,0,3,1,1,1,0,3.1,1
1951,17,0,0,1,18.96,22,0,1,0,1,0,1,2.56,2
2466,16,0,0,0,1.37,8,0,0,1,1,1,0,2.67,2
1811,17,0,0,3,2.27,17,1,4,0,1,0,1,2.54,2
2878,16,0,0,2,8.65,9,1,2,0,1,0,0,2.93,2
1520,16,1,1,3,12.18,9,0,3,1,1,1,0,3.88,0
5371,16,1,2,4,0.78,30,1,4,1,1,1,0,2.85,2
3258,16,0,0,2,19.39,1,0,1,0,0,0,0,3.31,1
4451,18,1,2,3,3.14,3,1,2,1,0,0,0,3.04,1
2468,16,0,0,3,3.39,23,1,3,0,1,0,1,1.96,4
5542,18,0,0,2,11.43,2,1,3,0,1,0,1,3.16,1
3766,18,0,1,2,6.23,28,1,3,1,0,1,0,2.6,2
3050,15,0,1,1,2.74,3,0,3,1,1,1,1,3.36,1
3288,15,1,0,1,4.64,30,0,3,1,1,0,0,2.58,2
1345,17,1,3,4,14.4,14,0,2,1,0,1,1,3.0,1
1100,15,0,0,1,0.53,26,1,2,1,1,1,0,2.61,2
4593,17,1,1,4,7.32,11,0,3,0,0,0,1,3.01,1
4320,16,0,1,2,3.21,22,0,2,0,0,0,1,2.73,2
4358,17,0,1,4,10.08,3,1,2,0,0,0,0,3.24,1
3116,16,0,3,1,7.97,11,1,3,1,1,1,0,3.19,1
3753,17,1,0,1,11.49,28,1,3,1,1,0,0,2.17,3
3969,17,0,1,3,8.6,20,0,2,0,0,1,0,3.18,1
5035,17,1,1,2,6.56,24,0,3,0,1,1,0,2.29,3
3891,16,0,0,3,7.08,7,0,3,1,1,0,1,2.09,3
1684,18,1,0,3,15.19,13,1,4,1,0,0,1,1.71,4
4412,17,0,3,1,19.34,0,0,1,0,0,0,0,3.29,1
3608,15,1,1,4,9.5,9,0,2,0,0,0,1,2.57,2
3715,16,1,0,1,5.78,20,1,1,0,1,1,0,2.15,3
2626,17,1,0,1,11.48,14,1,2,1,0,0,0,2.14,3
1502,15,0,0,0,13.77,4,0,1,1,0,1,0,2.82,2
2710,16,1,3,2,9.62,22,1,3,0,1,0,0,2.05,3
5981,16,1,0,1,17.8,4,0,2,1,0,1,1,2.1,3
1870,16,1,1,2,6.84,23,0,3,0,1,1,1,2.1,3
5360,17,0,2,3,1.76,4,0,1,0,0,0,1,2.09,3
2900,16,1,1,1,17.25,13,1,1,1,0,0,1,3.53,0
5539,17,1,0,4,5.64,24,0,3,0,0,0,0,2.48,3
3947,15,0,1,2,8.14,10,1,2,0,0,0,0,3.02,1
4240,17,0,0,4,6.3,0,1,2,1,0,0,0,3.21,1
5583,15,0,0,2,15.02,6,0,1,1,0,1,1,2.84,2
5571,18,1,1,1,9.64,26,0,0,0,0,0,0,2.17,3
2757,15,1,2,3,8.54,18,1,3,0,0,1,0,3.25,1
5575,15,1,0,2,15.5,24,1,2,1,0,0,0,3.69,0
1680,16,0,0,1,6.41,19,0,4,1,0,0,0,2.57,2
4959,15,0,1,3,7.78,25,0,4,0,0,0,0,3.13,1
5267,15,1,0,4,0.64,28,0,0,1,0,1,0,1.92,4
4410,15,0,0,3,12.36,16,1,2,0,1,0,1,2.92,2
1504,18,0,1,2,18.77,29,1,4,1,0,0,1,4.0,0
4015,18,1,2,4,4.16,27,0,4,1,0,0,1,3.03,1
4526,15,1,0,4,18.05,24,1,3,1,0,0,1,3.05,1
4381,15,0,1,1,1.17,1,0,2,1,0,1,1,2.41,3
1895,18,0,1,3,5.54,20,0,1,1,1,1,0,2.02,3
3082,18,1,2,3,12.86,5,1,1,1,0,0,1,3.17,1
2614,15,1,0,4,0.95,26,1,4,0,0,0,0,2.92,2
5014,15,1,0,3,1.55,16,0,3,1,0,0,1,2.89,2
1087,16,1,2,3,16.15,21,1,3,1,1,1,0,3.35,1
1576,16,1,0,4,11.51,23,1,3,1,1,1,0,4.0,0
2592,17,1,0,4,16.11,28,0,2,1,1,0,0,2.52,2
5098,16,0,0,4,12.16,25,1,3,0,1,0,1,3.26,1
5521,17,1,0,3,17.9,11,1,2,1,1,0,1,3.35,1
3582,17,0,0,4,7.38,28,1,2,0,0,0,1,3.03,1
3408,17,1,3,1,9.79,10,0,4,1,1,0,0,3.71,0
1712,16,0,3,1,18.86,5,0,3,1,1,0,0,3.69,0
1835,15,0,2,2,16.05,12,1,2,0,1,0,0,4.0,0
2819,16,0,3,3,10.44,5,0,1,1,0,1,0,3.41,1
3945,18,0,0,1,7.88,7,0,4,0,1,0,0,3.19,1
4737,15,0,0,4,9.08,10,0,1,0,1,1,0,3.68,0
5837,16,0,3,2,10.22,3,1,4,0,0,0,1,3.73,0
5956,17,1,0,3,19.93,3,0,3,0,0,0,0,3.26,1
2843,18,1,0,4,16.49,1,0,1,1,1,1,0,2.45,3
5830,17,1,2,3,13.57,30,1,4,0,0,0,1,3.67,0
4243,18,1,0,1,0.41,3,1,3,1,1,1,1,3.43,1
4776,18,0,0,4,14.92,0,0,4,1,0,0,0,3.08,1
3637,17,0,0,3,0.33,8,1,0,1,0,0,0,2.63,2
3266,15,0,0,2,3.54,11,1,1,1,0,0,0,2.95,2
5928,18,0,3,2,5.24,19,1,1,0,0,0,1,1.83,4
1086,17,0,1,3,2.0,8,0,3,0,0,0,1,2.58,2
5115,18,1,0,1,7.2,8,1,2,1,1,1,0,2.54,2
1589,18,0,3,3,2.22,29,0,3,0,1,0,0,2.05,3
5323,18,0,1,3,7.91,14,0,2,1,1,0,1,2.51,2
1411,17,1,2,3,14.96,20,0,4,1,1,1,0,3.9,0
2504,17,1,0,2,8.54,8,0,4,1,1,1,1,3.23,1
4187,17,1,0,1,1.31,13,0,3,1,1,0,0,1.41,4
4645,16,0,1,3,16.63,26,0,2,1,0,0,0,2.37,3
3953,16,0,1,3,1.35,14,0,2,1,0,0,0,2.47,3
2931,18,1,0,3,12.44,9,1,2,0,1,1,0,2.72,2
5540,18,0,1,2,4.38,10,0,4,0,1,0,1,3.15,1
4789,16,0,0,3,19.78,25,1,3,0,1,1,0,3.39,1
5079,16,0,2,2,1.99,10,0,1,0,1,0,0,2.28,3
2340,16,1,0,2,7.67,10,0,2,1,0,1,0,3.31,1
4711,16,1,2,2,16.5,27,0,0,0,1,0,1,1.71,4
5321,15,0,0,1,9.53,14,0,3,0,0,0,0,2.77,2
4374,17,0,2,3,18.92,4,0,3,1,1,0,0,3.27,1
1463,16,0,0,4,7.38,3,0,2,0,1,1,0,3.13,1
1053,17,1,0,4,1.68,8,1,2,1,1,0,0,2.64,2
1046,18,0,1,3,11.65,18,0,2,1,0,1,1,2.29,3
5903,18,0,0,1,2.61,12,0,3,0,0,0,1,3.12,1
5616,15,0,3,4,3.46,21,0,3,1,1,0,1,2.53,2
1250,17,1,1,0,5.43,22,0,1,1,0,0,1,2.51,2
3829,17,1,1,2,7.17,16,1,0,1,1,0,0,3.23,1
3825,16,0,1,4,2.29,22,0,1,0,0,0,1,2.21,3
3079,17,1,1,0,14.79,8,0,3,1,0,1,1,3.13,1
3932,17,0,2,3,10.34,24,1,3,0,1,1,1,2.52,2
1479,15,1,2,2,19.07,18,1,0,1,1,1,0,2.86,2
4902,17,1,3,3,9.82,17,0,2,0,0,0,1,3.17,1
3553,15,1,2,1,7.87,13,1,1,0,0,0,0,2.46,3
5372,18,0,0,3,14.85,11,1,2,1,1,0,0,3.05,1
5775,15,0,2,3,14.2,14,0,3,0,1,0,0,3.28,1
5522,17,1,1,4,13.71,16,0,2,1,1,1,0,2.83,2
3781,17,1,1,3,1.56,15,0,2,1,1,0,0,2.85,2
1034,16,1,1,4,18.38,5,0,3,1,0,0,1,2.8,2
5440,18,1,2,2,17.7,11,1,2,0,1,0,1,3.62,0
3638,16,1,1,3,3.48,17,0,2,1,0,0,0,2.52,2
1805,16,0,0,4,8.7,7,0,2,1,0,1,0,3.3,1
3697,18,1,1,1,2.5,3,1,3,1,1,0,0,2.87,2
1931,17,0,0,4,0.78,27,1,4,1,1,1,1,2.52,2
5670,18,1,2,2,17.04,5,0,3,0,1,0,1,3.58,0
2336,16,0,2,2,19.41,5,0,2,0,0,1,0,2.7,2
5943,18,1,0,1,19.56,2,0,0,1,1,0,0,2.17,3
1597,15,1,0,2,2.59,6,0,4,1,1,1,1,2.81,2
5779,15,0,0,2,6.49,14,0,0,1,0,1,1,2.32,3
2106,18,1,0,1,6.57,28,1,2,1,0,1,0,3.22,1
2019,18,1,1,2,19.87,3,0,2,1,0,0,1,3.83,0
1632,18,0,1,3,9.29,26,0,1,1,1,1,0,2.96,2
2076,15,1,0,2,3.52,13,0,2,1,1,1,1,3.2,1
5745,16,1,0,1,17.79,27,0,2,1,1,0,1,2.91,2
1754,16,1,2,3,7.68,2,0,3,0,1,0,0,2.81,2
3534,16,0,1,2,18.13,13,0,2,1,1,0,1,3.46,1
5758,18,1,3,3,10.43,22,0,1,0,1,1,1,3.17,1
1699,16,0,3,3,12.44,7,1,2,0,0,1,0,2.87,2
4671,18,1,3,1,6.97,20,1,4,1,0,0,0,2.75,2
4496,15,1,3,2,17.78,30,0,2,0,0,1,0,2.71,2
2854,15,0,2,3,19.1,19,0,2,1,0,0,1,3.21,1
4530,16,0,1,1,13.45,27,0,3,0,0,1,1,2.5,2
3727,18,0,0,3,3.31,23,1,4,0,1,0,0,2.01,3
3500,18,1,2,3,18.69,26,1,4,1,0,1,1,3.24,1
4774,18,0,1,3,11.43,8,0,1,0,1,0,0,2.98,2
2680,16,1,1,1,7.9,26,0,4,0,1,1,0,3.21,1
2345,17,1,1,2,6.9,12,1,2,1,1,0,0,3.65,0
2719,16,1,0,1,5.95,21,0,2,0,1,0,0,1.91,4
3943,15,1,3,0,12.36,4,0,0,0,1,1,0,3.77,0
2038,17,1,3,1,16.2,29,0,4,0,0,0,0,3.12,1
5238,17,0,0,1,2.78,28,0,1,0,1,0,0,2.06,3
3213,16,1,0,4,12.44,8,0,3,1,0,1,1,3.26,1
5398,16,1,1,0,15.38,13,1,3,1,1,0,0,2.11,3
2305,16,1,0,0,12.69,25,1,1,0,0,1,0,3.23,1
3903,15,0,0,0,18.06,28,1,2,1,1,1,0,1.84,4
1231,16,0,2,2,3.74,7,1,4,0,0,0,1,2.04,3
5732,15,1,2,1,9.36,23,0,2,0,0,1,0,3.16,1
1114,16,1,2,2,0.17,30,0,2,1,0,0,1,2.03,3
4922,17,1,0,0,1.36,29,1,4,0,0,0,1,3.45,1
4867,16,0,1,3,4.71,20,0,4,1,1,1,1,3.17,1
4770,18,0,0,1,16.87,17,1,1,0,1,0,0,4.0,0
3066,18,1,1,2,11.24,15,1,2,0,1,1,1,3.11,1
1551,15,0,0,2,9.82,28,0,4,0,0,1,0,2.36,3
5753,15,1,1,2,1.05,9,1,3,1,0,0,1,3.34,1
1112,17,0,3,0,14.88,15,1,2,0,0,0,1,2.82,2
4033,17,1,0,2,14.01,4,0,2,0,1,0,1,3.34,1
1772,15,0,2,3,1.93,28,0,2,0,1,0,0,2.12,3
2213,16,0,1,3,9.95,11,1,1,1,1,1,1,3.6,0
2326,15,1,0,2,4.69,12,0,3,1,1,0,0,2.77,2
3162,15,1,1,3,12.68,21,0,2,1,0,1,1,3.94,0
5197,17,0,2,1,3.54,28,0,4,1,0,1,0,2.29,3
2350,15,0,2,4,2.48,2,0,3,0,1,0,0,2.32,3
1506,15,0,0,2,16.89,25,1,2,0,0,0,1,3.64,0
2498,18,0,0,2,2.45,16,1,1,1,0,0,0,3.1,1
2753,16,0,0,3,3.86,11,1,2,1,1,1,0,2.96,2
2718,17,0,1,3,4.65,13,0,2,0,1,1,1,3.07,1
4978,18,1,2,2,14.26,25,0,4,0,0,1,0,2.14,3
2893,15,0,3,1,0.15,28,0,3,0,1,1,0,2.29,3
3414,17,1,2,4,4.6,9,0,3,0,1,0,0,2.99,2
4710,17,0,2,3,9.22,0,0,4,1,1,0,0,3.35,1
4372,15,1,1,1,14.2,29,1,4,1,1,1,1,3.69,0
4728,16,0,0,3,1.88,18,0,1,0,1,1,0,2.56,2
2441,15,1,0,1,7.9,13,0,2,0,0,0,1,2.93,2
3107,17,1,0,3,14.53,4,0,3,1,1,0,0,3.89,0
4304,17,0,0,3,17.41,27,0,2,0,1,0,1,2.86,2
3136,15,1,2,2,19.04,27,0,2,1,1,0,0,2.74,2
2577,17,0,3,3,14.62,3,1,1,1,0,1,0,4.0,0
5175,18,0,0,4,3.69,20,1,1,1,0,0,1,2.35,3
4066,16,0,0,3,15.02,5,1,2,1,1,1,1,2.67,2
2901,18,0,0,1,5.71,5,0,2,1,1,1,0,2.96,2
5687,17,0,0,2,9.12,27,0,1,0,0,1,1,2.07,3
4089,18,1,0,3,7.45,13,1,4,1,0,0,0,3.67,0
4639,16,0,1,3,16.54,3,0,2,0,0,0,0,2.83,2
5353,17,0,3,1,1.54,28,1,4,0,1,1,0,2.46,3
5888,17,1,2,1,14.95,13,1,1,0,1,0,0,3.5,0
1457,16,1,0,1,17.33,25,0,4,0,0,0,0,2.49,3
4691,16,0,1,2,11.01,23,0,3,1,1,0,1,3.21,1
2565,17,1,0,3,18.06,10,0,2,1,0,1,0,2.71,2
3004,18,0,2,3,8.99,30,1,4,1,1,0,0,3.38,1
1917,16,0,3,1,5.26,1,0,3,1,1,0,0,3.04,1
5176,17,0,0,4,7.42,18,1,2,1,0,0,1,2.84,2
5030,16,1,1,1,0.04,18,1,2,0,1,0,1,2.76,2
5454,16,1,0,4,7.85,5,0,2,1,1,0,0,3.14,1
4805,16,0,2,3,5.07,18,0,3,1,0,0,1,2.45,3
5105,15,0,0,3,9.19,7,1,2,0,1,1,0,3.64,0
3790,18,1,1,2,5.55,29,1,2,1,0,1,0,2.0,3
2946,18,0,2,3,2.4,12,0,2,1,0,1,0,1.85,4
4394,18,0,2,4,9.15,5,1,4,0,0,0,0,3.09,1
2892,16,1,3,1,10.46,8,0,3,0,0,0,1,3.67,0
1602,18,0,0,1,19.33,17,1,3,0,1,1,1,2.99,2
1873,16,0,1,2,13.03,2,1,3,0,1,0,0,3.26,1
1720,18,1,0,1,14.76,0,1,3,1,1,1,1,3.28,1
3848,18,0,1,4,7.08,12,0,4,1,1,1,0,2.29,3
2845,16,1,3,4,12.67,0,0,2,1,0,0,1,3.35,1
4338,16,1,1,2,4.16,28,0,2,1,1,1,1,2.65,2
2161,18,1,0,1,10.84,20,0,4,1,1,1,1,3.73,0
4704,16,0,0,2,14.04,12,0,3,1,1,1,0,2.8,2
3140,16,1,0,4,14.42,25,0,0,1,0,1,0,2.19,3
3049,17,1,0,3,10.52,12,0,2,0,0,0,0,3.1,1
1156,16,0,0,2,13.61,0,1,2,0,0,1,0,3.45,1
4337,16,1,3,4,15.36,4,0,1,1,0,1,0,2.79,2
3444,18,0,1,1,2.94,4,0,1,0,1,0,1,2.86,2
4883,15,1,0,3,12.6,27,1,2,0,1,1,0,2.64,2
1241,16,1,3,2,19.88,4,0,1,0,1,0,1,3.55,0
1184,17,0,3,2,10.28,22,0,4,0,0,1,0,2.78,2
3484,18,0,1,1,2.97,4,0,3,1,1,0,1,2.5,2
2089,18,0,2,2,12.91,11,1,2,1,0,0,0,2.61,2
4609,17,1,1,1,18.62,5,0,1,1,1,0,0,2.38,3
1475,17,1,0,3,10.17,28,0,2,1,0,1,1,2.99,2
3515,15,1,1,3,13.39,17,0,3,0,1,1,0,3.88,0
5652,18,1,0,2,9.65,4,1,2,1,1,0,1,3.18,1
2214,16,0,0,0,8.56,8,1,1,1,1,1,0,2.73,2
2085,16,0,0,3,15.14,23,0,3,0,0,0,0,2.81,2
3555,15,1,1,3,18.43,20,1,1,1,0,1,1,3.48,1
1674,16,0,0,1,16.39,13,0,3,1,0,0,1,3.32,1
2836,16,0,0,1,2.62,11,0,2,0,0,1,1,2.38,3
5773,16,0,0,2,0.49,20,1,2,1,1,0,0,3.17,1
5392,16,0,3,3,15.76,10,1,0,0,1,0,0,3.14,1
4014,17,1,0,1,14.91,26,1,3,1,1,0,1,3.62,0
3721,16,1,1,2,18.01,22,0,4,0,1,1,1,3.85,0
5545,15,0,0,2,19.98,15,0,2,0,1,0,0,2.91,2
3193,16,1,1,4,7.05,10,0,3,0,1,1,1,3.16,1
3115,15,1,1,4,13.02,26,0,1,1,1,1,1,2.1,3
4580,15,1,0,3,6.3,29,1,2,1,1,1,0,2.69,2
1267,18,0,0,2,3.65,3,0,3,0,0,0,1,2.31,3
5044,18,1,0,1,10.21,29,0,3,1,0,0,1,3.02,1
4059,17,0,1,3,8.27,29,0,3,0,1,1,0,2.93,2
2679,16,1,1,2,0.58,8,1,4,0,1,0,1,1.89,4
